/* UserInfo */
insert into user_info (id_user_info, first_name, last_name, icon_path, phone_number, primary_address) values (1, 'Gallard', 'McEachern', 'http://dummyimage.com/124x100.png/ff4444/ffffff', '720-998-9680', '67 Nelson Hill');
insert into user_info (id_user_info, first_name, last_name, icon_path, phone_number, primary_address) values (2, 'Phillipp', 'Hankard', 'http://dummyimage.com/216x100.png/cc0000/ffffff', '247-785-2944', '0347 Elka Way');
insert into user_info (id_user_info, first_name, last_name, icon_path, phone_number, primary_address) values (3, 'Nina', 'Cruz', 'http://dummyimage.com/138x100.png/dddddd/000000', '721-405-1462', '59 Monterey Way');
insert into user_info (id_user_info, first_name, last_name, icon_path, phone_number, primary_address) values (4, 'Leigh', 'Tidey', 'http://dummyimage.com/215x100.png/5fa2dd/ffffff', '219-629-9432', '78403 Sundown Junction');
insert into user_info (id_user_info, first_name, last_name, icon_path, phone_number, primary_address) values (5, 'Micheline', 'Betts', 'http://dummyimage.com/128x100.png/dddddd/000000', '685-152-2915', '490 Charing Cross Court');
insert into user_info (id_user_info, first_name, last_name, icon_path, phone_number, primary_address) values (6, 'Collin', 'Salvadore', 'http://dummyimage.com/116x100.png/dddddd/000000', '529-524-1629', '3398 Ludington Trail');
insert into user_info (id_user_info, first_name, last_name, icon_path, phone_number, primary_address) values (7, 'Byron', 'Bertelet', 'http://dummyimage.com/155x100.png/ff4444/ffffff', '990-291-2884', '8998 Evergreen Way');
insert into user_info (id_user_info, first_name, last_name, icon_path, phone_number, primary_address) values (8, 'Veriee', 'Yurikov', 'http://dummyimage.com/138x100.png/ff4444/ffffff', '397-982-4825', '501 Rockefeller Avenue');
insert into user_info (id_user_info, first_name, last_name, icon_path, phone_number, primary_address) values (9, 'Jeremie', 'Lamswood', 'http://dummyimage.com/140x100.png/5fa2dd/ffffff', '743-573-4250', '55345 Vernon Court');
insert into user_info (id_user_info, first_name, last_name, icon_path, phone_number, primary_address) values (10, 'Timmi', 'Wallace', 'http://dummyimage.com/119x100.png/5fa2dd/ffffff', '548-816-1984', '15003 Maryland Road');
insert into user_info (id_user_info, first_name, last_name, icon_path, phone_number, primary_address) values (11, 'Dorelle', 'Diglin', 'http://dummyimage.com/212x100.png/cc0000/ffffff', '889-145-7446', '33 Brown Pass');
insert into user_info (id_user_info, first_name, last_name, icon_path, phone_number, primary_address) values (12, 'Loree', 'Royle', 'http://dummyimage.com/175x100.png/ff4444/ffffff', '892-533-1963', '765 Killdeer Court');
insert into user_info (id_user_info, first_name, last_name, icon_path, phone_number, primary_address) values (13, 'Laurel', 'MacLennan', 'http://dummyimage.com/221x100.png/5fa2dd/ffffff', '529-202-1541', '63303 Stephen Lane');
insert into user_info (id_user_info, first_name, last_name, icon_path, phone_number, primary_address) values (14, 'Ram', 'Luxton', 'http://dummyimage.com/117x100.png/ff4444/ffffff', '538-514-8042', '43 Blackbird Drive');
insert into user_info (id_user_info, first_name, last_name, icon_path, phone_number, primary_address) values (15, 'Silvio', 'Scholard', 'http://dummyimage.com/246x100.png/5fa2dd/ffffff', '665-968-1196', '221 Kedzie Road');
insert into user_info (id_user_info, first_name, last_name, icon_path, phone_number, primary_address) values (16, 'Burty', 'Mc Gee', 'http://dummyimage.com/151x100.png/dddddd/000000', '588-143-1615', '42404 Jay Crossing');
insert into user_info (id_user_info, first_name, last_name, icon_path, phone_number, primary_address) values (17, 'Clemence', 'Calkin', 'http://dummyimage.com/150x100.png/ff4444/ffffff', '343-790-7380', '41 Pine View Parkway');
insert into user_info (id_user_info, first_name, last_name, icon_path, phone_number, primary_address) values (18, 'Damon', 'MacTrustram', 'http://dummyimage.com/133x100.png/5fa2dd/ffffff', '657-390-2155', '392 Haas Pass');
insert into user_info (id_user_info, first_name, last_name, icon_path, phone_number, primary_address) values (19, 'Sallyann', 'Eliesco', 'http://dummyimage.com/152x100.png/5fa2dd/ffffff', '653-612-1619', '49 Pine View Hill');
insert into user_info (id_user_info, first_name, last_name, icon_path, phone_number, primary_address) values (20, 'Hilarius', 'Beavon', 'http://dummyimage.com/234x100.png/ff4444/ffffff', '182-565-0560', '64 Rockefeller Plaza');
insert into user_info (id_user_info, first_name, last_name, icon_path, phone_number, primary_address) values (21, 'Laverne', 'Loisi', 'http://dummyimage.com/217x100.png/cc0000/ffffff', '147-905-7946', '927 Myrtle Pass');
insert into user_info (id_user_info, first_name, last_name, icon_path, phone_number, primary_address) values (22, 'Brod', 'Dewdney', 'http://dummyimage.com/201x100.png/dddddd/000000', '447-458-7052', '22989 Sauthoff Plaza');
insert into user_info (id_user_info, first_name, last_name, icon_path, phone_number, primary_address) values (23, 'Gaye', 'Kemery', 'http://dummyimage.com/168x100.png/cc0000/ffffff', '329-225-4150', '5800 Division Plaza');
insert into user_info (id_user_info, first_name, last_name, icon_path, phone_number, primary_address) values (24, 'Alair', 'Sadgrove', 'http://dummyimage.com/128x100.png/ff4444/ffffff', '621-253-6270', '2652 Schlimgen Avenue');
insert into user_info (id_user_info, first_name, last_name, icon_path, phone_number, primary_address) values (25, 'Chick', 'Moreland', 'http://dummyimage.com/113x100.png/5fa2dd/ffffff', '357-919-6228', '7199 Lyons Center');
insert into user_info (id_user_info, first_name, last_name, icon_path, phone_number, primary_address) values (26, 'Hayley', 'Cordrey', 'http://dummyimage.com/223x100.png/5fa2dd/ffffff', '954-765-4125', '3979 Badeau Road');
insert into user_info (id_user_info, first_name, last_name, icon_path, phone_number, primary_address) values (27, 'Kristina', 'Horsley', 'http://dummyimage.com/215x100.png/ff4444/ffffff', '410-322-3253', '08 Bartelt Park');
insert into user_info (id_user_info, first_name, last_name, icon_path, phone_number, primary_address) values (28, 'Beverlie', 'MacGill', 'http://dummyimage.com/170x100.png/5fa2dd/ffffff', '218-351-8593', '67 Bowman Park');
insert into user_info (id_user_info, first_name, last_name, icon_path, phone_number, primary_address) values (29, 'Fairfax', 'MacMeanma', 'http://dummyimage.com/103x100.png/cc0000/ffffff', '957-860-3129', '0 Nelson Way');
insert into user_info (id_user_info, first_name, last_name, icon_path, phone_number, primary_address) values (30, 'Florella', 'Auten', 'http://dummyimage.com/111x100.png/cc0000/ffffff', '311-364-2578', '5950 Jana Trail');
insert into user_info (id_user_info, first_name, last_name, icon_path, phone_number, primary_address) values (31, 'Gabriel', 'Atkirk', 'http://dummyimage.com/225x100.png/ff4444/ffffff', '338-229-0831', '051 Miller Lane');
insert into user_info (id_user_info, first_name, last_name, icon_path, phone_number, primary_address) values (32, 'Rosalyn', 'Lebreton', 'http://dummyimage.com/122x100.png/ff4444/ffffff', '669-504-0703', '5038 Clemons Plaza');
insert into user_info (id_user_info, first_name, last_name, icon_path, phone_number, primary_address) values (33, 'Roxine', 'Gehrels', 'http://dummyimage.com/191x100.png/cc0000/ffffff', '524-508-5745', '3535 Corscot Park');
insert into user_info (id_user_info, first_name, last_name, icon_path, phone_number, primary_address) values (34, 'Michelina', 'Lofting', 'http://dummyimage.com/188x100.png/ff4444/ffffff', '947-994-9466', '359 Kingsford Park');
insert into user_info (id_user_info, first_name, last_name, icon_path, phone_number, primary_address) values (35, 'Ora', 'Grierson', 'http://dummyimage.com/177x100.png/ff4444/ffffff', '771-303-8164', '9293 Eastlawn Court');
insert into user_info (id_user_info, first_name, last_name, icon_path, phone_number, primary_address) values (36, 'Kinsley', 'Dunstall', 'http://dummyimage.com/150x100.png/cc0000/ffffff', '937-543-3133', '8130 Bellgrove Drive');
insert into user_info (id_user_info, first_name, last_name, icon_path, phone_number, primary_address) values (37, 'Vernen', 'Aspray', 'http://dummyimage.com/233x100.png/ff4444/ffffff', '399-743-5964', '47 Melrose Alley');
insert into user_info (id_user_info, first_name, last_name, icon_path, phone_number, primary_address) values (38, 'Starlin', 'Gomer', 'http://dummyimage.com/210x100.png/5fa2dd/ffffff', '816-311-4323', '7830 Leroy Way');
insert into user_info (id_user_info, first_name, last_name, icon_path, phone_number, primary_address) values (39, 'Niki', 'Battell', 'http://dummyimage.com/235x100.png/ff4444/ffffff', '919-445-5605', '51205 Claremont Terrace');
insert into user_info (id_user_info, first_name, last_name, icon_path, phone_number, primary_address) values (40, 'Juliet', 'Lind', 'http://dummyimage.com/236x100.png/ff4444/ffffff', '362-772-8265', '38318 Corscot Pass');
insert into user_info (id_user_info, first_name, last_name, icon_path, phone_number, primary_address) values (41, 'Gothart', 'Febvre', 'http://dummyimage.com/183x100.png/cc0000/ffffff', '611-521-0275', '6 Myrtle Place');
insert into user_info (id_user_info, first_name, last_name, icon_path, phone_number, primary_address) values (42, 'Reade', 'Quayle', 'http://dummyimage.com/208x100.png/dddddd/000000', '615-601-3586', '82 Twin Pines Lane');
insert into user_info (id_user_info, first_name, last_name, icon_path, phone_number, primary_address) values (43, 'Darren', 'O''dell', 'http://dummyimage.com/121x100.png/5fa2dd/ffffff', '103-854-4301', '051 Veith Way');
insert into user_info (id_user_info, first_name, last_name, icon_path, phone_number, primary_address) values (44, 'Melisse', 'Bolger', 'http://dummyimage.com/246x100.png/ff4444/ffffff', '602-504-8393', '473 Almo Hill');
insert into user_info (id_user_info, first_name, last_name, icon_path, phone_number, primary_address) values (45, 'Daphne', 'Varvell', 'http://dummyimage.com/176x100.png/ff4444/ffffff', '275-163-4068', '282 Comanche Trail');
insert into user_info (id_user_info, first_name, last_name, icon_path, phone_number, primary_address) values (46, 'Ruy', 'Suatt', 'http://dummyimage.com/157x100.png/cc0000/ffffff', '445-950-2506', '10 Scofield Point');
insert into user_info (id_user_info, first_name, last_name, icon_path, phone_number, primary_address) values (47, 'Raina', 'Jirsa', 'http://dummyimage.com/133x100.png/cc0000/ffffff', '233-570-6762', '67 Mesta Avenue');
insert into user_info (id_user_info, first_name, last_name, icon_path, phone_number, primary_address) values (48, 'Vasili', 'Rentoul', 'http://dummyimage.com/247x100.png/cc0000/ffffff', '179-683-4231', '64816 Evergreen Circle');
insert into user_info (id_user_info, first_name, last_name, icon_path, phone_number, primary_address) values (49, 'Nickey', 'Knell', 'http://dummyimage.com/139x100.png/dddddd/000000', '437-313-1748', '5 Dryden Avenue');
insert into user_info (id_user_info, first_name, last_name, icon_path, phone_number, primary_address) values (50, 'Cinderella', 'Commucci', 'http://dummyimage.com/129x100.png/dddddd/000000', '749-124-3381', '5 Emmet Alley');
insert into user_info (id_user_info, first_name, last_name, icon_path, phone_number, primary_address) values (51, 'Kimberley', 'Sanderson', 'http://dummyimage.com/101x100.png/dddddd/000000', '691-361-9853', '0 Blaine Avenue');
insert into user_info (id_user_info, first_name, last_name, icon_path, phone_number, primary_address) values (52, 'Timmie', 'Sowden', 'http://dummyimage.com/209x100.png/dddddd/000000', '338-281-2534', '71214 3rd Trail');
insert into user_info (id_user_info, first_name, last_name, icon_path, phone_number, primary_address) values (53, 'Vitia', 'Bampforth', 'http://dummyimage.com/211x100.png/cc0000/ffffff', '532-797-5905', '0575 Bashford Road');
insert into user_info (id_user_info, first_name, last_name, icon_path, phone_number, primary_address) values (54, 'Olly', 'Stening', 'http://dummyimage.com/238x100.png/5fa2dd/ffffff', '120-839-9312', '970 Londonderry Park');
insert into user_info (id_user_info, first_name, last_name, icon_path, phone_number, primary_address) values (55, 'Eliot', 'Winchcombe', 'http://dummyimage.com/209x100.png/5fa2dd/ffffff', '902-390-8766', '55 Montana Crossing');
insert into user_info (id_user_info, first_name, last_name, icon_path, phone_number, primary_address) values (56, 'Rianon', 'Hicken', 'http://dummyimage.com/245x100.png/cc0000/ffffff', '992-622-5905', '23032 Hintze Street');
insert into user_info (id_user_info, first_name, last_name, icon_path, phone_number, primary_address) values (57, 'Josefa', 'Soans', 'http://dummyimage.com/246x100.png/ff4444/ffffff', '729-335-1621', '6 Northview Circle');
insert into user_info (id_user_info, first_name, last_name, icon_path, phone_number, primary_address) values (58, 'Tamarra', 'Pride', 'http://dummyimage.com/209x100.png/5fa2dd/ffffff', '977-649-8194', '905 Sullivan Circle');
insert into user_info (id_user_info, first_name, last_name, icon_path, phone_number, primary_address) values (59, 'Kerri', 'Hitzschke', 'http://dummyimage.com/184x100.png/ff4444/ffffff', '920-430-7882', '843 Ludington Pass');
insert into user_info (id_user_info, first_name, last_name, icon_path, phone_number, primary_address) values (60, 'Berkeley', 'Yearron', 'http://dummyimage.com/163x100.png/5fa2dd/ffffff', '824-982-3870', '0765 Armistice Avenue');
insert into user_info (id_user_info, first_name, last_name, icon_path, phone_number, primary_address) values (61, 'Almira', 'Gerriet', 'http://dummyimage.com/199x100.png/cc0000/ffffff', '464-401-4257', '21247 Little Fleur Alley');
insert into user_info (id_user_info, first_name, last_name, icon_path, phone_number, primary_address) values (62, 'Clarie', 'Serginson', 'http://dummyimage.com/174x100.png/ff4444/ffffff', '168-907-7605', '78 Elka Plaza');
insert into user_info (id_user_info, first_name, last_name, icon_path, phone_number, primary_address) values (63, 'Sianna', 'Peetermann', 'http://dummyimage.com/115x100.png/dddddd/000000', '298-617-5815', '0679 Tennessee Pass');
insert into user_info (id_user_info, first_name, last_name, icon_path, phone_number, primary_address) values (64, 'Sarajane', 'Leyban', 'http://dummyimage.com/138x100.png/ff4444/ffffff', '958-282-4585', '276 Dawn Plaza');
insert into user_info (id_user_info, first_name, last_name, icon_path, phone_number, primary_address) values (65, 'Lynn', 'Wills', 'http://dummyimage.com/107x100.png/5fa2dd/ffffff', '859-398-4848', '169 Merrick Street');
insert into user_info (id_user_info, first_name, last_name, icon_path, phone_number, primary_address) values (66, 'Lea', 'Wensley', 'http://dummyimage.com/105x100.png/dddddd/000000', '324-378-1040', '81 Annamark Circle');
insert into user_info (id_user_info, first_name, last_name, icon_path, phone_number, primary_address) values (67, 'Edvard', 'Rosetti', 'http://dummyimage.com/171x100.png/cc0000/ffffff', '290-919-0445', '871 Waywood Hill');
insert into user_info (id_user_info, first_name, last_name, icon_path, phone_number, primary_address) values (68, 'Correna', 'Arrell', 'http://dummyimage.com/169x100.png/dddddd/000000', '345-719-3549', '3203 Pine View Drive');
insert into user_info (id_user_info, first_name, last_name, icon_path, phone_number, primary_address) values (69, 'Silvester', 'Kunneke', 'http://dummyimage.com/204x100.png/ff4444/ffffff', '203-807-7641', '03695 Riverside Hill');
insert into user_info (id_user_info, first_name, last_name, icon_path, phone_number, primary_address) values (70, 'Yvette', 'Lashbrook', 'http://dummyimage.com/106x100.png/dddddd/000000', '981-606-6506', '40311 Tony Avenue');
insert into user_info (id_user_info, first_name, last_name, icon_path, phone_number, primary_address) values (71, 'Ethelind', 'Tigner', 'http://dummyimage.com/101x100.png/dddddd/000000', '501-575-5521', '967 Mcbride Point');
insert into user_info (id_user_info, first_name, last_name, icon_path, phone_number, primary_address) values (72, 'Delainey', 'Gallant', 'http://dummyimage.com/233x100.png/5fa2dd/ffffff', '724-510-1779', '66 Arapahoe Park');
insert into user_info (id_user_info, first_name, last_name, icon_path, phone_number, primary_address) values (73, 'Boycey', 'Layman', 'http://dummyimage.com/230x100.png/ff4444/ffffff', '572-264-0633', '611 Namekagon Place');
insert into user_info (id_user_info, first_name, last_name, icon_path, phone_number, primary_address) values (74, 'Bar', 'Witherow', 'http://dummyimage.com/237x100.png/5fa2dd/ffffff', '841-224-3539', '461 Valley Edge Street');
insert into user_info (id_user_info, first_name, last_name, icon_path, phone_number, primary_address) values (75, 'Ronica', 'Wainscot', 'http://dummyimage.com/243x100.png/cc0000/ffffff', '741-288-2729', '0 Shasta Hill');
insert into user_info (id_user_info, first_name, last_name, icon_path, phone_number, primary_address) values (76, 'Dorey', 'Ribou', 'http://dummyimage.com/202x100.png/ff4444/ffffff', '856-278-6468', '850 Walton Street');
insert into user_info (id_user_info, first_name, last_name, icon_path, phone_number, primary_address) values (77, 'Bernardina', 'Boutcher', 'http://dummyimage.com/224x100.png/ff4444/ffffff', '728-651-5289', '05122 Superior Junction');
insert into user_info (id_user_info, first_name, last_name, icon_path, phone_number, primary_address) values (78, 'Evangelin', 'Makeswell', 'http://dummyimage.com/180x100.png/dddddd/000000', '297-342-8325', '15 Forest Dale Crossing');
insert into user_info (id_user_info, first_name, last_name, icon_path, phone_number, primary_address) values (79, 'Anabelle', 'Ahrenius', 'http://dummyimage.com/248x100.png/cc0000/ffffff', '837-289-0235', '836 Blackbird Crossing');
insert into user_info (id_user_info, first_name, last_name, icon_path, phone_number, primary_address) values (80, 'Rasia', 'Gino', 'http://dummyimage.com/153x100.png/dddddd/000000', '868-647-6092', '999 Eastlawn Junction');
insert into user_info (id_user_info, first_name, last_name, icon_path, phone_number, primary_address) values (81, 'Yolanthe', 'Delph', 'http://dummyimage.com/117x100.png/5fa2dd/ffffff', '850-531-2106', '61 Anthes Lane');
insert into user_info (id_user_info, first_name, last_name, icon_path, phone_number, primary_address) values (82, 'Becka', 'Cheeld', 'http://dummyimage.com/243x100.png/5fa2dd/ffffff', '690-615-7305', '79 Mallory Plaza');
insert into user_info (id_user_info, first_name, last_name, icon_path, phone_number, primary_address) values (83, 'Margi', 'Dikelin', 'http://dummyimage.com/170x100.png/5fa2dd/ffffff', '522-675-5992', '55 Myrtle Parkway');
insert into user_info (id_user_info, first_name, last_name, icon_path, phone_number, primary_address) values (84, 'Brunhilda', 'Kingaby', 'http://dummyimage.com/122x100.png/cc0000/ffffff', '299-573-0252', '8108 Vernon Pass');
insert into user_info (id_user_info, first_name, last_name, icon_path, phone_number, primary_address) values (85, 'Peria', 'Gloy', 'http://dummyimage.com/101x100.png/dddddd/000000', '193-725-6101', '48738 Shopko Lane');
insert into user_info (id_user_info, first_name, last_name, icon_path, phone_number, primary_address) values (86, 'Heidi', 'Cuppleditch', 'http://dummyimage.com/129x100.png/ff4444/ffffff', '349-321-4221', '73618 Paget Crossing');
insert into user_info (id_user_info, first_name, last_name, icon_path, phone_number, primary_address) values (87, 'Dredi', 'Rothery', 'http://dummyimage.com/192x100.png/5fa2dd/ffffff', '394-344-6279', '49719 Kropf Parkway');
insert into user_info (id_user_info, first_name, last_name, icon_path, phone_number, primary_address) values (88, 'Lesly', 'Sissel', 'http://dummyimage.com/236x100.png/cc0000/ffffff', '590-291-6854', '810 Lindbergh Hill');
insert into user_info (id_user_info, first_name, last_name, icon_path, phone_number, primary_address) values (89, 'Tracey', 'Hambrick', 'http://dummyimage.com/146x100.png/5fa2dd/ffffff', '367-124-9422', '64 Randy Circle');
insert into user_info (id_user_info, first_name, last_name, icon_path, phone_number, primary_address) values (90, 'Justus', 'Asser', 'http://dummyimage.com/141x100.png/5fa2dd/ffffff', '697-660-3304', '49919 American Trail');
insert into user_info (id_user_info, first_name, last_name, icon_path, phone_number, primary_address) values (91, 'Amy', 'Kirkbright', 'http://dummyimage.com/161x100.png/ff4444/ffffff', '227-554-9117', '5992 Vernon Park');
insert into user_info (id_user_info, first_name, last_name, icon_path, phone_number, primary_address) values (92, 'Selia', 'Garwood', 'http://dummyimage.com/234x100.png/5fa2dd/ffffff', '610-686-5003', '1834 Mockingbird Way');
insert into user_info (id_user_info, first_name, last_name, icon_path, phone_number, primary_address) values (93, 'Courtney', 'Allflatt', 'http://dummyimage.com/178x100.png/ff4444/ffffff', '710-909-8977', '7177 Gerald Center');
insert into user_info (id_user_info, first_name, last_name, icon_path, phone_number, primary_address) values (94, 'Gray', 'Kearle', 'http://dummyimage.com/192x100.png/ff4444/ffffff', '522-642-9161', '285 Vernon Place');
insert into user_info (id_user_info, first_name, last_name, icon_path, phone_number, primary_address) values (95, 'Breena', 'Bareham', 'http://dummyimage.com/230x100.png/ff4444/ffffff', '796-525-5971', '791 Raven Parkway');
insert into user_info (id_user_info, first_name, last_name, icon_path, phone_number, primary_address) values (96, 'Sandy', 'Kisby', 'http://dummyimage.com/202x100.png/cc0000/ffffff', '264-107-3347', '9 Scofield Court');
insert into user_info (id_user_info, first_name, last_name, icon_path, phone_number, primary_address) values (97, 'Vanna', 'Franzotto', 'http://dummyimage.com/170x100.png/ff4444/ffffff', '269-234-3130', '36858 Bultman Park');
insert into user_info (id_user_info, first_name, last_name, icon_path, phone_number, primary_address) values (98, 'Berny', 'Gurys', 'http://dummyimage.com/206x100.png/cc0000/ffffff', '730-110-1988', '36 Redwing Hill');
insert into user_info (id_user_info, first_name, last_name, icon_path, phone_number, primary_address) values (99, 'Shelagh', 'Kalkofen', 'http://dummyimage.com/224x100.png/ff4444/ffffff', '133-895-3556', '41 Derek Place');
insert into user_info (id_user_info, first_name, last_name, icon_path, phone_number, primary_address) values (100, 'Lisle', 'Coraini', 'http://dummyimage.com/118x100.png/5fa2dd/ffffff', '140-775-7460', '91 Waubesa Court');
insert into user_info (id_user_info, first_name, last_name, icon_path, phone_number, primary_address) values (101, 'Payton', 'Feldfisher', 'http://dummyimage.com/228x100.png/cc0000/ffffff', '266-271-7999', '55439 Declaration Drive');
insert into user_info (id_user_info, first_name, last_name, icon_path, phone_number, primary_address) values (102, 'Briney', 'Oxer', 'http://dummyimage.com/219x100.png/ff4444/ffffff', '364-251-0682', '79 Harper Avenue');
insert into user_info (id_user_info, first_name, last_name, icon_path, phone_number, primary_address) values (103, 'Norina', 'Reichardt', 'http://dummyimage.com/162x100.png/cc0000/ffffff', '837-939-3378', '358 Schurz Center');
insert into user_info (id_user_info, first_name, last_name, icon_path, phone_number, primary_address) values (104, 'Hyacinthie', 'Eilles', 'http://dummyimage.com/102x100.png/cc0000/ffffff', '647-515-0726', '50 Thompson Way');
insert into user_info (id_user_info, first_name, last_name, icon_path, phone_number, primary_address) values (105, 'Margy', 'Chartres', 'http://dummyimage.com/192x100.png/ff4444/ffffff', '298-899-3505', '3482 Merry Court');
insert into user_info (id_user_info, first_name, last_name, icon_path, phone_number, primary_address) values (106, 'Elfrieda', 'Moakes', 'http://dummyimage.com/128x100.png/cc0000/ffffff', '500-600-1034', '94 Pond Crossing');
insert into user_info (id_user_info, first_name, last_name, icon_path, phone_number, primary_address) values (107, 'Filide', 'Bromehead', 'http://dummyimage.com/159x100.png/5fa2dd/ffffff', '247-686-1097', '596 Petterle Center');
insert into user_info (id_user_info, first_name, last_name, icon_path, phone_number, primary_address) values (108, 'Ethelyn', 'Maskall', 'http://dummyimage.com/145x100.png/dddddd/000000', '986-408-3677', '763 Anzinger Avenue');
insert into user_info (id_user_info, first_name, last_name, icon_path, phone_number, primary_address) values (109, 'Donni', 'Biaggioli', 'http://dummyimage.com/189x100.png/ff4444/ffffff', '273-285-3023', '89080 Sugar Pass');
insert into user_info (id_user_info, first_name, last_name, icon_path, phone_number, primary_address) values (110, 'Paloma', 'Greatland', 'http://dummyimage.com/125x100.png/cc0000/ffffff', '187-335-1108', '01252 Meadow Valley Alley');
insert into user_info (id_user_info, first_name, last_name, icon_path, phone_number, primary_address) values (111, 'Karrah', 'Rumble', 'http://dummyimage.com/135x100.png/5fa2dd/ffffff', '964-396-3862', '498 Ramsey Court');
insert into user_info (id_user_info, first_name, last_name, icon_path, phone_number, primary_address) values (112, 'Delphinia', 'Uvedale', 'http://dummyimage.com/221x100.png/5fa2dd/ffffff', '707-959-0905', '7 Carpenter Place');
insert into user_info (id_user_info, first_name, last_name, icon_path, phone_number, primary_address) values (113, 'Gerrie', 'Dunmore', 'http://dummyimage.com/189x100.png/ff4444/ffffff', '261-489-4306', '44175 Summer Ridge Pass');
insert into user_info (id_user_info, first_name, last_name, icon_path, phone_number, primary_address) values (114, 'Siusan', 'Jotcham', 'http://dummyimage.com/223x100.png/dddddd/000000', '404-239-4023', '70 Columbus Road');
insert into user_info (id_user_info, first_name, last_name, icon_path, phone_number, primary_address) values (115, 'Tamqrah', 'Boost', 'http://dummyimage.com/122x100.png/5fa2dd/ffffff', '845-298-0085', '60 Charing Cross Court');
insert into user_info (id_user_info, first_name, last_name, icon_path, phone_number, primary_address) values (116, 'Aguistin', 'Lowdiane', 'http://dummyimage.com/122x100.png/dddddd/000000', '377-254-7224', '7 Loomis Court');
insert into user_info (id_user_info, first_name, last_name, icon_path, phone_number, primary_address) values (117, 'Rudolfo', 'Aldine', 'http://dummyimage.com/245x100.png/ff4444/ffffff', '887-310-9137', '0 Brickson Park Place');
insert into user_info (id_user_info, first_name, last_name, icon_path, phone_number, primary_address) values (118, 'Gerty', 'Ranshaw', 'http://dummyimage.com/230x100.png/5fa2dd/ffffff', '171-739-9075', '95143 Steensland Court');
insert into user_info (id_user_info, first_name, last_name, icon_path, phone_number, primary_address) values (119, 'Sybila', 'Gillogley', 'http://dummyimage.com/198x100.png/dddddd/000000', '320-479-2648', '71 Ridgeview Lane');
insert into user_info (id_user_info, first_name, last_name, icon_path, phone_number, primary_address) values (120, 'Bondie', 'McDoual', 'http://dummyimage.com/154x100.png/ff4444/ffffff', '675-398-3787', '3724 Hollow Ridge Road');
insert into user_info (id_user_info, first_name, last_name, icon_path, phone_number, primary_address) values (121, 'Nicky', 'Ricks', 'http://dummyimage.com/176x100.png/5fa2dd/ffffff', '867-955-8154', '0 Mcbride Center');
insert into user_info (id_user_info, first_name, last_name, icon_path, phone_number, primary_address) values (122, 'Geoffrey', 'Wiltshaw', 'http://dummyimage.com/105x100.png/dddddd/000000', '650-894-4884', '98 Straubel Park');
insert into user_info (id_user_info, first_name, last_name, icon_path, phone_number, primary_address) values (123, 'Kiley', 'Rumsey', 'http://dummyimage.com/109x100.png/dddddd/000000', '785-195-7399', '5 La Follette Court');
insert into user_info (id_user_info, first_name, last_name, icon_path, phone_number, primary_address) values (124, 'Vidovik', 'Mustard', 'http://dummyimage.com/120x100.png/cc0000/ffffff', '156-609-1085', '786 Pleasure Plaza');
insert into user_info (id_user_info, first_name, last_name, icon_path, phone_number, primary_address) values (125, 'Caril', 'Schwanden', 'http://dummyimage.com/115x100.png/5fa2dd/ffffff', '667-499-4807', '54 Northview Place');
insert into user_info (id_user_info, first_name, last_name, icon_path, phone_number, primary_address) values (126, 'Royal', 'Warrick', 'http://dummyimage.com/151x100.png/cc0000/ffffff', '299-932-9746', '71927 Waywood Drive');
insert into user_info (id_user_info, first_name, last_name, icon_path, phone_number, primary_address) values (127, 'Merrily', 'Kyneton', 'http://dummyimage.com/213x100.png/cc0000/ffffff', '178-786-2115', '73 Onsgard Parkway');
insert into user_info (id_user_info, first_name, last_name, icon_path, phone_number, primary_address) values (128, 'Bronnie', 'Tomsu', 'http://dummyimage.com/215x100.png/ff4444/ffffff', '264-910-0568', '3 Fair Oaks Court');
insert into user_info (id_user_info, first_name, last_name, icon_path, phone_number, primary_address) values (129, 'Cora', 'Ransom', 'http://dummyimage.com/183x100.png/ff4444/ffffff', '983-509-7572', '2 Huxley Junction');
insert into user_info (id_user_info, first_name, last_name, icon_path, phone_number, primary_address) values (130, 'Idaline', 'Baldrick', 'http://dummyimage.com/199x100.png/5fa2dd/ffffff', '270-848-3486', '1408 Prentice Hill');
insert into user_info (id_user_info, first_name, last_name, icon_path, phone_number, primary_address) values (131, 'Joey', 'Sumpner', 'http://dummyimage.com/191x100.png/dddddd/000000', '633-585-0066', '28069 Ohio Plaza');
insert into user_info (id_user_info, first_name, last_name, icon_path, phone_number, primary_address) values (132, 'Den', 'Delia', 'http://dummyimage.com/207x100.png/5fa2dd/ffffff', '467-644-0784', '7768 Duke Plaza');
insert into user_info (id_user_info, first_name, last_name, icon_path, phone_number, primary_address) values (133, 'Josefina', 'Warlowe', 'http://dummyimage.com/231x100.png/5fa2dd/ffffff', '165-469-9259', '470 Sunbrook Drive');
insert into user_info (id_user_info, first_name, last_name, icon_path, phone_number, primary_address) values (134, 'Agnesse', 'Sainz', 'http://dummyimage.com/146x100.png/5fa2dd/ffffff', '321-754-3349', '7 Londonderry Parkway');
insert into user_info (id_user_info, first_name, last_name, icon_path, phone_number, primary_address) values (135, 'Meryl', 'Tuberfield', 'http://dummyimage.com/230x100.png/dddddd/000000', '628-275-2049', '24060 Blaine Place');
insert into user_info (id_user_info, first_name, last_name, icon_path, phone_number, primary_address) values (136, 'Renato', 'Maystone', 'http://dummyimage.com/152x100.png/5fa2dd/ffffff', '811-224-2136', '2 Porter Terrace');
insert into user_info (id_user_info, first_name, last_name, icon_path, phone_number, primary_address) values (137, 'Cletus', 'Kern', 'http://dummyimage.com/161x100.png/cc0000/ffffff', '903-526-2718', '8395 Coolidge Road');
insert into user_info (id_user_info, first_name, last_name, icon_path, phone_number, primary_address) values (138, 'Lind', 'Sidnall', 'http://dummyimage.com/114x100.png/5fa2dd/ffffff', '778-921-9894', '71776 Lawn Crossing');
insert into user_info (id_user_info, first_name, last_name, icon_path, phone_number, primary_address) values (139, 'Wenona', 'Echallie', 'http://dummyimage.com/113x100.png/dddddd/000000', '802-968-1961', '9079 Moland Court');
insert into user_info (id_user_info, first_name, last_name, icon_path, phone_number, primary_address) values (140, 'Rory', 'Milmoe', 'http://dummyimage.com/250x100.png/cc0000/ffffff', '980-378-3818', '62 Arapahoe Point');
insert into user_info (id_user_info, first_name, last_name, icon_path, phone_number, primary_address) values (141, 'Malvina', 'Withnall', 'http://dummyimage.com/197x100.png/cc0000/ffffff', '754-192-8690', '98 Lunder Pass');
insert into user_info (id_user_info, first_name, last_name, icon_path, phone_number, primary_address) values (142, 'Reinald', 'Kear', 'http://dummyimage.com/117x100.png/ff4444/ffffff', '891-334-6475', '1 Burrows Circle');
insert into user_info (id_user_info, first_name, last_name, icon_path, phone_number, primary_address) values (143, 'Free', 'Goulthorp', 'http://dummyimage.com/158x100.png/cc0000/ffffff', '752-175-5175', '5 Becker Junction');
insert into user_info (id_user_info, first_name, last_name, icon_path, phone_number, primary_address) values (144, 'Spense', 'Falshaw', 'http://dummyimage.com/115x100.png/5fa2dd/ffffff', '200-663-9342', '6 Maywood Junction');
insert into user_info (id_user_info, first_name, last_name, icon_path, phone_number, primary_address) values (145, 'Yard', 'Key', 'http://dummyimage.com/137x100.png/cc0000/ffffff', '983-767-0915', '83 Summit Crossing');
insert into user_info (id_user_info, first_name, last_name, icon_path, phone_number, primary_address) values (146, 'Lyn', 'Presswell', 'http://dummyimage.com/144x100.png/dddddd/000000', '650-827-8913', '28 Vahlen Trail');
insert into user_info (id_user_info, first_name, last_name, icon_path, phone_number, primary_address) values (147, 'Lynsey', 'Bloomfield', 'http://dummyimage.com/169x100.png/cc0000/ffffff', '269-452-3387', '2084 Anderson Circle');
insert into user_info (id_user_info, first_name, last_name, icon_path, phone_number, primary_address) values (148, 'Chanda', 'Honnicott', 'http://dummyimage.com/202x100.png/ff4444/ffffff', '856-753-6853', '24 Express Pass');
insert into user_info (id_user_info, first_name, last_name, icon_path, phone_number, primary_address) values (149, 'Myrilla', 'Molohan', 'http://dummyimage.com/204x100.png/ff4444/ffffff', '665-628-3393', '2102 Hermina Circle');
insert into user_info (id_user_info, first_name, last_name, icon_path, phone_number, primary_address) values (150, 'Nikita', 'Jozefiak', 'http://dummyimage.com/146x100.png/cc0000/ffffff', '252-931-5694', '270 Scoville Drive');
insert into user_info (id_user_info, first_name, last_name, icon_path, phone_number, primary_address) values (151, 'Rivi', 'Harlick', 'http://dummyimage.com/237x100.png/dddddd/000000', '506-659-3431', '22780 Southridge Street');
insert into user_info (id_user_info, first_name, last_name, icon_path, phone_number, primary_address) values (152, 'Sam', 'Burnhard', 'http://dummyimage.com/113x100.png/cc0000/ffffff', '700-545-5235', '5 Fisk Crossing');
insert into user_info (id_user_info, first_name, last_name, icon_path, phone_number, primary_address) values (153, 'Genni', 'McVity', 'http://dummyimage.com/162x100.png/5fa2dd/ffffff', '752-495-3213', '80191 Sachs Court');
insert into user_info (id_user_info, first_name, last_name, icon_path, phone_number, primary_address) values (154, 'Edgar', 'Dismore', 'http://dummyimage.com/134x100.png/ff4444/ffffff', '838-147-7155', '268 Ludington Parkway');
insert into user_info (id_user_info, first_name, last_name, icon_path, phone_number, primary_address) values (155, 'Fedora', 'McPeeters', 'http://dummyimage.com/201x100.png/cc0000/ffffff', '548-306-2944', '46349 Butternut Avenue');
insert into user_info (id_user_info, first_name, last_name, icon_path, phone_number, primary_address) values (156, 'Winfred', 'Benettolo', 'http://dummyimage.com/137x100.png/ff4444/ffffff', '895-347-5749', '4269 Ridgeway Circle');
insert into user_info (id_user_info, first_name, last_name, icon_path, phone_number, primary_address) values (157, 'Jaine', 'Bagenal', 'http://dummyimage.com/157x100.png/dddddd/000000', '898-415-3095', '8392 Westridge Crossing');
insert into user_info (id_user_info, first_name, last_name, icon_path, phone_number, primary_address) values (158, 'Lucho', 'Harhoff', 'http://dummyimage.com/129x100.png/ff4444/ffffff', '160-618-9340', '2 Sommers Circle');
insert into user_info (id_user_info, first_name, last_name, icon_path, phone_number, primary_address) values (159, 'Fee', 'Stanislaw', 'http://dummyimage.com/186x100.png/cc0000/ffffff', '573-575-0445', '4667 Rockefeller Drive');
insert into user_info (id_user_info, first_name, last_name, icon_path, phone_number, primary_address) values (160, 'Etty', 'Gauch', 'http://dummyimage.com/182x100.png/dddddd/000000', '246-725-8219', '065 Mallard Trail');
insert into user_info (id_user_info, first_name, last_name, icon_path, phone_number, primary_address) values (161, 'Sigfrid', 'Karpe', 'http://dummyimage.com/236x100.png/5fa2dd/ffffff', '465-174-8258', '78972 Anniversary Place');
insert into user_info (id_user_info, first_name, last_name, icon_path, phone_number, primary_address) values (162, 'Merwyn', 'Waddingham', 'http://dummyimage.com/148x100.png/ff4444/ffffff', '876-825-0001', '73381 Service Pass');
insert into user_info (id_user_info, first_name, last_name, icon_path, phone_number, primary_address) values (163, 'Pasquale', 'Haskell', 'http://dummyimage.com/249x100.png/dddddd/000000', '143-734-6662', '879 Crownhardt Park');
insert into user_info (id_user_info, first_name, last_name, icon_path, phone_number, primary_address) values (164, 'Marquita', 'Rogerot', 'http://dummyimage.com/123x100.png/ff4444/ffffff', '628-916-7087', '794 Dennis Road');
insert into user_info (id_user_info, first_name, last_name, icon_path, phone_number, primary_address) values (165, 'Winnie', 'Brunnstein', 'http://dummyimage.com/104x100.png/cc0000/ffffff', '726-394-8399', '80956 Artisan Drive');
insert into user_info (id_user_info, first_name, last_name, icon_path, phone_number, primary_address) values (166, 'Esta', 'Kahler', 'http://dummyimage.com/123x100.png/5fa2dd/ffffff', '304-473-5981', '3825 Garrison Crossing');
insert into user_info (id_user_info, first_name, last_name, icon_path, phone_number, primary_address) values (167, 'Essa', 'Dhennin', 'http://dummyimage.com/108x100.png/dddddd/000000', '165-701-0413', '7507 Atwood Road');
insert into user_info (id_user_info, first_name, last_name, icon_path, phone_number, primary_address) values (168, 'Tish', 'Pittwood', 'http://dummyimage.com/105x100.png/cc0000/ffffff', '389-415-4854', '2008 Harper Street');
insert into user_info (id_user_info, first_name, last_name, icon_path, phone_number, primary_address) values (169, 'Forest', 'Gulc', 'http://dummyimage.com/127x100.png/dddddd/000000', '560-537-1227', '4235 Bayside Pass');
insert into user_info (id_user_info, first_name, last_name, icon_path, phone_number, primary_address) values (170, 'Lonnie', 'Geraldez', 'http://dummyimage.com/101x100.png/5fa2dd/ffffff', '774-234-9712', '2426 Killdeer Crossing');
insert into user_info (id_user_info, first_name, last_name, icon_path, phone_number, primary_address) values (171, 'Bertrand', 'Cleiment', 'http://dummyimage.com/117x100.png/cc0000/ffffff', '130-875-7163', '718 Manitowish Center');
insert into user_info (id_user_info, first_name, last_name, icon_path, phone_number, primary_address) values (172, 'Lonni', 'Jeffcoate', 'http://dummyimage.com/157x100.png/ff4444/ffffff', '176-214-8453', '7685 Arrowood Pass');
insert into user_info (id_user_info, first_name, last_name, icon_path, phone_number, primary_address) values (173, 'Roosevelt', 'Di Nisco', 'http://dummyimage.com/146x100.png/ff4444/ffffff', '616-913-8193', '80 Bunker Hill Circle');
insert into user_info (id_user_info, first_name, last_name, icon_path, phone_number, primary_address) values (174, 'Ynez', 'Branwhite', 'http://dummyimage.com/143x100.png/cc0000/ffffff', '667-316-1661', '80 Lien Plaza');
insert into user_info (id_user_info, first_name, last_name, icon_path, phone_number, primary_address) values (175, 'Ermanno', 'Sperwell', 'http://dummyimage.com/150x100.png/dddddd/000000', '166-511-5796', '4 Sunnyside Junction');
insert into user_info (id_user_info, first_name, last_name, icon_path, phone_number, primary_address) values (176, 'Wilmer', 'Vallance', 'http://dummyimage.com/163x100.png/cc0000/ffffff', '119-858-4172', '02 Blackbird Alley');
insert into user_info (id_user_info, first_name, last_name, icon_path, phone_number, primary_address) values (177, 'Augie', 'Polkinghorne', 'http://dummyimage.com/231x100.png/dddddd/000000', '884-406-4303', '32 Bayside Pass');
insert into user_info (id_user_info, first_name, last_name, icon_path, phone_number, primary_address) values (178, 'Alysa', 'Marshfield', 'http://dummyimage.com/214x100.png/ff4444/ffffff', '505-744-8275', '699 Washington Trail');
insert into user_info (id_user_info, first_name, last_name, icon_path, phone_number, primary_address) values (179, 'Marabel', 'Maraga', 'http://dummyimage.com/204x100.png/5fa2dd/ffffff', '903-701-7871', '9 Golden Leaf Point');
insert into user_info (id_user_info, first_name, last_name, icon_path, phone_number, primary_address) values (180, 'Lynett', 'Ellul', 'http://dummyimage.com/239x100.png/dddddd/000000', '294-579-7620', '32 Harbort Court');
insert into user_info (id_user_info, first_name, last_name, icon_path, phone_number, primary_address) values (181, 'Chic', 'Pesak', 'http://dummyimage.com/157x100.png/ff4444/ffffff', '635-297-6813', '78 Pleasure Crossing');
insert into user_info (id_user_info, first_name, last_name, icon_path, phone_number, primary_address) values (182, 'Friedrick', 'Oakland', 'http://dummyimage.com/112x100.png/cc0000/ffffff', '992-424-4590', '8 Sage Place');
insert into user_info (id_user_info, first_name, last_name, icon_path, phone_number, primary_address) values (183, 'Denna', 'Eaton', 'http://dummyimage.com/242x100.png/ff4444/ffffff', '898-221-0380', '5991 Corben Circle');
insert into user_info (id_user_info, first_name, last_name, icon_path, phone_number, primary_address) values (184, 'Aland', 'Gawthorp', 'http://dummyimage.com/154x100.png/5fa2dd/ffffff', '442-298-1087', '67 Dunning Parkway');
insert into user_info (id_user_info, first_name, last_name, icon_path, phone_number, primary_address) values (185, 'Dickie', 'Sketh', 'http://dummyimage.com/102x100.png/ff4444/ffffff', '468-840-9366', '6 Gale Hill');
insert into user_info (id_user_info, first_name, last_name, icon_path, phone_number, primary_address) values (186, 'Sherlock', 'Pattini', 'http://dummyimage.com/148x100.png/5fa2dd/ffffff', '455-145-7895', '059 Namekagon Pass');
insert into user_info (id_user_info, first_name, last_name, icon_path, phone_number, primary_address) values (187, 'Riane', 'Pretley', 'http://dummyimage.com/129x100.png/dddddd/000000', '992-750-2340', '5114 Arizona Way');
insert into user_info (id_user_info, first_name, last_name, icon_path, phone_number, primary_address) values (188, 'Tucky', 'Dodell', 'http://dummyimage.com/229x100.png/dddddd/000000', '773-223-3934', '4 2nd Trail');
insert into user_info (id_user_info, first_name, last_name, icon_path, phone_number, primary_address) values (189, 'Crystie', 'Readings', 'http://dummyimage.com/117x100.png/cc0000/ffffff', '361-387-1036', '81 Riverside Park');
insert into user_info (id_user_info, first_name, last_name, icon_path, phone_number, primary_address) values (190, 'Carlynne', 'Egle', 'http://dummyimage.com/195x100.png/ff4444/ffffff', '887-725-1320', '01252 Summerview Trail');
insert into user_info (id_user_info, first_name, last_name, icon_path, phone_number, primary_address) values (191, 'Merrielle', 'Panner', 'http://dummyimage.com/124x100.png/ff4444/ffffff', '119-961-4843', '970 Swallow Way');
insert into user_info (id_user_info, first_name, last_name, icon_path, phone_number, primary_address) values (192, 'Ephraim', 'Sewall', 'http://dummyimage.com/230x100.png/ff4444/ffffff', '715-542-7557', '41192 Muir Trail');
insert into user_info (id_user_info, first_name, last_name, icon_path, phone_number, primary_address) values (193, 'Karissa', 'Sandeford', 'http://dummyimage.com/140x100.png/5fa2dd/ffffff', '929-644-8676', '46 Shoshone Drive');
insert into user_info (id_user_info, first_name, last_name, icon_path, phone_number, primary_address) values (194, 'Aveline', 'Tidman', 'http://dummyimage.com/103x100.png/dddddd/000000', '539-298-3261', '73 Bunting Trail');
insert into user_info (id_user_info, first_name, last_name, icon_path, phone_number, primary_address) values (195, 'Lotta', 'Tallman', 'http://dummyimage.com/219x100.png/ff4444/ffffff', '848-269-6411', '77884 Mesta Place');
insert into user_info (id_user_info, first_name, last_name, icon_path, phone_number, primary_address) values (196, 'Caren', 'Scafe', 'http://dummyimage.com/195x100.png/ff4444/ffffff', '505-994-7454', '649 Loeprich Point');
insert into user_info (id_user_info, first_name, last_name, icon_path, phone_number, primary_address) values (197, 'Maurita', 'Rothera', 'http://dummyimage.com/140x100.png/ff4444/ffffff', '974-460-8467', '164 Sutherland Road');
insert into user_info (id_user_info, first_name, last_name, icon_path, phone_number, primary_address) values (198, 'Loree', 'Clemente', 'http://dummyimage.com/161x100.png/ff4444/ffffff', '681-704-3571', '8 Esch Road');
insert into user_info (id_user_info, first_name, last_name, icon_path, phone_number, primary_address) values (199, 'Bobby', 'Spata', 'http://dummyimage.com/106x100.png/dddddd/000000', '462-868-6274', '7538 Dakota Center');
insert into user_info (id_user_info, first_name, last_name, icon_path, phone_number, primary_address) values (200, 'George', 'Lecount', 'http://dummyimage.com/233x100.png/ff4444/ffffff', '413-811-6783', '8 Corscot Terrace');

/* User */
insert into user (id_user, is_activated, is_deleted, is_verified, joined_date, user_info_id, email, profil_link, pwd, user_name) values (1, 1, true, true, '2020-08-07', 1, 'mjouhandeau0@photobucket.com', '0x918033eb4e583c66d992cc3d48444bc8282cabc3', 'bM647j)', 'lcordel0');
insert into user (id_user, is_activated, is_deleted, is_verified, joined_date, user_info_id, email, profil_link, pwd, user_name) values (2, 1, false, true, '2015-01-26', 2, 'parondel1@dropbox.com', '0xc14325400bf4f303c4e61d97772e086118e0228d', 'gI3I\!QS', 'jfiloniere1');
insert into user (id_user, is_activated, is_deleted, is_verified, joined_date, user_info_id, email, profil_link, pwd, user_name) values (3, 1, true, true, '2021-12-20', 3, 'cnaisbit2@angelfire.com', '0x50c839d125ea6d2a4a2235c55205ae16b93441a1', 'pL0iI$&', 'tjelfs2');
insert into user (id_user, is_activated, is_deleted, is_verified, joined_date, user_info_id, email, profil_link, pwd, user_name) values (4, 1, false, true, '2014-08-14', 4, 'gducket3@lycos.com', '0x9161e270f17cf5babb712f2e5702d64d96bf77b3', 'aG74R8)I', 'vgeeson3');
insert into user (id_user, is_activated, is_deleted, is_verified, joined_date, user_info_id, email, profil_link, pwd, user_name) values (5, 1, false, true, '2006-08-17', 5, 'cspire4@ed.gov', '0xa847c4b45b6a21ecfcf92e5683c5964a3e12af26', 'qF9G*CiI', 'hbrennen4');
insert into user (id_user, is_activated, is_deleted, is_verified, joined_date, user_info_id, email, profil_link, pwd, user_name) values (6, 1, false, true, '2021-01-07', 6, 'gconochie5@topsy.com', '0x68a18d7ae49dc8e671ca8b57148fbaa0312c3bb5', 'rK2=b@yW', 'bnabbs5');
insert into user (id_user, is_activated, is_deleted, is_verified, joined_date, user_info_id, email, profil_link, pwd, user_name) values (7, 1, false, false, '2012-01-15', 7, 'hkarppi6@163.com', '0x3aea0b9606e76959e0f05041eabcfccb364af7fa', 'rO0JRW', 'achanders6');
insert into user (id_user, is_activated, is_deleted, is_verified, joined_date, user_info_id, email, profil_link, pwd, user_name) values (8, 1, false, true, '2014-11-09', 8, 'mforgan7@domainmarket.com', '0x2a5cc9d6728935fa6ebcb4de6feb4e24a1d68754', 'jK4G7S=oR_', 'igatesman7');
insert into user (id_user, is_activated, is_deleted, is_verified, joined_date, user_info_id, email, profil_link, pwd, user_name) values (9, 1, false, false, '2023-07-20', 9, 'jharder8@adobe.com', '0x777adca2fb672854c196b935fbf0d9e28df6ef7e', 'tX6wQO{S', 'dkupec8');
insert into user (id_user, is_activated, is_deleted, is_verified, joined_date, user_info_id, email, profil_link, pwd, user_name) values (10, 1, false, true, '2020-12-23', 10, 'bjirasek9@creativecommons.org', '0xabde756d603386e26ecd8b59b0afc8a189bc55d9', 'eB4%._|', 'jkillerby9');
insert into user (id_user, is_activated, is_deleted, is_verified, joined_date, user_info_id, email, profil_link, pwd, user_name) values (11, 1, false, false, '2023-07-12', 11, 'chandslipa@mozilla.org', '0x40182da8330410b3023e40e117d1032ee90ece33', 'mW22vy1N3gqw', 'aizatta');
insert into user (id_user, is_activated, is_deleted, is_verified, joined_date, user_info_id, email, profil_link, pwd, user_name) values (12, 1, true, true, '2021-10-31', 12, 'hellissb@weebly.com', '0xd7765ed9843b91de8a2e8c7c2cfe33f35596d203', 'wM1ad{', 'rimosb');
insert into user (id_user, is_activated, is_deleted, is_verified, joined_date, user_info_id, email, profil_link, pwd, user_name) values (13, 1, false, false, '2022-01-18', 13, 'mharowerc@smh.com.au', '0x2b26028d4f03412b44c38dfd5a12fb2df0f8544d', 'mB7waMX0<"<', 'dvoelkerc');
insert into user (id_user, is_activated, is_deleted, is_verified, joined_date, user_info_id, email, profil_link, pwd, user_name) values (14, 1, true, false, '2014-04-05', 14, 'lpaped@jigsy.com', '0x5bc257adcc90c472a6f01373da1e0165d1aa2044', 'hQ7VS3\6coP', 'ucowansd');
insert into user (id_user, is_activated, is_deleted, is_verified, joined_date, user_info_id, email, profil_link, pwd, user_name) values (15, 1, true, true, '2005-10-16', 15, 'dcrabbe@webeden.co.uk', '0xc33096a7c243802c7ae31d7151a0ffe9f69c8cdc', 'uL7*R.O', 'ecattinie');
insert into user (id_user, is_activated, is_deleted, is_verified, joined_date, user_info_id, email, profil_link, pwd, user_name) values (16, 1, true, true, '2018-01-16', 16, 'hfarishf@themeforest.net', '0x194db2f01962dd83b17e9d8f16ea8236a770b143', 'oB6`\Ec', 'hbeeresf');
insert into user (id_user, is_activated, is_deleted, is_verified, joined_date, user_info_id, email, profil_link, pwd, user_name) values (17, 1, true, true, '2016-05-26', 17, 'kristeg@telegraph.co.uk', '0x3ed7b3afeea9d3f5cf44849b00a000d494b68140', 'qT51GbW7', 'cankrettg');
insert into user (id_user, is_activated, is_deleted, is_verified, joined_date, user_info_id, email, profil_link, pwd, user_name) values (18, 1, true, false, '2009-01-24', 18, 'gtwidaleh@360.cn', '0xc55592a799ba2b8ce1d204b87acff9ca40e94204', 'jT4H1VI\c`N', 'smennithorph');
insert into user (id_user, is_activated, is_deleted, is_verified, joined_date, user_info_id, email, profil_link, pwd, user_name) values (19, 1, true, true, '2009-11-18', 19, 'fdomonei@samsung.com', '0x53d1889f1f0deaf7b94bd1d7f57bdbfd222c9406', 'dB2_fW|', 'icrolli');
insert into user (id_user, is_activated, is_deleted, is_verified, joined_date, user_info_id, email, profil_link, pwd, user_name) values (20, 1, false, false, '2012-03-05', 20, 'rricketj@usgs.gov', '0x94c8acad228e9ed5e385e8f2873be7d596a2d16e', 'oB7M`4,?u"=', 'lreffej');
insert into user (id_user, is_activated, is_deleted, is_verified, joined_date, user_info_id, email, profil_link, pwd, user_name) values (21, 1, true, true, '2006-09-18', 21, 'mgammadek@last.fm', '0x980c7e12b00857437bd607753256e0864ddf138e', 'dL1g~mlGK$l', 'mklishink');
insert into user (id_user, is_activated, is_deleted, is_verified, joined_date, user_info_id, email, profil_link, pwd, user_name) values (22, 1, false, false, '2007-05-16', 22, 'cgillibrandl@boston.com', '0xf2a424f5e79fe8cd2dca0ac86742120ba5a506e7', 'mD0`y)!b', 'schastenetl');
insert into user (id_user, is_activated, is_deleted, is_verified, joined_date, user_info_id, email, profil_link, pwd, user_name) values (23, 1, true, true, '2023-11-22', 23, 'rchadburnm@xrea.com', '0x14f93895a1c9ae8cdb4cf63f8de7d807cd41b2d8', 'lX3@vpt`JL', 'orickeardm');
insert into user (id_user, is_activated, is_deleted, is_verified, joined_date, user_info_id, email, profil_link, pwd, user_name) values (24, 1, false, false, '2004-08-11', 24, 'blawrenzn@sciencedaily.com', '0xd4d84995ba10f019dd643a4e78bef17ae6be7cfa', 'sA8TG@P}B', 'bkinceyn');
insert into user (id_user, is_activated, is_deleted, is_verified, joined_date, user_info_id, email, profil_link, pwd, user_name) values (25, 1, false, false, '2009-02-24', 25, 'bpatono@ocn.ne.jp', '0x7a861df5ce879f72673c9660d289ff38249c0015', 'fK8nijYwj', 'btownbyo');
insert into user (id_user, is_activated, is_deleted, is_verified, joined_date, user_info_id, email, profil_link, pwd, user_name) values (26, 1, false, false, '2015-03-17', 26, 'apienp@arizona.edu', '0x504fa1fe154053323154bf6d8d6919ed0f280701', 'yG9FM6y0,', 'edukesp');
insert into user (id_user, is_activated, is_deleted, is_verified, joined_date, user_info_id, email, profil_link, pwd, user_name) values (27, 1, false, true, '2017-04-18', 27, 'akempeq@weather.com', '0x875ba4298953a5846172c252ae1979e31e2a806f', 'tM11?B', 'ketoileq');
insert into user (id_user, is_activated, is_deleted, is_verified, joined_date, user_info_id, email, profil_link, pwd, user_name) values (28, 1, false, false, '2019-11-20', 28, 'alomaxr@stanford.edu', '0x3087e21a1c21a4a922c3cb4d3dd74c87147b7109', 'fD9GO&g=BnE', 'eruzekr');
insert into user (id_user, is_activated, is_deleted, is_verified, joined_date, user_info_id, email, profil_link, pwd, user_name) values (29, 1, false, false, '2002-09-02', 29, 'rsantarellis@ed.gov', '0xe93d8167a7ad1c4253c20a7c80aae55a050a72be', 'kC4ZKQmTOR', 'ttretheweys');
insert into user (id_user, is_activated, is_deleted, is_verified, joined_date, user_info_id, email, profil_link, pwd, user_name) values (30, 1, true, true, '2016-01-01', 30, 'csnowlingt@hubpages.com', '0x0c0306cf876fa7b53ef132fc958c8de3097ad328', 'mT0Q}HDqqq9E', 'lradeliffet');
insert into user (id_user, is_activated, is_deleted, is_verified, joined_date, user_info_id, email, profil_link, pwd, user_name) values (31, 1, true, false, '2018-10-11', 31, 'bkempstoneu@com.com', '0x8d3d0eb25fa9369d0ea417f69fccfa919a9c113b', 'jI2jre,wH', 'dlinceu');
insert into user (id_user, is_activated, is_deleted, is_verified, joined_date, user_info_id, email, profil_link, pwd, user_name) values (32, 1, true, true, '2011-09-14', 32, 'jferrynv@stanford.edu', '0xf172daacfb796cdb4d4f67478f6f77b17951fafb', 'pB3H?<', 'dvineallv');
insert into user (id_user, is_activated, is_deleted, is_verified, joined_date, user_info_id, email, profil_link, pwd, user_name) values (33, 1, false, false, '2017-11-08', 33, 'tgwinw@mac.com', '0x43cfa373f74dc9fd174be0fc76acfa1d248dc54b', 'bS6K+XQ', 'jtonksw');
insert into user (id_user, is_activated, is_deleted, is_verified, joined_date, user_info_id, email, profil_link, pwd, user_name) values (34, 1, false, false, '2018-06-05', 34, 'cstainsbyx@plala.or.jp', '0x0db135050da48dd862ad456160e8223700d8f114', 'jR8,d/p', 'hmcdonoghx');
insert into user (id_user, is_activated, is_deleted, is_verified, joined_date, user_info_id, email, profil_link, pwd, user_name) values (35, 1, false, true, '2018-03-07', 35, 'mbirkbyy@google.es', '0x9c7f4a3e77b5fbf60be3fbe56a7a401cc413eed3', 'mO1ut50+L', 'dbollettiy');
insert into user (id_user, is_activated, is_deleted, is_verified, joined_date, user_info_id, email, profil_link, pwd, user_name) values (36, 1, false, true, '2015-02-15', 36, 'dmanisz@geocities.jp', '0x8be498854d24d12dc4028105247cdf603a49c874', 'aM0Q"e)4}t`n', 'kyglesiaz');
insert into user (id_user, is_activated, is_deleted, is_verified, joined_date, user_info_id, email, profil_link, pwd, user_name) values (37, 1, false, true, '2002-12-07', 37, 'jrubel10@hhs.gov', '0x575db4df2e64273b3582036fc6129325f1bf8432', 'pN0IYY4kz%1', 'rhollington10');
insert into user (id_user, is_activated, is_deleted, is_verified, joined_date, user_info_id, email, profil_link, pwd, user_name) values (38, 1, false, false, '2013-01-12', 38, 'dcassey11@hibu.com', '0xee581629eaa4a00b9c44778fbbda9b5c1efd5959', 'cZ2Qji"k9dR9', 'kantic11');
insert into user (id_user, is_activated, is_deleted, is_verified, joined_date, user_info_id, email, profil_link, pwd, user_name) values (39, 1, true, true, '2009-05-19', 39, 'rhurche12@chron.com', '0xdd12a8908cc8153141e80b3870e7a08ab3a117ba', 'oZ9_$X8', 'kepton12');
insert into user (id_user, is_activated, is_deleted, is_verified, joined_date, user_info_id, email, profil_link, pwd, user_name) values (40, 1, true, true, '2003-08-13', 40, 'yfoulser13@boston.com', '0xce94461898316011f71c8744c18f34ee3aab55d9', 'bA0BVcjn=EF', 'kveljes13');
insert into user (id_user, is_activated, is_deleted, is_verified, joined_date, user_info_id, email, profil_link, pwd, user_name) values (41, 1, false, true, '2014-08-10', 41, 'docarney14@tinyurl.com', '0x6d73a9be39c2094645eb4f58e1a288ddbb7caeed', 'jL569v', 'rmacfaell14');
insert into user (id_user, is_activated, is_deleted, is_verified, joined_date, user_info_id, email, profil_link, pwd, user_name) values (42, 1, true, false, '2017-04-12', 42, 'nmitford15@chicagotribune.com', '0x22967e9f938f0ee75a5048d87b868d9b7f58654f', 'rB8z|>FVbv1M', 'btomlins15');
insert into user (id_user, is_activated, is_deleted, is_verified, joined_date, user_info_id, email, profil_link, pwd, user_name) values (43, 1, false, false, '2022-08-29', 43, 'oburges16@reverbnation.com', '0x351e0536de8dabb71152a17a0998e45b400e5b8c', 'tD82?T!', 'gmunns16');
insert into user (id_user, is_activated, is_deleted, is_verified, joined_date, user_info_id, email, profil_link, pwd, user_name) values (44, 1, false, true, '2009-12-15', 44, 'escreech17@vimeo.com', '0x9a3dddcf2b6923c3f22355ae7983995abbae2bfb', 'hU6=~H', 'glafee17');
insert into user (id_user, is_activated, is_deleted, is_verified, joined_date, user_info_id, email, profil_link, pwd, user_name) values (45, 1, true, false, '2006-03-13', 45, 'jmiddell18@sourceforge.net', '0x9e6c013834556bb0346e406187ee7cd3c072515a', 'qS8{bn', 'bplewman18');
insert into user (id_user, is_activated, is_deleted, is_verified, joined_date, user_info_id, email, profil_link, pwd, user_name) values (46, 1, true, false, '2017-10-29', 46, 'kbewicke19@creativecommons.org', '0xd43c038930cc708a3a3d0d82123434f571ea5b9c', 'zK6GvC20Y', 'everna19');
insert into user (id_user, is_activated, is_deleted, is_verified, joined_date, user_info_id, email, profil_link, pwd, user_name) values (47, 1, false, false, '2019-11-28', 47, 'mhussey1a@hibu.com', '0x9b23b68c06c0f6ca880cbba810c6170d086aea27', 'aM3$Q&', 'lchattaway1a');
insert into user (id_user, is_activated, is_deleted, is_verified, joined_date, user_info_id, email, profil_link, pwd, user_name) values (48, 1, true, true, '2003-06-12', 48, 'bjurisic1b@hhs.gov', '0xdfb53dc2c6ad94e3e361a1c7c745b131d6e0c5be', 'dN7/GB(Kf>', 'vping1b');
insert into user (id_user, is_activated, is_deleted, is_verified, joined_date, user_info_id, email, profil_link, pwd, user_name) values (49, 1, false, true, '2004-05-08', 49, 'ptrobe1c@reference.com', '0x4211ee186c2a406b3229e4db7664344804d9803b', 'pF4IR9g(', 'rrylett1c');
insert into user (id_user, is_activated, is_deleted, is_verified, joined_date, user_info_id, email, profil_link, pwd, user_name) values (50, 1, true, false, '2005-10-02', 50, 'bcardis1d@friendfeed.com', '0x7035323a08358dc56b4be0e28b3e12ddb55db469', 'vT2|xaDFWCB', 'twebburn1d');
insert into user (id_user, is_activated, is_deleted, is_verified, joined_date, user_info_id, email, profil_link, pwd, user_name) values (51, 1, true, true, '2017-12-15', 51, 'rkeenlayside1e@slashdot.org', '0xbfe08c2c89f7a019553ac7f3642d299f8d3b1398', 'nU2tffiRW!}x', 'mmaclardie1e');
insert into user (id_user, is_activated, is_deleted, is_verified, joined_date, user_info_id, email, profil_link, pwd, user_name) values (52, 1, false, false, '2007-09-26', 52, 'cjurkowski1f@slideshare.net', '0xef459eb369e4c5c591af5bf2d5f2dee9be18aa8e', 'tA9fj~=hd1W<', 'kkibbey1f');
insert into user (id_user, is_activated, is_deleted, is_verified, joined_date, user_info_id, email, profil_link, pwd, user_name) values (53, 1, false, true, '2007-09-25', 53, 'shurley1g@creativecommons.org', '0xb51d2588c4525249de726010bab91f5d0e8c4f31', 'tT0@/Qyd10@', 'rrudsdale1g');
insert into user (id_user, is_activated, is_deleted, is_verified, joined_date, user_info_id, email, profil_link, pwd, user_name) values (54, 1, false, false, '2003-09-23', 54, 'shaet1h@gnu.org', '0x63f75f285b2b90c41270c9310711c5d3c4119149', 'kR5tu*a@5', 'hrenachowski1h');
insert into user (id_user, is_activated, is_deleted, is_verified, joined_date, user_info_id, email, profil_link, pwd, user_name) values (55, 1, true, true, '2014-04-07', 55, 'mboston1i@marriott.com', '0xb0542fda97ecc4f507e4af47e6c999764391f850', 'cR564lWIN9CR', 'nforst1i');
insert into user (id_user, is_activated, is_deleted, is_verified, joined_date, user_info_id, email, profil_link, pwd, user_name) values (56, 1, false, true, '2005-12-21', 56, 'slampaert1j@desdev.cn', '0x892db2354a7c04a57910438250ac546f6648fed4', 'eB1C,K5h)%!', 'tfarnish1j');
insert into user (id_user, is_activated, is_deleted, is_verified, joined_date, user_info_id, email, profil_link, pwd, user_name) values (57, 1, true, true, '2020-04-15', 57, 'edavie1k@g.co', '0x4df6aaeda1e1a5070ad98d33abea8e70370553cf', 'lM7fl%e', 'zbrownsey1k');
insert into user (id_user, is_activated, is_deleted, is_verified, joined_date, user_info_id, email, profil_link, pwd, user_name) values (58, 1, true, true, '2014-03-26', 58, 'gpugsley1l@yahoo.co.jp', '0x4f2b226d6c29f5db771478125b47de52a329a9eb', 'oC93Ce>#', 'slacky1l');
insert into user (id_user, is_activated, is_deleted, is_verified, joined_date, user_info_id, email, profil_link, pwd, user_name) values (59, 1, true, true, '2020-09-19', 59, 'hshera1m@foxnews.com', '0x812c627c261fb1836d574c234ae8ff53ff97e83c', 'cA2M"QUOK(__', 'lgush1m');
insert into user (id_user, is_activated, is_deleted, is_verified, joined_date, user_info_id, email, profil_link, pwd, user_name) values (60, 1, true, true, '2022-10-26', 60, 'sduncklee1n@alexa.com', '0xf92a18b47c434f4e191f3fd8af46b6645c90534d', 'tW97filKC', 'ddeener1n');
insert into user (id_user, is_activated, is_deleted, is_verified, joined_date, user_info_id, email, profil_link, pwd, user_name) values (61, 1, true, false, '2011-02-20', 61, 'barsey1o@alexa.com', '0xc89cbae6591e2c8845c48822bc5b44d47ea0a9dd', 'vH36UGBP%', 'amanchett1o');
insert into user (id_user, is_activated, is_deleted, is_verified, joined_date, user_info_id, email, profil_link, pwd, user_name) values (62, 1, true, true, '2003-05-07', 62, 'mhaughton1p@ucoz.com', '0x2f471ca95b435588cde50c5194f4fc51aaf53b38', 'rG0~Rc3(', 'gmccoish1p');
insert into user (id_user, is_activated, is_deleted, is_verified, joined_date, user_info_id, email, profil_link, pwd, user_name) values (63, 1, true, true, '2014-11-16', 63, 'brubin1q@godaddy.com', '0xade68d83dd3137059ac3f608d1e6c44033f43a8e', 'rC0@bk', 'cwinwood1q');
insert into user (id_user, is_activated, is_deleted, is_verified, joined_date, user_info_id, email, profil_link, pwd, user_name) values (64, 1, true, false, '2004-08-23', 64, 'mgobel1r@youtube.com', '0x7ad0fe9b56bf3879d5e235a5cb2deb0c5f4073c4', 'bX4Cj***', 'dbeavers1r');
insert into user (id_user, is_activated, is_deleted, is_verified, joined_date, user_info_id, email, profil_link, pwd, user_name) values (65, 1, true, false, '2023-08-24', 65, 'blettington1s@berkeley.edu', '0x3dda8d9fb1288036842662a3629a6bccf4ceb4b4', 'tR1llxpSw0', 'jjuliff1s');
insert into user (id_user, is_activated, is_deleted, is_verified, joined_date, user_info_id, email, profil_link, pwd, user_name) values (66, 1, false, true, '2020-03-29', 66, 'akevis1t@dailymail.co.uk', '0x71f8e8419f077feb0bc25c8780a577a31efca3df', 'iI0hX$WAEN6', 'kcreany1t');
insert into user (id_user, is_activated, is_deleted, is_verified, joined_date, user_info_id, email, profil_link, pwd, user_name) values (67, 1, false, false, '2004-12-31', 67, 'cparsley1u@last.fm', '0x0ef37932d4f365136042982fd5beec19a9a07beb', 'cC1(0wg|BW', 'hheadington1u');
insert into user (id_user, is_activated, is_deleted, is_verified, joined_date, user_info_id, email, profil_link, pwd, user_name) values (68, 1, true, true, '2006-03-12', 68, 'jsimonel1v@t-online.de', '0xa4d3e58d9302fad707faa37295c7d08400fd97fa', 'vZ1hr@rc)K>J', 'scorrington1v');
insert into user (id_user, is_activated, is_deleted, is_verified, joined_date, user_info_id, email, profil_link, pwd, user_name) values (69, 1, false, false, '2015-07-29', 69, 'lveasey1w@weather.com', '0xe2e0759568ade707e98ab875fcfa7f4aee92acca', 'fC2L)h$\"/2', 'wslyde1w');
insert into user (id_user, is_activated, is_deleted, is_verified, joined_date, user_info_id, email, profil_link, pwd, user_name) values (70, 1, true, true, '2019-07-27', 70, 'asarfas1x@desdev.cn', '0x6706f7eeb31e772b4f60bc8cc0831ad42985a161', 'hF58Zho=/H', 'ticzokvitz1x');
insert into user (id_user, is_activated, is_deleted, is_verified, joined_date, user_info_id, email, profil_link, pwd, user_name) values (71, 1, true, true, '2012-12-27', 71, 'scoleridge1y@booking.com', '0x0620e531109d2aca67a0e2d2bb7843908d30758a', 'jT0lkrb@j!', 'bsang1y');
insert into user (id_user, is_activated, is_deleted, is_verified, joined_date, user_info_id, email, profil_link, pwd, user_name) values (72, 1, false, true, '2020-11-28', 72, 'ihumerstone1z@sakura.ne.jp', '0xd321a5fc90614680668afe675750a47646852bbb', 'hD5r+R4(V+', 'agillmore1z');
insert into user (id_user, is_activated, is_deleted, is_verified, joined_date, user_info_id, email, profil_link, pwd, user_name) values (73, 1, false, true, '2018-04-16', 73, 'cbertelsen20@friendfeed.com', '0x4875e1e474de7c148ac19f3db926c5dd16dda696', 'zZ3c971p', 'hevins20');
insert into user (id_user, is_activated, is_deleted, is_verified, joined_date, user_info_id, email, profil_link, pwd, user_name) values (74, 1, false, false, '2019-06-14', 74, 'jriepel21@rakuten.co.jp', '0x70064be4ab557f971220565567cc11f4ac29fe89', 'pG0gr?hl', 'jpengilley21');
insert into user (id_user, is_activated, is_deleted, is_verified, joined_date, user_info_id, email, profil_link, pwd, user_name) values (75, 1, true, false, '2019-05-04', 75, 'lthornton22@businessinsider.com', '0x47249e2563fa855c6f088cbd5472f72d13920609', 'nQ9"{o&p', 'sguyonnet22');
insert into user (id_user, is_activated, is_deleted, is_verified, joined_date, user_info_id, email, profil_link, pwd, user_name) values (76, 1, false, false, '2021-11-23', 76, 'mlocket23@dell.com', '0x2be484eec5997618841d387d13478f6a3868f014', 'kM2BR>HM4o', 'rkeitch23');
insert into user (id_user, is_activated, is_deleted, is_verified, joined_date, user_info_id, email, profil_link, pwd, user_name) values (77, 1, false, true, '2021-03-22', 77, 'ctribell24@skyrock.com', '0xab26e50a24d86e26c1385433151243c8879c99db', 'cU7w%6"', 'mskydall24');
insert into user (id_user, is_activated, is_deleted, is_verified, joined_date, user_info_id, email, profil_link, pwd, user_name) values (78, 1, true, true, '2019-06-17', 78, 'hzanolli25@cargocollective.com', '0x102f0361a99259f25a05d046153a89b7ac2e6d78', 'qI35Cw{', 'rocarran25');
insert into user (id_user, is_activated, is_deleted, is_verified, joined_date, user_info_id, email, profil_link, pwd, user_name) values (79, 1, true, false, '2004-01-01', 79, 'mcale26@soundcloud.com', '0x4e9271508bdf8c1c2883e793d004a3c3cfaf0e15', 'cI4*tP?R(&=Q', 'mdavenhall26');
insert into user (id_user, is_activated, is_deleted, is_verified, joined_date, user_info_id, email, profil_link, pwd, user_name) values (80, 1, false, false, '2012-12-12', 80, 'jgollard27@clickbank.net', '0x4084ee4c258af83fcc1d1f2486c4f2765d06ef06', 'eZ2FWF}}', 'rstickles27');
insert into user (id_user, is_activated, is_deleted, is_verified, joined_date, user_info_id, email, profil_link, pwd, user_name) values (81, 1, false, true, '2002-11-10', 81, 'mizachik28@altervista.org', '0x79343f0ea9b93de185d342643b3f53c48bd6b376', 'rG1Al@!%', 'hdoorly28');
insert into user (id_user, is_activated, is_deleted, is_verified, joined_date, user_info_id, email, profil_link, pwd, user_name) values (82, 1, true, true, '2002-09-14', 82, 'cgatteridge29@myspace.com', '0x340ab9cd133695846d9a580e5d8d7dbf58f441b4', 'jI84EY#', 'lmattaus29');
insert into user (id_user, is_activated, is_deleted, is_verified, joined_date, user_info_id, email, profil_link, pwd, user_name) values (83, 1, false, true, '2019-07-19', 83, 'gmiko2a@aboutads.info', '0xb0edbc8d26ccbe403de087ffe20f0a0283518c40', 'xY79J<nQN', 'rkennerknecht2a');
insert into user (id_user, is_activated, is_deleted, is_verified, joined_date, user_info_id, email, profil_link, pwd, user_name) values (84, 1, false, false, '2019-09-14', 84, 'egludor2b@disqus.com', '0xb5505b58e7b0da786a7661e8dfd976bb1e7a7be4', 'tX48v0hS', 'aboleyn2b');
insert into user (id_user, is_activated, is_deleted, is_verified, joined_date, user_info_id, email, profil_link, pwd, user_name) values (85, 1, true, true, '2020-02-08', 85, 'mdaymond2c@spiegel.de', '0xf0c6704ec5c25a7e6bbe82c5610c3589bc5e69e7', 'eG7\CNrrF"fa', 'bbesque2c');
insert into user (id_user, is_activated, is_deleted, is_verified, joined_date, user_info_id, email, profil_link, pwd, user_name) values (86, 1, true, true, '2009-12-23', 86, 'ldyball2d@globo.com', '0x7e1148f0d2a8b6d84af945e8edf326034414d49d', 'kJ6kXk', 'wrobecon2d');
insert into user (id_user, is_activated, is_deleted, is_verified, joined_date, user_info_id, email, profil_link, pwd, user_name) values (87, 1, true, true, '2017-07-22', 87, 'cwetherald2e@typepad.com', '0xf86f93fd1e4219f5fc2e37470af97558aa1cc2ae', 'yK8FEC<.\<', 'udecent2e');
insert into user (id_user, is_activated, is_deleted, is_verified, joined_date, user_info_id, email, profil_link, pwd, user_name) values (88, 1, false, true, '2020-10-28', 88, 'jphin2f@accuweather.com', '0xf5b3365166e20101a047a6b719227d613c519447', 'oP44&O>', 'hdurtnell2f');
insert into user (id_user, is_activated, is_deleted, is_verified, joined_date, user_info_id, email, profil_link, pwd, user_name) values (89, 1, true, true, '2017-03-07', 89, 'pdjekic2g@smugmug.com', '0xff477f7829d070c438cca4b26056090590d62174', 'oG0Z1!@QRxd', 'mlovegrove2g');
insert into user (id_user, is_activated, is_deleted, is_verified, joined_date, user_info_id, email, profil_link, pwd, user_name) values (90, 1, false, true, '2023-04-18', 90, 'jbettanay2h@histats.com', '0x368e950d56411846888428487d4e35eb0ccddf64', 'eW55npppM', 'echessil2h');
insert into user (id_user, is_activated, is_deleted, is_verified, joined_date, user_info_id, email, profil_link, pwd, user_name) values (91, 1, false, true, '2011-11-25', 91, 'sjurgenson2i@people.com.cn', '0x4b53e471ff854acfaf72bd95c12c0a9a1d962d40', 'eJ1|>Ho', 'nwhitcombe2i');
insert into user (id_user, is_activated, is_deleted, is_verified, joined_date, user_info_id, email, profil_link, pwd, user_name) values (92, 1, false, false, '2006-05-08', 92, 'nruvel2j@delicious.com', '0x5bb7433ebe6f93c69e5c2792fc700b8b4b2cb847', 'sF6\<En?', 'amilligan2j');
insert into user (id_user, is_activated, is_deleted, is_verified, joined_date, user_info_id, email, profil_link, pwd, user_name) values (93, 1, true, false, '2022-02-10', 93, 'jmedgwick2k@comcast.net', '0xc71a59976ca77447d37c3695a5cf2e909c2f6b98', 'gV2O$o\n)IR', 'mpesak2k');
insert into user (id_user, is_activated, is_deleted, is_verified, joined_date, user_info_id, email, profil_link, pwd, user_name) values (94, 1, true, false, '2006-08-09', 94, 'rgencke2l@a8.net', '0x91916fb8b515df35aab4bf49e7c75104e6996df7', 'zT4o{1Ia%', 'gbaiden2l');
insert into user (id_user, is_activated, is_deleted, is_verified, joined_date, user_info_id, email, profil_link, pwd, user_name) values (95, 1, true, true, '2017-07-08', 95, 'mgarshore2m@diigo.com', '0x237406ff7a97127957f710510ab1bb6c0c3477ca', 'nN15ae~=#X', 'lireson2m');
insert into user (id_user, is_activated, is_deleted, is_verified, joined_date, user_info_id, email, profil_link, pwd, user_name) values (96, 1, false, true, '2007-04-15', 96, 'bbrou2n@google.de', '0x48ac0fa1dfef5e6cd6f55ec1b7fa1e35572c6d64', 'uD4pU1RaGp', 'ewathey2n');
insert into user (id_user, is_activated, is_deleted, is_verified, joined_date, user_info_id, email, profil_link, pwd, user_name) values (97, 1, true, false, '2011-02-23', 97, 'mbartolomieu2o@microsoft.com', '0x91328fb34ebd125ff70dfa0d1cd9d69b9923d3d1', 'jK4SbZ)C', 'msandercroft2o');
insert into user (id_user, is_activated, is_deleted, is_verified, joined_date, user_info_id, email, profil_link, pwd, user_name) values (98, 1, false, false, '2019-01-11', 98, 'cfackney2p@networksolutions.com', '0x98092550a95b91a96d4b635488b5d2735db8354d', 'dE4egPbXe', 'jmarchenko2p');
insert into user (id_user, is_activated, is_deleted, is_verified, joined_date, user_info_id, email, profil_link, pwd, user_name) values (99, 1, false, false, '2009-04-06', 99, 'abroom2q@apache.org', '0x2b40857e40707e96feaeed74313b53d3118e8f04', 'pX6v''|(@', 'bpennacci2q');
insert into user (id_user, is_activated, is_deleted, is_verified, joined_date, user_info_id, email, profil_link, pwd, user_name) values (100, 1, true, false, '2017-12-23', 100, 'mhendrickson2r@npr.org', '0x0ff802123da66635e587553f4118ad69813fc778', 'mD7MB@u', 'bkoche2r');
insert into user (id_user, is_activated, is_deleted, is_verified, joined_date, user_info_id, email, profil_link, pwd, user_name) values (101, 1, false, false, '2007-12-20', 101, 'jdombrell2s@illinois.edu', '0x904d0976d22516e8e66d76f9144b56c8e930b274', 'kC9H5Sr8Te', 'hfolley2s');
insert into user (id_user, is_activated, is_deleted, is_verified, joined_date, user_info_id, email, profil_link, pwd, user_name) values (102, 1, true, false, '2009-07-25', 102, 'fkettlestring2t@comcast.net', '0x9d1217ce670551c62643decc0daccbcaf8e80ace', 'iT3k@X_', 'whonywill2t');
insert into user (id_user, is_activated, is_deleted, is_verified, joined_date, user_info_id, email, profil_link, pwd, user_name) values (103, 1, true, true, '2002-03-07', 103, 'emaisey2u@howstuffworks.com', '0x1b9419fdcca5e1263e95b6a52be6d14f9befafc2', 'eC8#%bd|897', 'ggladdin2u');
insert into user (id_user, is_activated, is_deleted, is_verified, joined_date, user_info_id, email, profil_link, pwd, user_name) values (104, 1, true, false, '2002-04-29', 104, 'rstudman2v@umich.edu', '0xed513564a0979599edf0365116f0ee31af5ebed2', 'vE8)6bGyW', 'masmus2v');
insert into user (id_user, is_activated, is_deleted, is_verified, joined_date, user_info_id, email, profil_link, pwd, user_name) values (105, 1, false, true, '2011-03-13', 105, 'ayea2w@google.fr', '0x833e9f399002a99cd895c986617e2047b495fc0b', 'nP4JMzb\91pb', 'cbehnke2w');
insert into user (id_user, is_activated, is_deleted, is_verified, joined_date, user_info_id, email, profil_link, pwd, user_name) values (106, 1, true, false, '2012-06-09', 106, 'bogbourne2x@walmart.com', '0xbc161d2bc2f04df7decd79dd14a453447d3c7bc9', 'nG55_6', 'jpepin2x');
insert into user (id_user, is_activated, is_deleted, is_verified, joined_date, user_info_id, email, profil_link, pwd, user_name) values (107, 1, true, false, '2016-06-30', 107, 'gbeardon2y@dagondesign.com', '0xc698c07fff7d432ea48333456b3e39f203521beb', 'wL1p!&', 'bhalfhead2y');
insert into user (id_user, is_activated, is_deleted, is_verified, joined_date, user_info_id, email, profil_link, pwd, user_name) values (108, 1, true, false, '2007-11-16', 108, 'rchidley2z@dot.gov', '0xc9aaf6ef9790e18a6a0729d466d06c9119d2d9a0', 'jG0bG)g6', 'fzumfelde2z');
insert into user (id_user, is_activated, is_deleted, is_verified, joined_date, user_info_id, email, profil_link, pwd, user_name) values (109, 1, true, true, '2023-03-20', 109, 'cnuccii30@theguardian.com', '0x2ff77d9edd155dd32e215f239eac66344bd1d0a8', 'dL71!+', 'iitscowicz30');
insert into user (id_user, is_activated, is_deleted, is_verified, joined_date, user_info_id, email, profil_link, pwd, user_name) values (110, 1, false, false, '2009-11-15', 110, 'rhubber31@cnbc.com', '0x55ddeab8275654bad2a264c31bee252e2aa660c0', 'fQ6>0''}X', 'saguirrezabala31');
insert into user (id_user, is_activated, is_deleted, is_verified, joined_date, user_info_id, email, profil_link, pwd, user_name) values (111, 1, true, false, '2020-11-06', 111, 'lbranscombe32@about.me', '0x005ac0d1a9fd7dd032132fe397911e2b7eca68fe', 'rG8A(<Xsz''8', 'bborley32');
insert into user (id_user, is_activated, is_deleted, is_verified, joined_date, user_info_id, email, profil_link, pwd, user_name) values (112, 1, false, false, '2018-02-19', 112, 'fminear33@nsw.gov.au', '0xc3128dbc36a3d67dd3d9424494ca47c55e84be04', 'mP9~)kBH', 'wvanshin33');
insert into user (id_user, is_activated, is_deleted, is_verified, joined_date, user_info_id, email, profil_link, pwd, user_name) values (113, 1, true, true, '2018-08-05', 113, 'rsollitt34@gravatar.com', '0xc44e93aaabdca853af38e07f36b9a49858640a5a', 'eN3fth', 'wtremonte34');
insert into user (id_user, is_activated, is_deleted, is_verified, joined_date, user_info_id, email, profil_link, pwd, user_name) values (114, 1, true, true, '2014-10-16', 114, 'msterte35@usa.gov', '0xa29a431227c6171b2b50b2ec9b9fc13f8d8bc2e4', 'pZ2m(S&H%6J', 'cbridgens35');
insert into user (id_user, is_activated, is_deleted, is_verified, joined_date, user_info_id, email, profil_link, pwd, user_name) values (115, 1, true, true, '2003-11-01', 115, 'epeppett36@weather.com', '0x6baa22a8d60272bb3dbee5a34646f660f136050b', 'bU8\b|!D@d1', 'acanby36');
insert into user (id_user, is_activated, is_deleted, is_verified, joined_date, user_info_id, email, profil_link, pwd, user_name) values (116, 1, true, false, '2007-04-12', 116, 'dlenoire37@mayoclinic.com', '0x68f48711ea16c7f7a7a83936c2dce4ab637dd58b', 'uG3OE+}', 'lminette37');
insert into user (id_user, is_activated, is_deleted, is_verified, joined_date, user_info_id, email, profil_link, pwd, user_name) values (117, 1, false, false, '2018-03-17', 117, 'lhocking38@networksolutions.com', '0x56da66ef279cf8c8673d6b3b05c8f0f599de9fb5', 'jY9yjHK', 'rnorthover38');
insert into user (id_user, is_activated, is_deleted, is_verified, joined_date, user_info_id, email, profil_link, pwd, user_name) values (118, 1, true, true, '2021-11-12', 118, 'sskittrall39@gmpg.org', '0x3a027f165e460fe12bd3d23bef3ed1ca1fe92d46', 'mA5wY(NZ=1v=', 'lgabel39');
insert into user (id_user, is_activated, is_deleted, is_verified, joined_date, user_info_id, email, profil_link, pwd, user_name) values (119, 1, true, false, '2022-01-11', 119, 'gthurstance3a@360.cn', '0x8621496671275a94967bcb946065c8a373c750dd', 'nK7~oIu', 'epratt3a');
insert into user (id_user, is_activated, is_deleted, is_verified, joined_date, user_info_id, email, profil_link, pwd, user_name) values (120, 1, false, false, '2021-11-11', 120, 'jlammenga3b@buzzfeed.com', '0xcdc23abf31d596121156145d10b867f64c121201', 'jV7MZLE5s#1y', 'strowbridge3b');
insert into user (id_user, is_activated, is_deleted, is_verified, joined_date, user_info_id, email, profil_link, pwd, user_name) values (121, 1, false, false, '2022-10-12', 121, 'efolger3c@trellian.com', '0x68fc87de3017aa81fe5da4e0a937930ff5c2a9cd', 'zU4XVdQ*6(R', 'kfoldes3c');
insert into user (id_user, is_activated, is_deleted, is_verified, joined_date, user_info_id, email, profil_link, pwd, user_name) values (122, 1, true, true, '2003-08-22', 122, 'eappleford3d@livejournal.com', '0x70f27d8a0927ffebeedee6d1507f25f5513a22d9', 'mJ0F{y', 'eladson3d');
insert into user (id_user, is_activated, is_deleted, is_verified, joined_date, user_info_id, email, profil_link, pwd, user_name) values (123, 1, false, false, '2003-07-13', 123, 'cdurnin3e@imdb.com', '0x97573b30391c876122c8b6cec5b8820929308641', 'tJ8JlB|=s$', 'lboneham3e');
insert into user (id_user, is_activated, is_deleted, is_verified, joined_date, user_info_id, email, profil_link, pwd, user_name) values (124, 1, false, true, '2002-07-31', 124, 'gmacdaid3f@apple.com', '0x5de017b385ad34c4fb32e61b7af905a587b1245c', 'jU9Po)uG7Q0L', 'aeayres3f');
insert into user (id_user, is_activated, is_deleted, is_verified, joined_date, user_info_id, email, profil_link, pwd, user_name) values (125, 1, false, false, '2009-10-09', 125, 'oharmour3g@samsung.com', '0x2fa60e0ebff3831d7ea35cdbff9d34565ee1a1bd', 'dM1R`Sz1', 'epople3g');
insert into user (id_user, is_activated, is_deleted, is_verified, joined_date, user_info_id, email, profil_link, pwd, user_name) values (126, 1, true, false, '2012-01-30', 126, 'rpowelee3h@netvibes.com', '0x82b4536949544cd342eb28ac08eccde3b7185844', 'wF55cz}rDE(', 'mpabst3h');
insert into user (id_user, is_activated, is_deleted, is_verified, joined_date, user_info_id, email, profil_link, pwd, user_name) values (127, 1, false, true, '2007-01-14', 127, 'edenerley3i@clickbank.net', '0x559db1e999ffe3583b860cc80ce6a191260b746a', 'aB0D_=Bc&#b(', 'gdudbridge3i');
insert into user (id_user, is_activated, is_deleted, is_verified, joined_date, user_info_id, email, profil_link, pwd, user_name) values (128, 1, true, true, '2018-02-11', 128, 'cbinnell3j@blogspot.com', '0x4a7ff2172ec1cb78db0004f2168826c65b4a3066', 'nD5qb9%4=', 'phaste3j');
insert into user (id_user, is_activated, is_deleted, is_verified, joined_date, user_info_id, email, profil_link, pwd, user_name) values (129, 1, false, false, '2004-04-15', 129, 'gtomeo3k@ted.com', '0xa766e917b00d65103efda7feeb4c7f48b5693d6a', 'dI634zh=dtg', 'jmcgoldrick3k');
insert into user (id_user, is_activated, is_deleted, is_verified, joined_date, user_info_id, email, profil_link, pwd, user_name) values (130, 1, true, false, '2008-02-13', 130, 'wdunsford3l@amazonaws.com', '0xd2d3ced4a390b8cc44c38463504f65b4ae6b8a1a', 'hT7MxyiTq', 'tsigne3l');
insert into user (id_user, is_activated, is_deleted, is_verified, joined_date, user_info_id, email, profil_link, pwd, user_name) values (131, 1, false, false, '2014-02-25', 131, 'jmulqueeny3m@toplist.cz', '0xf727f8c0cd937616fa7163e7d0b31e1f9dd352c3', 'qT3Sv8Fm#z@', 'cboncoeur3m');
insert into user (id_user, is_activated, is_deleted, is_verified, joined_date, user_info_id, email, profil_link, pwd, user_name) values (132, 1, true, true, '2006-07-28', 132, 'dwiggins3n@sakura.ne.jp', '0x5df859dfdaef074730e8cbe60eb3a0e4182fcce1', 'xE6\vaE+T3', 'dgregorace3n');
insert into user (id_user, is_activated, is_deleted, is_verified, joined_date, user_info_id, email, profil_link, pwd, user_name) values (133, 1, false, false, '2002-10-30', 133, 'ewartonby3o@ebay.co.uk', '0xd3dc2499e9ef53fc25e49160bb850fc235653f86', 'qP8|6~ZAtdn~', 'rmccorkell3o');
insert into user (id_user, is_activated, is_deleted, is_verified, joined_date, user_info_id, email, profil_link, pwd, user_name) values (134, 1, false, false, '2013-10-09', 134, 'hhiseman3p@theglobeandmail.com', '0x82fafbef830865e2a944f1b0f8fd5dfe08bb30e1', 'eJ2|d23', 'sfisby3p');
insert into user (id_user, is_activated, is_deleted, is_verified, joined_date, user_info_id, email, profil_link, pwd, user_name) values (135, 1, true, false, '2008-06-23', 135, 'cedworthie3q@amazon.com', '0xcc3cfeb9798567454cfca30064295ab16492c791', 'jF9sck1Z', 'adavidesco3q');
insert into user (id_user, is_activated, is_deleted, is_verified, joined_date, user_info_id, email, profil_link, pwd, user_name) values (136, 1, true, false, '2022-02-17', 136, 'ikobes3r@uiuc.edu', '0xeade62699dc8fafce5ff28be2ad0a642495d5f91', 'cR3R)}&"', 'msimcox3r');
insert into user (id_user, is_activated, is_deleted, is_verified, joined_date, user_info_id, email, profil_link, pwd, user_name) values (137, 1, true, false, '2017-01-11', 137, 'hcoultard3s@house.gov', '0xbcbcba0ce6e710506c87ac9d0c45f20ed5909887', 'gK4>XY57', 'lburges3s');
insert into user (id_user, is_activated, is_deleted, is_verified, joined_date, user_info_id, email, profil_link, pwd, user_name) values (138, 1, true, true, '2004-12-12', 138, 'ddobrovolski3t@salon.com', '0x4e6941be2ceaecfad112cedda758e5234dca6a85', 'dR7J*.!pn', 'freynolds3t');
insert into user (id_user, is_activated, is_deleted, is_verified, joined_date, user_info_id, email, profil_link, pwd, user_name) values (139, 1, false, false, '2019-11-20', 139, 'eflagg3u@livejournal.com', '0xc79272eea2cefc7e3b21d15b9c4b3fb6917f2311', 'rD4{nA', 'tmacmeekan3u');
insert into user (id_user, is_activated, is_deleted, is_verified, joined_date, user_info_id, email, profil_link, pwd, user_name) values (140, 1, true, true, '2019-12-24', 140, 'rkinastan3v@shareasale.com', '0xc201a34e45e47bb692e35bf73d082051a9e76a74', 'eZ6,i)QJfA)', 'rmazin3v');
insert into user (id_user, is_activated, is_deleted, is_verified, joined_date, user_info_id, email, profil_link, pwd, user_name) values (141, 1, false, false, '2018-07-13', 141, 'fsimonin3w@gizmodo.com', '0x5a643736f03ebac616fc073b4561675fe305d297', 'fC8McS+,8r)/', 'lgeorgescu3w');
insert into user (id_user, is_activated, is_deleted, is_verified, joined_date, user_info_id, email, profil_link, pwd, user_name) values (142, 1, true, false, '2013-01-03', 142, 'ebrotherton3x@paypal.com', '0xd7a156ebde4fd880fe8ff796f88ff79c95772fd5', 'rM61P}o_qYv', 'dtassel3x');
insert into user (id_user, is_activated, is_deleted, is_verified, joined_date, user_info_id, email, profil_link, pwd, user_name) values (143, 1, false, true, '2018-01-18', 143, 'jvoice3y@nymag.com', '0x779b01c52fec8e08260436e12d77925d7b49f229', 'hI0GUtXJmsa', 'vcromwell3y');
insert into user (id_user, is_activated, is_deleted, is_verified, joined_date, user_info_id, email, profil_link, pwd, user_name) values (144, 1, false, true, '2021-01-22', 144, 'rabbay3z@china.com.cn', '0xfa16e0a3ad06515f1398cc488ae5d23dbda5b06a', 'uS7AWy!k{s', 'hgregoletti3z');
insert into user (id_user, is_activated, is_deleted, is_verified, joined_date, user_info_id, email, profil_link, pwd, user_name) values (145, 1, true, true, '2009-07-23', 145, 'tkneal40@hc360.com', '0xc40848cdb340072c6a6c925e04a3e325f39a676a', 'qO5EbWM#q', 'lburgwin40');
insert into user (id_user, is_activated, is_deleted, is_verified, joined_date, user_info_id, email, profil_link, pwd, user_name) values (146, 1, false, false, '2017-10-01', 146, 'tphilippon41@reddit.com', '0x275bba8147b25e4d48e1c330e1795c352fce7dba', 'jF584HR', 'hrozier41');
insert into user (id_user, is_activated, is_deleted, is_verified, joined_date, user_info_id, email, profil_link, pwd, user_name) values (147, 1, false, false, '2013-08-07', 147, 'bdeviney42@etsy.com', '0xacd7250b2d7b0febf2fa21195834bb9895a5c80b', 'dL4?(Y$"%(I', 'krevett42');
insert into user (id_user, is_activated, is_deleted, is_verified, joined_date, user_info_id, email, profil_link, pwd, user_name) values (148, 1, true, false, '2020-06-24', 148, 'rcracoe43@skyrock.com', '0x9222e961b3d6e358b6a759440f9bcdcd774edcb0', 'fR0b=svHx\X}', 'amedlicott43');
insert into user (id_user, is_activated, is_deleted, is_verified, joined_date, user_info_id, email, profil_link, pwd, user_name) values (149, 1, true, false, '2004-01-05', 149, 'criddoch44@ucoz.ru', '0xfa56cc0d431cddfa860323ecb644f64c8461facd', 'mD7bj''u@wRe', 'wgunton44');
insert into user (id_user, is_activated, is_deleted, is_verified, joined_date, user_info_id, email, profil_link, pwd, user_name) values (150, 1, true, false, '2012-05-22', 150, 'wcaser45@cmu.edu', '0x8db207f32458b80b0b442fa549fe3277a0a1a3f4', 'eX9Gv.#|M8qG', 'gearwicker45');
insert into user (id_user, is_activated, is_deleted, is_verified, joined_date, user_info_id, email, profil_link, pwd, user_name) values (151, 1, false, true, '2015-11-05', 151, 'klashbrook46@de.vu', '0x12938e87b7a3403c1b1abdabd16ff42039008adf', 'sG1)kOnR7', 'mkonmann46');
insert into user (id_user, is_activated, is_deleted, is_verified, joined_date, user_info_id, email, profil_link, pwd, user_name) values (152, 1, true, false, '2007-06-20', 152, 'fgarrity47@cdc.gov', '0xb2597bec91d7905ac73696423a3b380dea84103e', 'gM7BB4URkR~', 'cdayes47');
insert into user (id_user, is_activated, is_deleted, is_verified, joined_date, user_info_id, email, profil_link, pwd, user_name) values (153, 1, false, true, '2010-04-01', 153, 'jsoar48@webmd.com', '0xeee60ce438b081d7c3e206b3a00b438a995c031c', 'cR0eNd', 'ebargh48');
insert into user (id_user, is_activated, is_deleted, is_verified, joined_date, user_info_id, email, profil_link, pwd, user_name) values (154, 1, true, true, '2013-11-10', 154, 'jgammidge49@smugmug.com', '0x1a3a8ad351a82c93315b7252642d056191e00a11', 'yU24lzqiU', 'ggelland49');
insert into user (id_user, is_activated, is_deleted, is_verified, joined_date, user_info_id, email, profil_link, pwd, user_name) values (155, 1, false, false, '2007-06-05', 155, 'rbuttgow4a@csmonitor.com', '0x68beb205d650186243b7bbddae9b143a104a06aa', 'gS4oK2aBY', 'sbosley4a');
insert into user (id_user, is_activated, is_deleted, is_verified, joined_date, user_info_id, email, profil_link, pwd, user_name) values (156, 1, false, true, '2014-02-18', 156, 'jheathfield4b@google.it', '0x43448600b79d0bd24c91cf9d56729ce29c3fed3e', 'mT3)3j$', 'jivashintsov4b');
insert into user (id_user, is_activated, is_deleted, is_verified, joined_date, user_info_id, email, profil_link, pwd, user_name) values (157, 1, true, true, '2015-10-15', 157, 'cmalcher4c@zimbio.com', '0x07c9b427a06ec6a6cc44f03822faf04f523ac3a9', 'hV2Z!(U%wM', 'nlande4c');
insert into user (id_user, is_activated, is_deleted, is_verified, joined_date, user_info_id, email, profil_link, pwd, user_name) values (158, 1, true, true, '2005-08-28', 158, 'mblanpein4d@marketwatch.com', '0xbf119575997cfcb47432c277fcd6c5bee579cd95', 'oQ5+g*gn~G=', 'dlethbury4d');
insert into user (id_user, is_activated, is_deleted, is_verified, joined_date, user_info_id, email, profil_link, pwd, user_name) values (159, 1, true, true, '2020-05-30', 159, 'bcovelle4e@japanpost.jp', '0x15c483a10891fde09d5a28f4ac99f352bfa5aca1', 'aK6/Wu#', 'bblenkiron4e');
insert into user (id_user, is_activated, is_deleted, is_verified, joined_date, user_info_id, email, profil_link, pwd, user_name) values (160, 1, true, false, '2002-05-05', 160, 'rskrzynski4f@hugedomains.com', '0x5f28e220fc69f729042480ba134713842068208b', 'lQ8o?c1', 'cpoon4f');
insert into user (id_user, is_activated, is_deleted, is_verified, joined_date, user_info_id, email, profil_link, pwd, user_name) values (161, 1, true, true, '2016-03-20', 161, 'mmohammed4g@symantec.com', '0x9b673bc6652b82c9818159ce25aa29554b55d632', 'mB1h)T', 'dshenton4g');
insert into user (id_user, is_activated, is_deleted, is_verified, joined_date, user_info_id, email, profil_link, pwd, user_name) values (162, 1, true, false, '2019-12-19', 162, 'swilmut4h@ameblo.jp', '0x2d3c2734a779d58670c79b057afd33ca28f0d767', 'eV5VK~', 'rbutters4h');
insert into user (id_user, is_activated, is_deleted, is_verified, joined_date, user_info_id, email, profil_link, pwd, user_name) values (163, 1, false, true, '2011-11-07', 163, 'ltowey4i@jigsy.com', '0x245197c0813d349a1022a998eef9bab2a25b0206', 'zL2BfRnr4SdN', 'fwhitebrook4i');
insert into user (id_user, is_activated, is_deleted, is_verified, joined_date, user_info_id, email, profil_link, pwd, user_name) values (164, 1, true, true, '2015-05-13', 164, 'jreiach4j@surveymonkey.com', '0x32224ae20527e1d5c7e6ec1728587dbe99f26938', 'iQ7Q>k', 'tpirelli4j');
insert into user (id_user, is_activated, is_deleted, is_verified, joined_date, user_info_id, email, profil_link, pwd, user_name) values (165, 1, true, false, '2011-05-01', 165, 'slewing4k@arstechnica.com', '0x1d5c0b15d6405b58700df20f60350a9072595754', 'tO5qAd', 'sshirtcliffe4k');
insert into user (id_user, is_activated, is_deleted, is_verified, joined_date, user_info_id, email, profil_link, pwd, user_name) values (166, 1, false, false, '2013-04-03', 166, 'mmelvin4l@seesaa.net', '0x3009d71b2143446a8db3bc4d2299a46f9241ba74', 'tY7Tvk(E', 'charkus4l');
insert into user (id_user, is_activated, is_deleted, is_verified, joined_date, user_info_id, email, profil_link, pwd, user_name) values (167, 1, false, true, '2006-08-17', 167, 'slope4m@purevolume.com', '0x9674f0f5d9597c12335bcf1ffa6f0a9393020c6c', 'mS4k#O', 'eloveredge4m');
insert into user (id_user, is_activated, is_deleted, is_verified, joined_date, user_info_id, email, profil_link, pwd, user_name) values (168, 1, true, true, '2003-12-23', 168, 'pseath4n@examiner.com', '0x509c3b3946f60ff4ed634113cd1b1bcf9740e001', 'yV5Rdz(Y', 'cmaseyk4n');
insert into user (id_user, is_activated, is_deleted, is_verified, joined_date, user_info_id, email, profil_link, pwd, user_name) values (169, 1, true, false, '2007-12-02', 169, 'jjaques4o@blogger.com', '0xbf4fcf83350a0c6bab30d9dc0271e61bf8641691', 'kO7)*dvhxx1N', 'cscadding4o');
insert into user (id_user, is_activated, is_deleted, is_verified, joined_date, user_info_id, email, profil_link, pwd, user_name) values (170, 1, true, true, '2006-07-26', 170, 'jbowbrick4p@blogtalkradio.com', '0xcb98985720c3a4841a2c8d92c8bb9d06457dc949', 'vM0ya.Y', 'amaskelyne4p');
insert into user (id_user, is_activated, is_deleted, is_verified, joined_date, user_info_id, email, profil_link, pwd, user_name) values (171, 1, true, false, '2017-05-03', 171, 'oohickee4q@nsw.gov.au', '0x9da8b33dcf00c4f5d9bfe4f71547b5af5a1313b3', 'xD6bFEQ', 'cbrockhouse4q');
insert into user (id_user, is_activated, is_deleted, is_verified, joined_date, user_info_id, email, profil_link, pwd, user_name) values (172, 1, false, true, '2023-03-06', 172, 'ccrossman4r@trellian.com', '0xb44708660c015752207083ed0983c2436fb9aedf', 'oT4_MUW', 'cmcinnery4r');
insert into user (id_user, is_activated, is_deleted, is_verified, joined_date, user_info_id, email, profil_link, pwd, user_name) values (173, 1, false, false, '2023-12-08', 173, 'hdecastelain4s@craigslist.org', '0x69e18056403b94927cc46a94bead8e17a88e821f', 'fI3xkBnhpTu', 'pkeel4s');
insert into user (id_user, is_activated, is_deleted, is_verified, joined_date, user_info_id, email, profil_link, pwd, user_name) values (174, 1, false, true, '2017-07-18', 174, 'mmcnee4t@prnewswire.com', '0xa029205fd8dab5c3b79c4423a147a8e0cc4d9958', 'gA7DD2', 'ghurton4t');
insert into user (id_user, is_activated, is_deleted, is_verified, joined_date, user_info_id, email, profil_link, pwd, user_name) values (175, 1, false, false, '2003-07-16', 175, 'dbradley4u@state.gov', '0x52790e7de29ead26a768e7a4eff72a3d2d11a81b', 'zX7=&C', 'lmorrill4u');
insert into user (id_user, is_activated, is_deleted, is_verified, joined_date, user_info_id, email, profil_link, pwd, user_name) values (176, 1, true, true, '2014-05-07', 176, 'rhrinchishin4v@facebook.com', '0x5f59af31f5a32aa830cb677ec46d516ead1a0a22', 'yL3ju=z!D~', 'drosenzveig4v');
insert into user (id_user, is_activated, is_deleted, is_verified, joined_date, user_info_id, email, profil_link, pwd, user_name) values (177, 1, false, true, '2015-08-05', 177, 'bspatig4w@booking.com', '0x560f7c5c913c91a4138a5ec8b8dbe05d6b4f4d36', 'qR1!#_K`X`', 'redwick4w');
insert into user (id_user, is_activated, is_deleted, is_verified, joined_date, user_info_id, email, profil_link, pwd, user_name) values (178, 1, false, false, '2017-06-02', 178, 'aglennon4x@instagram.com', '0xd0a738d3d075d5095407908a4121214dff4ee191', 'dY8k`x{%', 'tstapford4x');
insert into user (id_user, is_activated, is_deleted, is_verified, joined_date, user_info_id, email, profil_link, pwd, user_name) values (179, 1, false, true, '2005-12-04', 179, 'gledford4y@google.de', '0xe26473b31e2ccf14988026295d8a4cb3da45610d', 'gW8iUt(a', 'epaulson4y');
insert into user (id_user, is_activated, is_deleted, is_verified, joined_date, user_info_id, email, profil_link, pwd, user_name) values (180, 1, false, false, '2007-05-22', 180, 'rmanginot4z@dyndns.org', '0x533788f38b01b6e4d55ef51ae33b4955adfa8d53', 'qH3N2D1~N@!U', 'djacmard4z');
insert into user (id_user, is_activated, is_deleted, is_verified, joined_date, user_info_id, email, profil_link, pwd, user_name) values (181, 1, true, false, '2023-04-04', 181, 'kpeart50@omniture.com', '0xca8ca50b4756d06256f0c174a7e8cab56bdf57ca', 'vI25{bD', 'jtremellier50');
insert into user (id_user, is_activated, is_deleted, is_verified, joined_date, user_info_id, email, profil_link, pwd, user_name) values (182, 1, true, false, '2010-01-17', 182, 'mscolts51@si.edu', '0xd9101d860b46bed42c5a5b838922192c372f0e31', 'tE7Vk(`0', 'lgayter51');
insert into user (id_user, is_activated, is_deleted, is_verified, joined_date, user_info_id, email, profil_link, pwd, user_name) values (183, 1, false, true, '2002-03-11', 183, 'mschenkel52@shareasale.com', '0x8840a40d65778a6509aa753910ac3f3f596b15a0', 'eD3x$y', 'hdrewson52');
insert into user (id_user, is_activated, is_deleted, is_verified, joined_date, user_info_id, email, profil_link, pwd, user_name) values (184, 1, false, false, '2023-05-26', 184, 'ejoslow53@seattletimes.com', '0x0bc3ae6f18cc3cf17596339a94fc6fe8f4f010ae', 'iA7?hKr', 'rgrellis53');
insert into user (id_user, is_activated, is_deleted, is_verified, joined_date, user_info_id, email, profil_link, pwd, user_name) values (185, 1, true, true, '2005-11-23', 185, 'sfrodsham54@google.ru', '0xc168ec1649b7fc1b985a4c8a5310dda1c97c1ffb', 'wJ2r4D~vj%W', 'aheitz54');
insert into user (id_user, is_activated, is_deleted, is_verified, joined_date, user_info_id, email, profil_link, pwd, user_name) values (186, 1, false, false, '2018-08-10', 186, 'hsuthworth55@telegraph.co.uk', '0xb74d90ee6be65732aec9a68186f3a02e655c2861', 'xN82kml?', 'reller55');
insert into user (id_user, is_activated, is_deleted, is_verified, joined_date, user_info_id, email, profil_link, pwd, user_name) values (187, 1, false, false, '2020-01-27', 187, 'jfullegar56@macromedia.com', '0x9eeef1abe21bef4a5f1e829caea817f85a307acb', 'tR05E$n', 'sgoodfellowe56');
insert into user (id_user, is_activated, is_deleted, is_verified, joined_date, user_info_id, email, profil_link, pwd, user_name) values (188, 1, true, true, '2019-05-01', 188, 'hlibreros57@rambler.ru', '0x3c09ee81b2eeed98a57498d9a8c7d15cc7c595e5', 'dD4mu>f"PdC', 'nblazek57');
insert into user (id_user, is_activated, is_deleted, is_verified, joined_date, user_info_id, email, profil_link, pwd, user_name) values (189, 1, false, false, '2018-06-15', 189, 'mgiottoi58@msu.edu', '0xfd0068917632f3bc8e80d40809cfb75d277d3419', 'dI6q&PY5Cj', 'shiscocks58');
insert into user (id_user, is_activated, is_deleted, is_verified, joined_date, user_info_id, email, profil_link, pwd, user_name) values (190, 1, false, true, '2009-11-25', 190, 'hcradick59@cnbc.com', '0x38207db6072ae838a5efac6d5aa8d4e935226034', 'hI5H5Sq3', 'ppostans59');
insert into user (id_user, is_activated, is_deleted, is_verified, joined_date, user_info_id, email, profil_link, pwd, user_name) values (191, 1, false, true, '2003-07-20', 191, 'abinns5a@ucoz.ru', '0xdfcdb407b40944960b643a5dba8b108e8c32925f', 'aL5{!u\+0t', 'sclapham5a');
insert into user (id_user, is_activated, is_deleted, is_verified, joined_date, user_info_id, email, profil_link, pwd, user_name) values (192, 1, false, false, '2003-01-03', 192, 'dsawyers5b@utexas.edu', '0xbb48a114e866eb150e753cbddb7d5cc3f3720a63', 'jE18gh~i>A%', 'mlesek5b');
insert into user (id_user, is_activated, is_deleted, is_verified, joined_date, user_info_id, email, profil_link, pwd, user_name) values (193, 1, true, false, '2023-04-02', 193, 'rcapeloff5c@geocities.com', '0x4317fc8d759f5ffc163a8579b6026cd775915242', 'gS7W(rRf8&2@', 'eheineke5c');
insert into user (id_user, is_activated, is_deleted, is_verified, joined_date, user_info_id, email, profil_link, pwd, user_name) values (194, 1, false, false, '2015-11-03', 194, 'lchipping5d@prnewswire.com', '0x771b6547e0c183a13599748824116601339475a9', 'sT3vreIGQ', 'ostaig5d');
insert into user (id_user, is_activated, is_deleted, is_verified, joined_date, user_info_id, email, profil_link, pwd, user_name) values (195, 1, true, false, '2016-08-14', 195, 'mmerill5e@ning.com', '0xe6c10f8c4e8ce660ed915d39795c5452bb377206', 'hO7`e!', 'craeside5e');
insert into user (id_user, is_activated, is_deleted, is_verified, joined_date, user_info_id, email, profil_link, pwd, user_name) values (196, 1, true, false, '2003-04-07', 196, 'ggutman5f@miibeian.gov.cn', '0xefab0c912a9c32567b361e2d564484a574a181d8', 'aV0KT6G|', 'rbysaker5f');
insert into user (id_user, is_activated, is_deleted, is_verified, joined_date, user_info_id, email, profil_link, pwd, user_name) values (197, 1, true, true, '2020-02-27', 197, 'tmacentee5g@mapy.cz', '0xaa9437f424c692796c669dad04eb47f2c0e16e11', 'aY1D?qd<"ka', 'ielfleet5g');
insert into user (id_user, is_activated, is_deleted, is_verified, joined_date, user_info_id, email, profil_link, pwd, user_name) values (198, 1, true, true, '2019-03-29', 198, 'mcolquyte5h@kickstarter.com', '0xeb82eb71724b0f51ee64fd1f5d846c2d143edbb3', 'aX0*Hy})', 'csteeples5h');
insert into user (id_user, is_activated, is_deleted, is_verified, joined_date, user_info_id, email, profil_link, pwd, user_name) values (199, 1, false, true, '2003-11-23', 199, 'jmasey5i@artisteer.com', '0xc1e4f8182efa479819ba36a7f0a85a539ce24593', 'jE0POhx|', 'rclogg5i');
insert into user (id_user, is_activated, is_deleted, is_verified, joined_date, user_info_id, email, profil_link, pwd, user_name) values (200, 1, true, false, '2016-12-18', 200, 'akaret5j@pbs.org', '0xae02cb59df2bcd6574dd560613470361e3fc573d', 'xW6@l)|rNZI', 'rdonke5j');

/* AdTag */
insert into ad_tag (id_ad_tag, name) values (1, 'SDH');
insert into ad_tag (id_ad_tag, name) values (2, 'BOQ');
insert into ad_tag (id_ad_tag, name) values (3, 'IXB');
insert into ad_tag (id_ad_tag, name) values (4, 'DNK');
insert into ad_tag (id_ad_tag, name) values (5, 'MST');
insert into ad_tag (id_ad_tag, name) values (6, 'HGH');
insert into ad_tag (id_ad_tag, name) values (7, 'AGP');
insert into ad_tag (id_ad_tag, name) values (8, 'TVF');
insert into ad_tag (id_ad_tag, name) values (9, 'EFW');
insert into ad_tag (id_ad_tag, name) values (10, 'HPB');
insert into ad_tag (id_ad_tag, name) values (11, 'PTQ');
insert into ad_tag (id_ad_tag, name) values (12, 'MUO');
insert into ad_tag (id_ad_tag, name) values (13, 'ZTB');
insert into ad_tag (id_ad_tag, name) values (14, 'UTE');
insert into ad_tag (id_ad_tag, name) values (15, 'CFE');
insert into ad_tag (id_ad_tag, name) values (16, 'IBL');
insert into ad_tag (id_ad_tag, name) values (17, 'ENY');
insert into ad_tag (id_ad_tag, name) values (18, 'INE');
insert into ad_tag (id_ad_tag, name) values (19, 'DIP');
insert into ad_tag (id_ad_tag, name) values (20, 'LLE');
insert into ad_tag (id_ad_tag, name) values (21, 'KTT');
insert into ad_tag (id_ad_tag, name) values (22, 'DBO');
insert into ad_tag (id_ad_tag, name) values (23, 'EIE');
insert into ad_tag (id_ad_tag, name) values (24, 'OJC');
insert into ad_tag (id_ad_tag, name) values (25, 'IBB');
insert into ad_tag (id_ad_tag, name) values (26, 'NLK');
insert into ad_tag (id_ad_tag, name) values (27, 'LIO');
insert into ad_tag (id_ad_tag, name) values (28, 'BUT');
insert into ad_tag (id_ad_tag, name) values (29, 'WNH');
insert into ad_tag (id_ad_tag, name) values (30, 'ECR');
insert into ad_tag (id_ad_tag, name) values (31, 'DOC');
insert into ad_tag (id_ad_tag, name) values (32, 'IHN');
insert into ad_tag (id_ad_tag, name) values (33, 'KIG');
insert into ad_tag (id_ad_tag, name) values (34, 'TKF');
insert into ad_tag (id_ad_tag, name) values (35, 'IBI');
insert into ad_tag (id_ad_tag, name) values (36, 'AAQ');
insert into ad_tag (id_ad_tag, name) values (37, 'NAC');
insert into ad_tag (id_ad_tag, name) values (38, 'GAC');
insert into ad_tag (id_ad_tag, name) values (39, 'JHS');
insert into ad_tag (id_ad_tag, name) values (40, 'AHI');
insert into ad_tag (id_ad_tag, name) values (41, 'YCE');
insert into ad_tag (id_ad_tag, name) values (42, 'AOP');
insert into ad_tag (id_ad_tag, name) values (43, 'ORX');
insert into ad_tag (id_ad_tag, name) values (44, 'WIB');
insert into ad_tag (id_ad_tag, name) values (45, 'SMF');
insert into ad_tag (id_ad_tag, name) values (46, 'ANX');
insert into ad_tag (id_ad_tag, name) values (47, '0');
insert into ad_tag (id_ad_tag, name) values (48, 'KLF');
insert into ad_tag (id_ad_tag, name) values (49, 'DGO');
insert into ad_tag (id_ad_tag, name) values (50, 'PGA');
insert into ad_tag (id_ad_tag, name) values (51, 'BHW');
insert into ad_tag (id_ad_tag, name) values (52, 'GLF');
insert into ad_tag (id_ad_tag, name) values (53, 'FFL');
insert into ad_tag (id_ad_tag, name) values (54, 'YCU');
insert into ad_tag (id_ad_tag, name) values (55, 'NTI');
insert into ad_tag (id_ad_tag, name) values (56, 'AID');
insert into ad_tag (id_ad_tag, name) values (57, 'MNQW');
insert into ad_tag (id_ad_tag, name) values (58, 'SLV');
insert into ad_tag (id_ad_tag, name) values (59, 'DCI');
insert into ad_tag (id_ad_tag, name) values (60, 'KDA');
insert into ad_tag (id_ad_tag, name) values (61, 'YDT');
insert into ad_tag (id_ad_tag, name) values (62, 'KAE');
insert into ad_tag (id_ad_tag, name) values (63, 'MAF');
insert into ad_tag (id_ad_tag, name) values (64, 'XJM');
insert into ad_tag (id_ad_tag, name) values (65, 'DGW');
insert into ad_tag (id_ad_tag, name) values (66, 'GYP');
insert into ad_tag (id_ad_tag, name) values (67, 'SOK');
insert into ad_tag (id_ad_tag, name) values (68, 'HSG');
insert into ad_tag (id_ad_tag, name) values (69, 'OKL');
insert into ad_tag (id_ad_tag, name) values (70, 'UCE');
insert into ad_tag (id_ad_tag, name) values (71, 'CQS');
insert into ad_tag (id_ad_tag, name) values (72, 'AEM');
insert into ad_tag (id_ad_tag, name) values (73, 'KOQ');
insert into ad_tag (id_ad_tag, name) values (74, 'LYX');
insert into ad_tag (id_ad_tag, name) values (75, 'CBT');
insert into ad_tag (id_ad_tag, name) values (76, 'CAP');
insert into ad_tag (id_ad_tag, name) values (77, 'YGM');
insert into ad_tag (id_ad_tag, name) values (78, 'LPX');
insert into ad_tag (id_ad_tag, name) values (79, 'LRH');
insert into ad_tag (id_ad_tag, name) values (80, 'ROK');
insert into ad_tag (id_ad_tag, name) values (81, 'FLV');
insert into ad_tag (id_ad_tag, name) values (82, 'HSC');
insert into ad_tag (id_ad_tag, name) values (83, 'DKS');
insert into ad_tag (id_ad_tag, name) values (84, 'GBT');
insert into ad_tag (id_ad_tag, name) values (85, 'HVK');
insert into ad_tag (id_ad_tag, name) values (86, 'TWY');
insert into ad_tag (id_ad_tag, name) values (87, 'CVE');
insert into ad_tag (id_ad_tag, name) values (88, 'YUE');
insert into ad_tag (id_ad_tag, name) values (89, 'TGU');
insert into ad_tag (id_ad_tag, name) values (90, 'CFB');
insert into ad_tag (id_ad_tag, name) values (91, 'DMN');
insert into ad_tag (id_ad_tag, name) values (92, 'AKH');
insert into ad_tag (id_ad_tag, name) values (93, 'NOP');
insert into ad_tag (id_ad_tag, name) values (94, 'EIK');
insert into ad_tag (id_ad_tag, name) values (95, 'FKN');
insert into ad_tag (id_ad_tag, name) values (96, 'YGK');
insert into ad_tag (id_ad_tag, name) values (97, 'BPC');
insert into ad_tag (id_ad_tag, name) values (98, 'PHH');
insert into ad_tag (id_ad_tag, name) values (99, 'TDX');
insert into ad_tag (id_ad_tag, name) values (100, 'SUA');
insert into ad_tag (id_ad_tag, name) values (101, 'AKQ');
insert into ad_tag (id_ad_tag, name) values (102, 'HYL');
insert into ad_tag (id_ad_tag, name) values (103, 'AHN');
insert into ad_tag (id_ad_tag, name) values (104, 'HKS');
insert into ad_tag (id_ad_tag, name) values (105, 'YNC');
insert into ad_tag (id_ad_tag, name) values (106, 'MQZ');
insert into ad_tag (id_ad_tag, name) values (107, 'LXS');
insert into ad_tag (id_ad_tag, name) values (108, 'FIZ');
insert into ad_tag (id_ad_tag, name) values (109, 'KOHD');
insert into ad_tag (id_ad_tag, name) values (110, 'SRI');
insert into ad_tag (id_ad_tag, name) values (111, 'BUY');
insert into ad_tag (id_ad_tag, name) values (112, 'FNE');
insert into ad_tag (id_ad_tag, name) values (113, 'CEN');
insert into ad_tag (id_ad_tag, name) values (114, 'SYK');
insert into ad_tag (id_ad_tag, name) values (115, 'SMY');
insert into ad_tag (id_ad_tag, name) values (116, 'TQR');
insert into ad_tag (id_ad_tag, name) values (117, 'NTB');
insert into ad_tag (id_ad_tag, name) values (118, 'DIQ');
insert into ad_tag (id_ad_tag, name) values (119, 'MSL');
insert into ad_tag (id_ad_tag, name) values (120, 'AMT');
insert into ad_tag (id_ad_tag, name) values (121, 'ESE');
insert into ad_tag (id_ad_tag, name) values (122, 'THM');
insert into ad_tag (id_ad_tag, name) values (123, 'IDK');
insert into ad_tag (id_ad_tag, name) values (124, 'ALO');
insert into ad_tag (id_ad_tag, name) values (125, 'TMI');
insert into ad_tag (id_ad_tag, name) values (126, 'DBP');
insert into ad_tag (id_ad_tag, name) values (127, 'RET');
insert into ad_tag (id_ad_tag, name) values (128, 'FEZ');
insert into ad_tag (id_ad_tag, name) values (129, 'OHD');
insert into ad_tag (id_ad_tag, name) values (130, 'FAK');
insert into ad_tag (id_ad_tag, name) values (131, 'LEK');
insert into ad_tag (id_ad_tag, name) values (132, 'ONQ');
insert into ad_tag (id_ad_tag, name) values (133, 'BUW');
insert into ad_tag (id_ad_tag, name) values (134, 'GOR');
insert into ad_tag (id_ad_tag, name) values (135, 'LDV');
insert into ad_tag (id_ad_tag, name) values (136, 'WMD');
insert into ad_tag (id_ad_tag, name) values (137, 'AIH');
insert into ad_tag (id_ad_tag, name) values (138, 'TAK');
insert into ad_tag (id_ad_tag, name) values (139, 'CVB');
insert into ad_tag (id_ad_tag, name) values (140, 'OMN');
insert into ad_tag (id_ad_tag, name) values (141, 'AUU');
insert into ad_tag (id_ad_tag, name) values (142, 'ADV');
insert into ad_tag (id_ad_tag, name) values (143, 'KMI');
insert into ad_tag (id_ad_tag, name) values (144, 'FLO');
insert into ad_tag (id_ad_tag, name) values (145, 'KWY');
insert into ad_tag (id_ad_tag, name) values (146, 'CHZ');
insert into ad_tag (id_ad_tag, name) values (147, 'SUE');
insert into ad_tag (id_ad_tag, name) values (148, 'SASL');
insert into ad_tag (id_ad_tag, name) values (149, 'LAY');
insert into ad_tag (id_ad_tag, name) values (150, 'SESL');
insert into ad_tag (id_ad_tag, name) values (151, 'CAQW');
insert into ad_tag (id_ad_tag, name) values (152, 'POM');
insert into ad_tag (id_ad_tag, name) values (153, 'RPB');
insert into ad_tag (id_ad_tag, name) values (154, 'TID');
insert into ad_tag (id_ad_tag, name) values (155, 'NAQ');
insert into ad_tag (id_ad_tag, name) values (156, 'MBG');
insert into ad_tag (id_ad_tag, name) values (157, 'WEI');
insert into ad_tag (id_ad_tag, name) values (158, 'GIS');
insert into ad_tag (id_ad_tag, name) values (159, 'SUO');
insert into ad_tag (id_ad_tag, name) values (160, 'CTF');
insert into ad_tag (id_ad_tag, name) values (161, 'FBR');
insert into ad_tag (id_ad_tag, name) values (162, 'LKH');
insert into ad_tag (id_ad_tag, name) values (163, 'TSZ');
insert into ad_tag (id_ad_tag, name) values (164, 'BAB');
insert into ad_tag (id_ad_tag, name) values (165, 'RHT');
insert into ad_tag (id_ad_tag, name) values (166, 'UBA');
insert into ad_tag (id_ad_tag, name) values (167, 'ELK');
insert into ad_tag (id_ad_tag, name) values (168, 'MTK');
insert into ad_tag (id_ad_tag, name) values (169, 'SAR');
insert into ad_tag (id_ad_tag, name) values (170, 'UIZ');
insert into ad_tag (id_ad_tag, name) values (171, 'PSZ');
insert into ad_tag (id_ad_tag, name) values (172, 'ZVG');
insert into ad_tag (id_ad_tag, name) values (173, 'COT');
insert into ad_tag (id_ad_tag, name) values (174, 'FRD');
insert into ad_tag (id_ad_tag, name) values (175, 'MYB');
insert into ad_tag (id_ad_tag, name) values (176, 'CXT');
insert into ad_tag (id_ad_tag, name) values (177, 'MGV');
insert into ad_tag (id_ad_tag, name) values (178, 'NSH');
insert into ad_tag (id_ad_tag, name) values (179, 'MYN');
insert into ad_tag (id_ad_tag, name) values (180, 'FUM');
insert into ad_tag (id_ad_tag, name) values (181, 'BWK');
insert into ad_tag (id_ad_tag, name) values (182, 'WVB');
insert into ad_tag (id_ad_tag, name) values (183, 'LBG');
insert into ad_tag (id_ad_tag, name) values (184, 'SZL');
insert into ad_tag (id_ad_tag, name) values (185, 'KAZ');
insert into ad_tag (id_ad_tag, name) values (186, 'ZRM');
insert into ad_tag (id_ad_tag, name) values (187, 'XIG');
insert into ad_tag (id_ad_tag, name) values (188, 'ASI');
insert into ad_tag (id_ad_tag, name) values (189, 'QRY');
insert into ad_tag (id_ad_tag, name) values (190, 'FGD');
insert into ad_tag (id_ad_tag, name) values (191, 'LGF');
insert into ad_tag (id_ad_tag, name) values (192, 'CVO');
insert into ad_tag (id_ad_tag, name) values (193, 'SGN');
insert into ad_tag (id_ad_tag, name) values (194, 'LUK');
insert into ad_tag (id_ad_tag, name) values (195, 'AHS');
insert into ad_tag (id_ad_tag, name) values (196, 'OH1D');
insert into ad_tag (id_ad_tag, name) values (197, 'BZZT');
insert into ad_tag (id_ad_tag, name) values (198, 'YRF');
insert into ad_tag (id_ad_tag, name) values (199, 'ANS');
insert into ad_tag (id_ad_tag, name) values (200, 'LNB');

/* AdType */
insert into ad_type (id_ad_type, name) values (1, '9572402784');
insert into ad_type (id_ad_type, name) values (2, '1033179341');
insert into ad_type (id_ad_type, name) values (3, '8726014915');
insert into ad_type (id_ad_type, name) values (4, '8144187100');
insert into ad_type (id_ad_type, name) values (5, '9721518096');
insert into ad_type (id_ad_type, name) values (6, '7486867421');
insert into ad_type (id_ad_type, name) values (7, '1242576927');
insert into ad_type (id_ad_type, name) values (8, '5622380446');
insert into ad_type (id_ad_type, name) values (9, '1681274534');
insert into ad_type (id_ad_type, name) values (10, '8684063021');
insert into ad_type (id_ad_type, name) values (11, '3666813290');
insert into ad_type (id_ad_type, name) values (12, '7778537923');
insert into ad_type (id_ad_type, name) values (13, '7906147116');
insert into ad_type (id_ad_type, name) values (14, '3108031921');
insert into ad_type (id_ad_type, name) values (15, '5327837193');
insert into ad_type (id_ad_type, name) values (16, '7846298247');
insert into ad_type (id_ad_type, name) values (17, '9755071624');
insert into ad_type (id_ad_type, name) values (18, '4128588340');
insert into ad_type (id_ad_type, name) values (19, '8532207707');
insert into ad_type (id_ad_type, name) values (20, '4638012139');
insert into ad_type (id_ad_type, name) values (21, '6174488515');
insert into ad_type (id_ad_type, name) values (22, '6337734656');
insert into ad_type (id_ad_type, name) values (23, '7174273745');
insert into ad_type (id_ad_type, name) values (24, '4811842872');
insert into ad_type (id_ad_type, name) values (25, '1657264026');
insert into ad_type (id_ad_type, name) values (26, '5472143844');
insert into ad_type (id_ad_type, name) values (27, '5011918330');
insert into ad_type (id_ad_type, name) values (28, '5813862720');
insert into ad_type (id_ad_type, name) values (29, '9696010842');
insert into ad_type (id_ad_type, name) values (30, '8879697127');
insert into ad_type (id_ad_type, name) values (31, '2472783278');
insert into ad_type (id_ad_type, name) values (32, '2433099993');
insert into ad_type (id_ad_type, name) values (33, '3197812369');
insert into ad_type (id_ad_type, name) values (34, '7215403002');
insert into ad_type (id_ad_type, name) values (35, '9749535235');
insert into ad_type (id_ad_type, name) values (36, '9227069683');
insert into ad_type (id_ad_type, name) values (37, '5854457276');
insert into ad_type (id_ad_type, name) values (38, '8574046153');
insert into ad_type (id_ad_type, name) values (39, '2968848608');
insert into ad_type (id_ad_type, name) values (40, '7793216207');
insert into ad_type (id_ad_type, name) values (41, '2026897221');
insert into ad_type (id_ad_type, name) values (42, '7434156090');
insert into ad_type (id_ad_type, name) values (43, '8906408794');
insert into ad_type (id_ad_type, name) values (44, '9393737715');
insert into ad_type (id_ad_type, name) values (45, '5277085877');
insert into ad_type (id_ad_type, name) values (46, '4173916482');
insert into ad_type (id_ad_type, name) values (47, '1995168026');
insert into ad_type (id_ad_type, name) values (48, '3958734135');
insert into ad_type (id_ad_type, name) values (49, '4905560336');
insert into ad_type (id_ad_type, name) values (50, '1729350809');
insert into ad_type (id_ad_type, name) values (51, '9478143525');
insert into ad_type (id_ad_type, name) values (52, '3172839031');
insert into ad_type (id_ad_type, name) values (53, '4488645754');
insert into ad_type (id_ad_type, name) values (54, '5907118014');
insert into ad_type (id_ad_type, name) values (55, '9737830422');
insert into ad_type (id_ad_type, name) values (56, '7508573124');
insert into ad_type (id_ad_type, name) values (57, '9472636323');
insert into ad_type (id_ad_type, name) values (58, '2317991978');
insert into ad_type (id_ad_type, name) values (59, '4614099483');
insert into ad_type (id_ad_type, name) values (60, '4528032966');
insert into ad_type (id_ad_type, name) values (61, '6198712596');
insert into ad_type (id_ad_type, name) values (62, '5302309267');
insert into ad_type (id_ad_type, name) values (63, '9419213019');
insert into ad_type (id_ad_type, name) values (64, '8357437918');
insert into ad_type (id_ad_type, name) values (65, '2058639172');
insert into ad_type (id_ad_type, name) values (66, '8029070867');
insert into ad_type (id_ad_type, name) values (67, '1947648324');
insert into ad_type (id_ad_type, name) values (68, '5949724637');
insert into ad_type (id_ad_type, name) values (69, '6632347229');
insert into ad_type (id_ad_type, name) values (70, '6026648313');
insert into ad_type (id_ad_type, name) values (71, '7416868563');
insert into ad_type (id_ad_type, name) values (72, '8762620034');
insert into ad_type (id_ad_type, name) values (73, '3118240096');
insert into ad_type (id_ad_type, name) values (74, '5818344099');
insert into ad_type (id_ad_type, name) values (75, '7706712690');
insert into ad_type (id_ad_type, name) values (76, '8232589923');
insert into ad_type (id_ad_type, name) values (77, '8457553065');
insert into ad_type (id_ad_type, name) values (78, '6812681794');
insert into ad_type (id_ad_type, name) values (79, '7976483971');
insert into ad_type (id_ad_type, name) values (80, '6728143263');
insert into ad_type (id_ad_type, name) values (81, '9024958933');
insert into ad_type (id_ad_type, name) values (82, '8435933071');
insert into ad_type (id_ad_type, name) values (83, '4777307232');
insert into ad_type (id_ad_type, name) values (84, '9627905437');
insert into ad_type (id_ad_type, name) values (85, '3095023891');
insert into ad_type (id_ad_type, name) values (86, '8966035100');
insert into ad_type (id_ad_type, name) values (87, '4227633190');
insert into ad_type (id_ad_type, name) values (88, '9647512281');
insert into ad_type (id_ad_type, name) values (89, '1442595264');
insert into ad_type (id_ad_type, name) values (90, '6557951014');
insert into ad_type (id_ad_type, name) values (91, '8824997190');
insert into ad_type (id_ad_type, name) values (92, '5112353283');
insert into ad_type (id_ad_type, name) values (93, '5248415796');
insert into ad_type (id_ad_type, name) values (94, '4385354355');
insert into ad_type (id_ad_type, name) values (95, '9048144006');
insert into ad_type (id_ad_type, name) values (96, '7117149001');
insert into ad_type (id_ad_type, name) values (97, '7957305459');
insert into ad_type (id_ad_type, name) values (98, '1085162607');
insert into ad_type (id_ad_type, name) values (99, '6963534538');
insert into ad_type (id_ad_type, name) values (100, '6686723406');
insert into ad_type (id_ad_type, name) values (101, '5034940945');
insert into ad_type (id_ad_type, name) values (102, '3517340860');
insert into ad_type (id_ad_type, name) values (103, '7062528715');
insert into ad_type (id_ad_type, name) values (104, '6144387003');
insert into ad_type (id_ad_type, name) values (105, '2274524768');
insert into ad_type (id_ad_type, name) values (106, '2507735589');
insert into ad_type (id_ad_type, name) values (107, '5826036575');
insert into ad_type (id_ad_type, name) values (108, '3866867208');
insert into ad_type (id_ad_type, name) values (109, '4591272075');
insert into ad_type (id_ad_type, name) values (110, '1178869364');
insert into ad_type (id_ad_type, name) values (111, '3884408928');
insert into ad_type (id_ad_type, name) values (112, '1072757401');
insert into ad_type (id_ad_type, name) values (113, '6204807001');
insert into ad_type (id_ad_type, name) values (114, '8407812983');
insert into ad_type (id_ad_type, name) values (115, '3696351399');
insert into ad_type (id_ad_type, name) values (116, '9204039101');
insert into ad_type (id_ad_type, name) values (117, '7709653665');
insert into ad_type (id_ad_type, name) values (118, '4137156596');
insert into ad_type (id_ad_type, name) values (119, '8999561865');
insert into ad_type (id_ad_type, name) values (120, '7406217056');
insert into ad_type (id_ad_type, name) values (121, '1497456843');
insert into ad_type (id_ad_type, name) values (122, '3069412573');
insert into ad_type (id_ad_type, name) values (123, '7219540855');
insert into ad_type (id_ad_type, name) values (124, '6541714427');
insert into ad_type (id_ad_type, name) values (125, '4243223820');
insert into ad_type (id_ad_type, name) values (126, '8936426621');
insert into ad_type (id_ad_type, name) values (127, '9082024817');
insert into ad_type (id_ad_type, name) values (128, '4904024015');
insert into ad_type (id_ad_type, name) values (129, '4312934506');
insert into ad_type (id_ad_type, name) values (130, '5592961126');
insert into ad_type (id_ad_type, name) values (131, '6863665908');
insert into ad_type (id_ad_type, name) values (132, '2039316383');
insert into ad_type (id_ad_type, name) values (133, '4537541603');
insert into ad_type (id_ad_type, name) values (134, '9074991945');
insert into ad_type (id_ad_type, name) values (135, '4952322681');
insert into ad_type (id_ad_type, name) values (136, '5645651677');
insert into ad_type (id_ad_type, name) values (137, '7636054283');
insert into ad_type (id_ad_type, name) values (138, '3285655022');
insert into ad_type (id_ad_type, name) values (139, '7665368056');
insert into ad_type (id_ad_type, name) values (140, '2975451298');
insert into ad_type (id_ad_type, name) values (141, '1855422022');
insert into ad_type (id_ad_type, name) values (142, '1573615443');
insert into ad_type (id_ad_type, name) values (143, '4555378558');
insert into ad_type (id_ad_type, name) values (144, '8578836164');
insert into ad_type (id_ad_type, name) values (145, '9416547690');
insert into ad_type (id_ad_type, name) values (146, '5736598330');
insert into ad_type (id_ad_type, name) values (147, '1811590296');
insert into ad_type (id_ad_type, name) values (148, '2266912665');
insert into ad_type (id_ad_type, name) values (149, '8281295089');
insert into ad_type (id_ad_type, name) values (150, '5742154347');
insert into ad_type (id_ad_type, name) values (151, '3725001227');
insert into ad_type (id_ad_type, name) values (152, '3379580472');
insert into ad_type (id_ad_type, name) values (153, '2417315524');
insert into ad_type (id_ad_type, name) values (154, '3214559980');
insert into ad_type (id_ad_type, name) values (155, '3664050100');
insert into ad_type (id_ad_type, name) values (156, '6506065738');
insert into ad_type (id_ad_type, name) values (157, '7513293321');
insert into ad_type (id_ad_type, name) values (158, '2079250623');
insert into ad_type (id_ad_type, name) values (159, '7296268803');
insert into ad_type (id_ad_type, name) values (160, '1096766824');
insert into ad_type (id_ad_type, name) values (161, '1648913678');
insert into ad_type (id_ad_type, name) values (162, '2733436324');
insert into ad_type (id_ad_type, name) values (163, '8365798930');
insert into ad_type (id_ad_type, name) values (164, '8243099136');
insert into ad_type (id_ad_type, name) values (165, '3771804175');
insert into ad_type (id_ad_type, name) values (166, '9581572878');
insert into ad_type (id_ad_type, name) values (167, '9968278468');
insert into ad_type (id_ad_type, name) values (168, '8058141783');
insert into ad_type (id_ad_type, name) values (169, '7167700411');
insert into ad_type (id_ad_type, name) values (170, '6485996741');
insert into ad_type (id_ad_type, name) values (171, '7906681565');
insert into ad_type (id_ad_type, name) values (172, '9052819651');
insert into ad_type (id_ad_type, name) values (173, '5857769314');
insert into ad_type (id_ad_type, name) values (174, '6769326864');
insert into ad_type (id_ad_type, name) values (175, '8018339082');
insert into ad_type (id_ad_type, name) values (176, '3257644010');
insert into ad_type (id_ad_type, name) values (177, '2456705656');
insert into ad_type (id_ad_type, name) values (178, '6136295425');
insert into ad_type (id_ad_type, name) values (179, '4923098228');
insert into ad_type (id_ad_type, name) values (180, '8462912173');
insert into ad_type (id_ad_type, name) values (181, '1129339522');
insert into ad_type (id_ad_type, name) values (182, '5314187169');
insert into ad_type (id_ad_type, name) values (183, '9051239335');
insert into ad_type (id_ad_type, name) values (184, '6935146020');
insert into ad_type (id_ad_type, name) values (185, '3443471932');
insert into ad_type (id_ad_type, name) values (186, '1817192512');
insert into ad_type (id_ad_type, name) values (187, '3323361620');
insert into ad_type (id_ad_type, name) values (188, '5758107680');
insert into ad_type (id_ad_type, name) values (189, '6049340850');
insert into ad_type (id_ad_type, name) values (190, '4109023942');
insert into ad_type (id_ad_type, name) values (191, '6128515417');
insert into ad_type (id_ad_type, name) values (192, '7759135602');
insert into ad_type (id_ad_type, name) values (193, '5751879526');
insert into ad_type (id_ad_type, name) values (194, '3859023248');
insert into ad_type (id_ad_type, name) values (195, '3622565793');
insert into ad_type (id_ad_type, name) values (196, '4619221738');
insert into ad_type (id_ad_type, name) values (197, '3491026581');
insert into ad_type (id_ad_type, name) values (198, '4512557789');
insert into ad_type (id_ad_type, name) values (199, '6724557777');
insert into ad_type (id_ad_type, name) values (200, '8319353040');

/* Ad */
insert into ad (ad_type_id, added_date, id_ad, is_sold, price, shape, user_id, visibility, address, description, link, reference, title) values (1, '2023-09-17', 1, true, 6849.89, 3, 1, 0, 'Apt 1046', 'Curabitur in libero ut massa volutpat convallis.', '19tMibtni6QZLdEYb1LXf4deCDUfK7E1wK', 'exuding', 'Cressida');
insert into ad (ad_type_id, added_date, id_ad, is_sold, price, shape, user_id, visibility, address, description, link, reference, title) values (2, '2024-01-16', 2, false, 7585.61, 2, 2, 1, 'Room 774', 'Duis at velit eu est congue elementum. In hac habitasse platea dictumst. Morbi vestibulum, velit id pretium iaculis, diam erat fermentum justo, nec condimentum neque sapien placerat ante.', '18WRZLWzoTXCS7PUNKkEicogNAhBDKSeNf', 'didactic', 'Mirage');
insert into ad (ad_type_id, added_date, id_ad, is_sold, price, shape, user_id, visibility, address, description, link, reference, title) values (3, '2023-03-21', 3, false, 8682.23, 2, 3, 1, 'Room 880', 'Vivamus vel nulla eget eros elementum pellentesque. Quisque porta volutpat erat.', '1BUQ17Nrpq8654HTjTVbtBGygDUu6Jf4aG', 'Monitored', 'Avalanche 2500');
insert into ad (ad_type_id, added_date, id_ad, is_sold, price, shape, user_id, visibility, address, description, link, reference, title) values (4, '2023-05-18', 4, true, 7082.67, 1, 4, 1, 'PO Box 9631', 'Aliquam quis turpis eget elit sodales scelerisque. Mauris sit amet eros.', '1BJABQHVr9DQcgJsKCgqqRzDkezES5Vpdy', 'Streamlined', 'Aerostar');
insert into ad (ad_type_id, added_date, id_ad, is_sold, price, shape, user_id, visibility, address, description, link, reference, title) values (5, '2023-08-18', 5, false, 628.88, 0, 5, 1, 'PO Box 69874', 'Morbi vestibulum, velit id pretium iaculis, diam erat fermentum justo, nec condimentum neque sapien placerat ante. Nulla justo. Aliquam quis turpis eget elit sodales scelerisque.', '1JggTyZxHHLNP8YniCX66gxcb4tTgtthB8', 'discrete', 'Grand Prix');
insert into ad (ad_type_id, added_date, id_ad, is_sold, price, shape, user_id, visibility, address, description, link, reference, title) values (6, '2023-05-23', 6, false, 3740.82, 4, 6, 1, '12th Floor', 'Quisque ut erat. Curabitur gravida nisi at nibh.', '14qvvGPvNe8SvNX7AujvCHzPYfb6aSwx1e', 'radical', '850');
insert into ad (ad_type_id, added_date, id_ad, is_sold, price, shape, user_id, visibility, address, description, link, reference, title) values (7, '2023-05-04', 7, true, 1191.73, 3, 7, 1, 'Apt 1733', 'Ut at dolor quis odio consequat varius. Integer ac leo. Pellentesque ultrices mattis odio.', '18tNAgKD7ccNZzAbBuZcohqA123BxjNUis', 'Decentralized', 'Montero');
insert into ad (ad_type_id, added_date, id_ad, is_sold, price, shape, user_id, visibility, address, description, link, reference, title) values (8, '2023-03-14', 8, false, 3514.35, 0, 8, 0, '10th Floor', 'Proin at turpis a pede posuere nonummy. Integer non velit.', '1KcDzmVZWtnq5qW98BEs53imhF3kmvji1d', 'attitude-oriented', 'Probe');
insert into ad (ad_type_id, added_date, id_ad, is_sold, price, shape, user_id, visibility, address, description, link, reference, title) values (9, '2023-10-28', 9, true, 6114.33, 4, 9, 0, 'PO Box 98294', 'Aenean lectus.', '18RT27kvjpjKqRdPsqsj3q3VtD21MnhCFs', 'software', 'S2000');
insert into ad (ad_type_id, added_date, id_ad, is_sold, price, shape, user_id, visibility, address, description, link, reference, title) values (10, '2023-02-18', 10, false, 4866.34, 4, 10, 2, '7th Floor', 'Nam congue, risus semper porta volutpat, quam pede lobortis ligula, sit amet eleifend pede libero quis orci. Nullam molestie nibh in lectus.', '14ZpmR7ZvxVXqvBzzzt67EEw8Q1RKv6Un3', 'Adaptive', 'Grand Vitara');
insert into ad (ad_type_id, added_date, id_ad, is_sold, price, shape, user_id, visibility, address, description, link, reference, title) values (11, '2023-11-21', 11, true, 1639.99, 0, 11, 1, 'Apt 1163', 'Etiam faucibus cursus urna.', '19V6M8WTgFzxorU99FYwzUad6rj136N2G', 'User-centric', 'Silverado 2500');
insert into ad (ad_type_id, added_date, id_ad, is_sold, price, shape, user_id, visibility, address, description, link, reference, title) values (12, '2024-01-18', 12, false, 1920.11, 1, 12, 0, '12th Floor', 'Maecenas ut massa quis augue luctus tincidunt.', '146N7ohqggsa3jzPhuAuZK3cugPQLPG21T', 'interface', 'Cressida');
insert into ad (ad_type_id, added_date, id_ad, is_sold, price, shape, user_id, visibility, address, description, link, reference, title) values (13, '2023-06-17', 13, true, 4326.31, 1, 13, 1, 'PO Box 83908', 'Integer ac neque. Duis bibendum.', '1GQcvQ7P9s2xPVNTEzi8Aso6pLYV5y7Xa4', 'throughput', 'LTD Crown Victoria');
insert into ad (ad_type_id, added_date, id_ad, is_sold, price, shape, user_id, visibility, address, description, link, reference, title) values (14, '2023-05-29', 14, true, 8060.65, 4, 14, 0, 'PO Box 85064', 'Duis at velit eu est congue elementum.', '1Bq1Ym9awJLHo383cDDtV4pMEMUfrQe8k3', 'ability', 'Lanos');
insert into ad (ad_type_id, added_date, id_ad, is_sold, price, shape, user_id, visibility, address, description, link, reference, title) values (15, '2024-01-09', 15, true, 1709.46, 0, 15, 1, 'Suite 47', 'Vestibulum ante ipsum primis in faucibus orci luctus et ultrices posuere cubilia Curae; Mauris viverra diam vitae quam.', '15t9kj4MP1dYYfHfK4JvNqCZA9JGKMKr9F', 'Proactive', 'Q7');
insert into ad (ad_type_id, added_date, id_ad, is_sold, price, shape, user_id, visibility, address, description, link, reference, title) values (16, '2023-08-12', 16, false, 4162.4, 1, 16, 2, 'PO Box 57627', 'Vestibulum ante ipsum primis in faucibus orci luctus et ultrices posuere cubilia Curae; Duis faucibus accumsan odio. Curabitur convallis. Duis consequat dui nec nisi volutpat eleifend.', '1Ew9yWU9zag6wABghn1ZLBgrXavZ29mQFG', 'software', 'Vibe');
insert into ad (ad_type_id, added_date, id_ad, is_sold, price, shape, user_id, visibility, address, description, link, reference, title) values (17, '2023-03-23', 17, true, 8790.18, 2, 17, 2, 'Suite 67', 'Morbi quis tortor id nulla ultrices aliquet. Maecenas leo odio, condimentum id, luctus nec, molestie sed, justo.', '1CthnrsSf5zHbtdrYhKSsKHsxzZmJJcfPu', 'contextually-based', 'Grand Am');
insert into ad (ad_type_id, added_date, id_ad, is_sold, price, shape, user_id, visibility, address, description, link, reference, title) values (18, '2023-11-06', 18, false, 8966.39, 4, 18, 2, 'PO Box 73939', 'Vivamus vestibulum sagittis sapien. Cum sociis natoque penatibus et magnis dis parturient montes, nascetur ridiculus mus. Etiam vel augue.', '19bx44DMr6HkUdn2CEGvRkfz34RxrkcDUS', 'Sharable', 'Landaulet');
insert into ad (ad_type_id, added_date, id_ad, is_sold, price, shape, user_id, visibility, address, description, link, reference, title) values (19, '2024-01-08', 19, false, 2479.92, 3, 19, 0, 'Room 518', 'Quisque id justo sit amet sapien dignissim vestibulum. Vestibulum ante ipsum primis in faucibus orci luctus et ultrices posuere cubilia Curae; Nulla dapibus dolor vel est.', '18xSPfiVGfiXg4cBqY6y4yPkt5ZkRGPCnz', 'executive', 'Ranger');
insert into ad (ad_type_id, added_date, id_ad, is_sold, price, shape, user_id, visibility, address, description, link, reference, title) values (20, '2024-01-28', 20, false, 9563.15, 3, 20, 1, '3rd Floor', 'Aliquam non mauris. Morbi non lectus.', '1EVxbAnhsmy4pAPxUJbEw4tJj8ekhMmKAH', 'web-enabled', 'Altima');
insert into ad (ad_type_id, added_date, id_ad, is_sold, price, shape, user_id, visibility, address, description, link, reference, title) values (21, '2023-09-13', 21, false, 6009.87, 0, 21, 1, 'PO Box 94841', 'Nunc rhoncus dui vel sem. Sed sagittis.', '1PA9brXNz8Fwsj1x9diRRG5VxvcxHbsWFW', 'Cloned', 'CR-V');
insert into ad (ad_type_id, added_date, id_ad, is_sold, price, shape, user_id, visibility, address, description, link, reference, title) values (22, '2023-10-16', 22, true, 4121.01, 2, 22, 0, 'Suite 17', 'Vestibulum ante ipsum primis in faucibus orci luctus et ultrices posuere cubilia Curae; Nulla dapibus dolor vel est.', '15XZ924bUkwwPNXwmT9Azeu4Yi1zhudf4d', 'static', 'Caprice');
insert into ad (ad_type_id, added_date, id_ad, is_sold, price, shape, user_id, visibility, address, description, link, reference, title) values (23, '2023-07-07', 23, true, 9043.81, 3, 23, 1, 'Room 1259', 'Aenean auctor gravida sem.', '13mxejiQHffED7QqPGVdkEY6d2HmigXy8h', 'Innovative', 'Galant');
insert into ad (ad_type_id, added_date, id_ad, is_sold, price, shape, user_id, visibility, address, description, link, reference, title) values (24, '2023-07-17', 24, true, 4451.19, 0, 24, 2, '4th Floor', 'Integer tincidunt ante vel ipsum. Praesent blandit lacinia erat.', '1PSGvKUByAaktweRiEtc2UxK4BbFSvYYah', 'Advanced', 'E-Class');
insert into ad (ad_type_id, added_date, id_ad, is_sold, price, shape, user_id, visibility, address, description, link, reference, title) values (25, '2023-12-08', 25, false, 8316.19, 3, 25, 0, '11th Floor', 'Duis mattis egestas metus.', '19tnHMoF8NyJE1Cng4R4daMBLQuwitiQs2', 'radical', 'Integra');
insert into ad (ad_type_id, added_date, id_ad, is_sold, price, shape, user_id, visibility, address, description, link, reference, title) values (26, '2023-07-03', 26, true, 893.68, 1, 26, 1, 'Apt 1914', 'Morbi porttitor lorem id ligula. Suspendisse ornare consequat lectus.', '1NWAKNqNoVGTGyAYvUZNc9kx1C7EU8WzSm', 'well-modulated', 'Corvette');
insert into ad (ad_type_id, added_date, id_ad, is_sold, price, shape, user_id, visibility, address, description, link, reference, title) values (27, '2023-11-27', 27, true, 753.69, 4, 27, 0, 'Apt 724', 'Nulla tempus. Vivamus in felis eu sapien cursus vestibulum.', '1F9hiXNH4kVVRXg27g2VgmJHNHJQewX9j1', 'system-worthy', 'D150');
insert into ad (ad_type_id, added_date, id_ad, is_sold, price, shape, user_id, visibility, address, description, link, reference, title) values (28, '2023-07-27', 28, false, 7417.31, 2, 28, 2, 'PO Box 84801', 'Vestibulum ante ipsum primis in faucibus orci luctus et ultrices posuere cubilia Curae; Nulla dapibus dolor vel est. Donec odio justo, sollicitudin ut, suscipit a, feugiat et, eros. Vestibulum ac est lacinia nisi venenatis tristique.', '18FJ649bFWzFvgEp92tHJgnwx8y672mzVz', 'incremental', 'MR2');
insert into ad (ad_type_id, added_date, id_ad, is_sold, price, shape, user_id, visibility, address, description, link, reference, title) values (29, '2023-10-26', 29, false, 80.66, 2, 29, 1, 'Suite 6', 'Integer aliquet, massa id lobortis convallis, tortor risus dapibus augue, vel accumsan tellus nisi eu orci.', '17KrAeGoyNbYeKFxX6R9JJnKymBL4E3RpJ', 'attitude-oriented', 'Lancer');
insert into ad (ad_type_id, added_date, id_ad, is_sold, price, shape, user_id, visibility, address, description, link, reference, title) values (30, '2023-11-01', 30, true, 8844.81, 1, 30, 2, 'Room 577', 'Morbi vel lectus in quam fringilla rhoncus. Mauris enim leo, rhoncus sed, vestibulum sit amet, cursus id, turpis.', '13KqZSSERvPaEGwTQuH62YqeBxwbVBdGcH', 'synergy', 'Quattroporte');
insert into ad (ad_type_id, added_date, id_ad, is_sold, price, shape, user_id, visibility, address, description, link, reference, title) values (31, '2024-01-21', 31, true, 897.95, 4, 31, 1, 'PO Box 51221', 'Proin eu mi. Nulla ac enim.', '1EGVaZS7yoYBYp3YZFoRSfU5tYXj6evcpe', 'Cross-group', 'Quattro');
insert into ad (ad_type_id, added_date, id_ad, is_sold, price, shape, user_id, visibility, address, description, link, reference, title) values (32, '2023-07-18', 32, false, 7563.55, 2, 32, 2, '17th Floor', 'Nullam porttitor lacus at turpis. Donec posuere metus vitae ipsum.', '1Ae5GiRXu3o9Erv4GMF62Gka9QhwiaLQ3m', 'secondary', 'LS Hybrid');
insert into ad (ad_type_id, added_date, id_ad, is_sold, price, shape, user_id, visibility, address, description, link, reference, title) values (33, '2024-02-09', 33, true, 8691.23, 3, 33, 1, 'Room 1917', 'Donec dapibus. Duis at velit eu est congue elementum. In hac habitasse platea dictumst.', '1BtGfPjnYqi2CY317UdrFajWBwRjoMkK1N', 'Triple-buffered', 'Grand Voyager');
insert into ad (ad_type_id, added_date, id_ad, is_sold, price, shape, user_id, visibility, address, description, link, reference, title) values (34, '2023-12-30', 34, true, 4960.59, 2, 34, 1, 'Apt 1275', 'Donec quis orci eget orci vehicula condimentum. Curabitur in libero ut massa volutpat convallis. Morbi odio odio, elementum eu, interdum eu, tincidunt in, leo.', '1AFoVQ1UdJwyKhcboViLe8UeGnF6a8Yw5x', 'Graphical User Interface', 'Mulsanne');
insert into ad (ad_type_id, added_date, id_ad, is_sold, price, shape, user_id, visibility, address, description, link, reference, title) values (35, '2023-11-05', 35, false, 769.66, 2, 35, 0, 'Suite 26', 'Phasellus id sapien in sapien iaculis congue.', '1Ha1vVdZkmBYyoKs1yZH4DDPJRrWpXU5F', 'Triple-buffered', 'Murano');
insert into ad (ad_type_id, added_date, id_ad, is_sold, price, shape, user_id, visibility, address, description, link, reference, title) values (36, '2023-12-05', 36, false, 7740.17, 2, 36, 0, '2nd Floor', 'Praesent blandit.', '1MjkLaGFhevdoeEwwmf1zT5e5H4pCDar7Q', 'bi-directional', 'Impreza');
insert into ad (ad_type_id, added_date, id_ad, is_sold, price, shape, user_id, visibility, address, description, link, reference, title) values (37, '2023-09-26', 37, false, 7291.93, 2, 37, 1, 'PO Box 45317', 'Nam congue, risus semper porta volutpat, quam pede lobortis ligula, sit amet eleifend pede libero quis orci. Nullam molestie nibh in lectus. Pellentesque at nulla.', '166ScU6dr4bWZuyN4LQyGH2BgN3RgUdhkf', 'architecture', 'Ram 3500');
insert into ad (ad_type_id, added_date, id_ad, is_sold, price, shape, user_id, visibility, address, description, link, reference, title) values (38, '2023-03-12', 38, false, 4608.47, 0, 38, 0, 'PO Box 46618', 'Quisque id justo sit amet sapien dignissim vestibulum. Vestibulum ante ipsum primis in faucibus orci luctus et ultrices posuere cubilia Curae; Nulla dapibus dolor vel est. Donec odio justo, sollicitudin ut, suscipit a, feugiat et, eros.', '15YDdhNR5K576HvdEzRgqPuQGTY8TpKJ2t', 'paradigm', 'Range Rover');
insert into ad (ad_type_id, added_date, id_ad, is_sold, price, shape, user_id, visibility, address, description, link, reference, title) values (39, '2023-12-06', 39, false, 2572.8, 2, 39, 2, 'PO Box 3348', 'Aenean sit amet justo.', '1BHVHuSfYbkByfRAhjitsfiv42Rj3FMDff', 'Profound', 'Savana 2500');
insert into ad (ad_type_id, added_date, id_ad, is_sold, price, shape, user_id, visibility, address, description, link, reference, title) values (40, '2023-08-29', 40, true, 6185.63, 2, 40, 0, '8th Floor', 'Nullam sit amet turpis elementum ligula vehicula consequat.', '1C86ZYgmj1TYsXB7ZnmjNDjRedS1EQNY2g', 'customer loyalty', 'Titan');
insert into ad (ad_type_id, added_date, id_ad, is_sold, price, shape, user_id, visibility, address, description, link, reference, title) values (41, '2023-07-07', 41, false, 7195.27, 4, 41, 2, 'PO Box 12580', 'Nullam sit amet turpis elementum ligula vehicula consequat.', '18UeuWm3R8JBNj6XAfhVXmJ122fGb4au2p', 'hybrid', 'Concorde');
insert into ad (ad_type_id, added_date, id_ad, is_sold, price, shape, user_id, visibility, address, description, link, reference, title) values (42, '2023-11-07', 42, false, 4551.04, 0, 42, 1, '16th Floor', 'Mauris enim leo, rhoncus sed, vestibulum sit amet, cursus id, turpis. Integer aliquet, massa id lobortis convallis, tortor risus dapibus augue, vel accumsan tellus nisi eu orci.', '148bMkfLu27UXiDfhRwGRdirwPp5x6qHxb', 'local area network', 'Mazda3');
insert into ad (ad_type_id, added_date, id_ad, is_sold, price, shape, user_id, visibility, address, description, link, reference, title) values (43, '2023-02-14', 43, false, 2344.55, 4, 43, 1, 'Suite 27', 'Vestibulum ante ipsum primis in faucibus orci luctus et ultrices posuere cubilia Curae; Donec pharetra, magna vestibulum aliquet ultrices, erat tortor sollicitudin mi, sit amet lobortis sapien sapien non mi.', '1BUDQYV5W5TTY5nGmQ9bpNeCutAozKJWt9', 'reciprocal', 'Metro');
insert into ad (ad_type_id, added_date, id_ad, is_sold, price, shape, user_id, visibility, address, description, link, reference, title) values (44, '2023-06-17', 44, true, 368.99, 3, 44, 1, 'PO Box 87273', 'Aenean lectus. Pellentesque eget nunc.', '15WjY6ZKLgB5mz3jts316eTB6pb23wi1sh', 'knowledge base', 'Galant');
insert into ad (ad_type_id, added_date, id_ad, is_sold, price, shape, user_id, visibility, address, description, link, reference, title) values (45, '2023-08-16', 45, false, 2579.43, 2, 45, 2, 'Suite 14', 'Aenean auctor gravida sem.', '1MWmzjceEiNSAtVudKsdVgUQ5yTQkNyGhb', 'definition', 'Regal');
insert into ad (ad_type_id, added_date, id_ad, is_sold, price, shape, user_id, visibility, address, description, link, reference, title) values (46, '2024-01-28', 46, false, 7629.37, 3, 46, 1, '2nd Floor', 'Duis at velit eu est congue elementum.', '1Ah9zZB3gZELNvk4Tf5VxaS9oynUw8E74Y', 'bottom-line', 'Cordia');
insert into ad (ad_type_id, added_date, id_ad, is_sold, price, shape, user_id, visibility, address, description, link, reference, title) values (47, '2023-09-21', 47, true, 9422.43, 0, 47, 2, '14th Floor', 'Nunc nisl. Duis bibendum, felis sed interdum venenatis, turpis enim blandit mi, in porttitor pede justo eu massa. Donec dapibus.', '12mdfHopo3rgHRjL16PRdQ3SLV3D5ZUqQj', 'scalable', 'Imperial');
insert into ad (ad_type_id, added_date, id_ad, is_sold, price, shape, user_id, visibility, address, description, link, reference, title) values (48, '2023-07-08', 48, false, 3522.31, 3, 48, 0, 'Room 1253', 'Vestibulum ante ipsum primis in faucibus orci luctus et ultrices posuere cubilia Curae; Donec pharetra, magna vestibulum aliquet ultrices, erat tortor sollicitudin mi, sit amet lobortis sapien sapien non mi.', '1Ddzu9PWtWgXuyzsVQhnfgdMqmcbC6n8Sh', 'coherent', 'Ram 2500');
insert into ad (ad_type_id, added_date, id_ad, is_sold, price, shape, user_id, visibility, address, description, link, reference, title) values (49, '2023-11-05', 49, true, 7221.17, 0, 49, 0, 'PO Box 42781', 'Nullam varius. Nulla facilisi. Cras non velit nec nisi vulputate nonummy.', '1AsxYj3YWj5Fgrd2dicsoYZ5Rb34xfsoBk', 'time-frame', 'LTD Crown Victoria');
insert into ad (ad_type_id, added_date, id_ad, is_sold, price, shape, user_id, visibility, address, description, link, reference, title) values (50, '2023-07-14', 50, false, 7647.04, 3, 50, 0, 'Room 1182', 'Nullam porttitor lacus at turpis. Donec posuere metus vitae ipsum.', '17mSt3TxWZHwPX9ZeA9QxKBYazHFrTE7ks', 'customer loyalty', 'Escalade EXT');
insert into ad (ad_type_id, added_date, id_ad, is_sold, price, shape, user_id, visibility, address, description, link, reference, title) values (51, '2023-10-26', 51, true, 5653.39, 3, 51, 1, 'Suite 34', 'Nullam molestie nibh in lectus. Pellentesque at nulla. Suspendisse potenti.', '1A3KnLNAbF7T27mLvYbfMFku5VbaDf33Qd', 'upward-trending', 'Sierra 1500');
insert into ad (ad_type_id, added_date, id_ad, is_sold, price, shape, user_id, visibility, address, description, link, reference, title) values (52, '2024-02-01', 52, false, 6121.67, 0, 52, 2, 'Room 772', 'Suspendisse accumsan tortor quis turpis. Sed ante. Vivamus tortor.', '1MizG1ZvZen38aU7wYLD4gRqhtsuCRAFPZ', 'neural-net', 'Trans Sport');
insert into ad (ad_type_id, added_date, id_ad, is_sold, price, shape, user_id, visibility, address, description, link, reference, title) values (53, '2023-09-21', 53, false, 616.39, 2, 53, 1, 'PO Box 12003', 'Nam congue, risus semper porta volutpat, quam pede lobortis ligula, sit amet eleifend pede libero quis orci. Nullam molestie nibh in lectus. Pellentesque at nulla.', '1MrrVuCHtZBdUY8zZbrK47DARiYq7rt2fK', 'benchmark', 'Th!nk');
insert into ad (ad_type_id, added_date, id_ad, is_sold, price, shape, user_id, visibility, address, description, link, reference, title) values (54, '2023-09-08', 54, false, 5575.28, 3, 54, 2, 'Apt 698', 'Nulla mollis molestie lorem. Quisque ut erat. Curabitur gravida nisi at nibh.', '1FDEAhgidVcMtcmWT482X6B6ZQucX6NdvA', 'coherent', 'Celica');
insert into ad (ad_type_id, added_date, id_ad, is_sold, price, shape, user_id, visibility, address, description, link, reference, title) values (55, '2023-07-06', 55, false, 2244.6, 4, 55, 0, '2nd Floor', 'Mauris ullamcorper purus sit amet nulla. Quisque arcu libero, rutrum ac, lobortis vel, dapibus at, diam.', '1HTopoC8ManEYFQ4pyEQnRMMAKPv77Q2Jw', 'open system', 'Accent');
insert into ad (ad_type_id, added_date, id_ad, is_sold, price, shape, user_id, visibility, address, description, link, reference, title) values (56, '2023-10-10', 56, false, 6227.83, 3, 56, 0, 'Room 230', 'Vestibulum ante ipsum primis in faucibus orci luctus et ultrices posuere cubilia Curae; Donec pharetra, magna vestibulum aliquet ultrices, erat tortor sollicitudin mi, sit amet lobortis sapien sapien non mi. Integer ac neque. Duis bibendum.', '15RHmrGsQvdrE74uJuJxpTg272q1tHvPcd', 'demand-driven', '4Runner');
insert into ad (ad_type_id, added_date, id_ad, is_sold, price, shape, user_id, visibility, address, description, link, reference, title) values (57, '2023-03-26', 57, false, 8611.33, 2, 57, 1, 'Room 862', 'Duis bibendum. Morbi non quam nec dui luctus rutrum.', '1Lwc7DyeuTJzkAdUt8GXNXnZbwZbVQUqTx', 'interface', 'H3T');
insert into ad (ad_type_id, added_date, id_ad, is_sold, price, shape, user_id, visibility, address, description, link, reference, title) values (58, '2023-10-26', 58, false, 7105.29, 2, 58, 2, '17th Floor', 'Cum sociis natoque penatibus et magnis dis parturient montes, nascetur ridiculus mus. Vivamus vestibulum sagittis sapien. Cum sociis natoque penatibus et magnis dis parturient montes, nascetur ridiculus mus.', '19iNJBez2LJy9ZSXjRSktKjkin4ZYDtkHG', 'multi-state', 'Sixty Special');
insert into ad (ad_type_id, added_date, id_ad, is_sold, price, shape, user_id, visibility, address, description, link, reference, title) values (59, '2023-05-16', 59, false, 268.48, 1, 59, 2, '5th Floor', 'Donec diam neque, vestibulum eget, vulputate ut, ultrices vel, augue.', '1EysbDxBm5BXwZqvDQnmD5EqxgmHgD1CHG', 'Robust', 'CR-Z');
insert into ad (ad_type_id, added_date, id_ad, is_sold, price, shape, user_id, visibility, address, description, link, reference, title) values (60, '2023-07-03', 60, false, 3919.73, 2, 60, 1, 'PO Box 55630', 'Donec ut mauris eget massa tempor convallis. Nulla neque libero, convallis eget, eleifend luctus, ultricies eu, nibh. Quisque id justo sit amet sapien dignissim vestibulum.', '1LWQyQKXNPyXfR8P797a59nyoE1RHaTYxS', '24/7', 'LHS');
insert into ad (ad_type_id, added_date, id_ad, is_sold, price, shape, user_id, visibility, address, description, link, reference, title) values (61, '2023-03-29', 61, true, 9535.13, 0, 61, 0, 'Apt 1763', 'Nulla nisl.', '1PPLZS1PEad2J9nx9GE1CH9YnbtfYjbi72', 'Customer-focused', 'E-Series');
insert into ad (ad_type_id, added_date, id_ad, is_sold, price, shape, user_id, visibility, address, description, link, reference, title) values (62, '2023-08-12', 62, false, 3845.63, 3, 62, 2, '14th Floor', 'Etiam pretium iaculis justo.', '1AUFXuPV4KsNcGptQk6EWgniCHPXxfqoXQ', 'Function-based', 'Cavalier');
insert into ad (ad_type_id, added_date, id_ad, is_sold, price, shape, user_id, visibility, address, description, link, reference, title) values (63, '2023-08-04', 63, false, 9972.65, 0, 63, 0, 'Room 289', 'Aliquam erat volutpat. In congue. Etiam justo.', '15Ac4E5BE3VfDjcN9bmwWMxHe7zkqjdFZ1', 'User-friendly', 'MPV');
insert into ad (ad_type_id, added_date, id_ad, is_sold, price, shape, user_id, visibility, address, description, link, reference, title) values (64, '2023-03-19', 64, false, 1036.02, 2, 64, 2, 'Suite 91', 'Mauris enim leo, rhoncus sed, vestibulum sit amet, cursus id, turpis. Integer aliquet, massa id lobortis convallis, tortor risus dapibus augue, vel accumsan tellus nisi eu orci.', '1JEC5DxXsUcujdt81KyBqqmtXyNANHNyV7', 'attitude', 'Camaro');
insert into ad (ad_type_id, added_date, id_ad, is_sold, price, shape, user_id, visibility, address, description, link, reference, title) values (65, '2023-11-11', 65, true, 8471.86, 1, 65, 1, 'Apt 19', 'Sed sagittis. Nam congue, risus semper porta volutpat, quam pede lobortis ligula, sit amet eleifend pede libero quis orci. Nullam molestie nibh in lectus.', '1KqDn9zNpzreXUZ6KXQVyTUvuhj3GRvhUM', 'help-desk', 'MR2');
insert into ad (ad_type_id, added_date, id_ad, is_sold, price, shape, user_id, visibility, address, description, link, reference, title) values (66, '2023-02-25', 66, true, 2916.85, 3, 66, 1, 'Apt 70', 'Mauris lacinia sapien quis libero. Nullam sit amet turpis elementum ligula vehicula consequat.', '1DYMHJBWCo5oiMk4yfJq45KHiCa63Axemp', 'intranet', 'XT');
insert into ad (ad_type_id, added_date, id_ad, is_sold, price, shape, user_id, visibility, address, description, link, reference, title) values (67, '2023-06-25', 67, false, 6250.95, 1, 67, 1, 'PO Box 72779', 'Nam nulla. Integer pede justo, lacinia eget, tincidunt eget, tempus vel, pede.', '1L8sLdKu8skBCwUzxDGLuz11c8aCmAvSX2', 'middleware', 'Sequoia');
insert into ad (ad_type_id, added_date, id_ad, is_sold, price, shape, user_id, visibility, address, description, link, reference, title) values (68, '2023-10-17', 68, true, 2920.53, 0, 68, 0, 'Apt 165', 'Vestibulum sed magna at nunc commodo placerat. Praesent blandit.', '1G2YWDU9xCRK68aQw2HiZ1UXvHSSjqDdG1', '5th generation', 'Contour');
insert into ad (ad_type_id, added_date, id_ad, is_sold, price, shape, user_id, visibility, address, description, link, reference, title) values (69, '2023-11-09', 69, false, 1053.39, 0, 69, 0, 'Suite 28', 'Curabitur convallis. Duis consequat dui nec nisi volutpat eleifend. Donec ut dolor.', '16F9bAezM7X71tcQyFDn8Q3CLmP1ji5bhe', 'bandwidth-monitored', 'Boxster');
insert into ad (ad_type_id, added_date, id_ad, is_sold, price, shape, user_id, visibility, address, description, link, reference, title) values (70, '2023-10-23', 70, true, 465.79, 2, 70, 1, 'PO Box 33841', 'Maecenas rhoncus aliquam lacus. Morbi quis tortor id nulla ultrices aliquet. Maecenas leo odio, condimentum id, luctus nec, molestie sed, justo.', '12iTzL9SHHPiGkNBpHDcJJo25xg6z25tuV', 'next generation', 'C-Class');
insert into ad (ad_type_id, added_date, id_ad, is_sold, price, shape, user_id, visibility, address, description, link, reference, title) values (71, '2023-12-09', 71, true, 4986.45, 2, 71, 1, '2nd Floor', 'Maecenas leo odio, condimentum id, luctus nec, molestie sed, justo. Pellentesque viverra pede ac diam. Cras pellentesque volutpat dui.', '1KQEw9XKDQANzUo6Zrioe7xksG4URPJMsm', 'web-enabled', 'Dakota');
insert into ad (ad_type_id, added_date, id_ad, is_sold, price, shape, user_id, visibility, address, description, link, reference, title) values (72, '2024-01-21', 72, false, 3202.0, 3, 72, 1, '6th Floor', 'Mauris sit amet eros. Suspendisse accumsan tortor quis turpis.', '146utKPiiUR2JBMPVFbobRmMeK1Zk2gAnf', 'Profit-focused', 'Galant');
insert into ad (ad_type_id, added_date, id_ad, is_sold, price, shape, user_id, visibility, address, description, link, reference, title) values (73, '2024-01-12', 73, false, 7588.37, 2, 73, 0, '15th Floor', 'Nam dui. Proin leo odio, porttitor id, consequat in, consequat ut, nulla. Sed accumsan felis.', '13tBKsQaxbPYy66ahGfqLWKJRVhdJVjAnf', 'solution-oriented', 'Escalade EXT');
insert into ad (ad_type_id, added_date, id_ad, is_sold, price, shape, user_id, visibility, address, description, link, reference, title) values (74, '2023-08-24', 74, false, 5102.09, 4, 74, 0, '14th Floor', 'Maecenas tincidunt lacus at velit. Vivamus vel nulla eget eros elementum pellentesque. Quisque porta volutpat erat.', '14NhXCfCUwPLyNm12Foh7U4u2s79TyXwoe', 'info-mediaries', 'Estate');
insert into ad (ad_type_id, added_date, id_ad, is_sold, price, shape, user_id, visibility, address, description, link, reference, title) values (75, '2024-01-29', 75, true, 7116.7, 2, 75, 1, 'Apt 1556', 'Duis consequat dui nec nisi volutpat eleifend. Donec ut dolor. Morbi vel lectus in quam fringilla rhoncus.', '1PAyMXZK8hDr9Kuc2HA6iQJx4tcPupjsqx', 'Down-sized', 'Mazda6');
insert into ad (ad_type_id, added_date, id_ad, is_sold, price, shape, user_id, visibility, address, description, link, reference, title) values (76, '2023-06-30', 76, true, 7579.76, 0, 76, 0, 'Apt 1650', 'Vestibulum ante ipsum primis in faucibus orci luctus et ultrices posuere cubilia Curae; Mauris viverra diam vitae quam.', '1L88z1j9LomGvQd1aeRz46FmCXdCziGNMr', 'user-facing', 'SVX');
insert into ad (ad_type_id, added_date, id_ad, is_sold, price, shape, user_id, visibility, address, description, link, reference, title) values (77, '2023-12-22', 77, false, 1065.31, 1, 77, 0, 'Room 1779', 'Integer a nibh.', '186gK8sEctagmEh1BijjcxhPMcvNpySjoJ', 'optimal', 'GTI');
insert into ad (ad_type_id, added_date, id_ad, is_sold, price, shape, user_id, visibility, address, description, link, reference, title) values (78, '2023-05-28', 78, true, 3312.28, 4, 78, 2, 'Apt 1633', 'Integer ac leo. Pellentesque ultrices mattis odio.', '1Jkffho9xyLAb8FxbnDCsASmnRjy4ziusB', 'approach', 'Firebird');
insert into ad (ad_type_id, added_date, id_ad, is_sold, price, shape, user_id, visibility, address, description, link, reference, title) values (79, '2023-05-16', 79, false, 7713.43, 0, 79, 2, 'PO Box 49428', 'Nulla neque libero, convallis eget, eleifend luctus, ultricies eu, nibh. Quisque id justo sit amet sapien dignissim vestibulum. Vestibulum ante ipsum primis in faucibus orci luctus et ultrices posuere cubilia Curae; Nulla dapibus dolor vel est.', '1HoikWXe3a4AxrZs4XvB7fjyKHhockJByd', 'system-worthy', 'A6');
insert into ad (ad_type_id, added_date, id_ad, is_sold, price, shape, user_id, visibility, address, description, link, reference, title) values (80, '2023-10-05', 80, true, 1269.78, 4, 80, 2, 'Suite 15', 'In hac habitasse platea dictumst.', '14FJ6x2LX6sK7iUHMeAyCSng2HVV9V2ovW', 'Cloned', '1 Series');
insert into ad (ad_type_id, added_date, id_ad, is_sold, price, shape, user_id, visibility, address, description, link, reference, title) values (81, '2023-04-27', 81, true, 2239.02, 2, 81, 0, 'PO Box 27114', 'Ut at dolor quis odio consequat varius.', '172h9FN3Scoszpiio4e4HXQJQ8wncUVPH3', 'pricing structure', 'S6');
insert into ad (ad_type_id, added_date, id_ad, is_sold, price, shape, user_id, visibility, address, description, link, reference, title) values (82, '2023-09-30', 82, false, 6959.41, 2, 82, 1, 'Room 551', 'Curabitur at ipsum ac tellus semper interdum.', '1JJfUrLxwxANCVDp4bgGooNJm1TUBMxD4N', 'Fully-configurable', 'GT');
insert into ad (ad_type_id, added_date, id_ad, is_sold, price, shape, user_id, visibility, address, description, link, reference, title) values (83, '2023-11-29', 83, true, 5375.46, 3, 83, 1, 'PO Box 32535', 'Maecenas pulvinar lobortis est.', '1391F9zMNhUyr16faPRPWLjCsdvj2V8G4o', 'database', 'Fusion');
insert into ad (ad_type_id, added_date, id_ad, is_sold, price, shape, user_id, visibility, address, description, link, reference, title) values (84, '2023-10-20', 84, false, 8365.39, 2, 84, 1, 'Apt 538', 'Proin at turpis a pede posuere nonummy. Integer non velit. Donec diam neque, vestibulum eget, vulputate ut, ultrices vel, augue.', '1CcsVAuNnukVfCnVkPidaaVP1rPDJbrYbn', 'uniform', 'Maxima');
insert into ad (ad_type_id, added_date, id_ad, is_sold, price, shape, user_id, visibility, address, description, link, reference, title) values (85, '2023-07-09', 85, true, 9943.42, 4, 85, 1, '8th Floor', 'Mauris lacinia sapien quis libero. Nullam sit amet turpis elementum ligula vehicula consequat.', '1MFGPe5SggVAFFuFdwzaBeT8EayNzafTLT', 'utilisation', 'Legacy');
insert into ad (ad_type_id, added_date, id_ad, is_sold, price, shape, user_id, visibility, address, description, link, reference, title) values (86, '2023-10-03', 86, true, 9150.5, 4, 86, 2, 'PO Box 49738', 'In hac habitasse platea dictumst. Maecenas ut massa quis augue luctus tincidunt. Nulla mollis molestie lorem.', '13kLJAZuGraoK9eR2cmWubrMw2mt48Z3Je', 'dynamic', '929');
insert into ad (ad_type_id, added_date, id_ad, is_sold, price, shape, user_id, visibility, address, description, link, reference, title) values (87, '2023-11-19', 87, true, 549.31, 2, 87, 0, 'Room 170', 'Suspendisse accumsan tortor quis turpis. Sed ante.', '16EJ4bGhefFvahz5UVuEe92YF5Ln6MRZCq', 'forecast', 'Caravan');
insert into ad (ad_type_id, added_date, id_ad, is_sold, price, shape, user_id, visibility, address, description, link, reference, title) values (88, '2023-12-27', 88, false, 1910.48, 3, 88, 2, 'Room 1337', 'Proin interdum mauris non ligula pellentesque ultrices. Phasellus id sapien in sapien iaculis congue.', '1tjA7KbGCG8SnJc57fRzroEqnD4fDJ9tS', 'encompassing', 'Cayenne');
insert into ad (ad_type_id, added_date, id_ad, is_sold, price, shape, user_id, visibility, address, description, link, reference, title) values (89, '2023-09-03', 89, false, 246.99, 3, 89, 2, 'PO Box 67082', 'Mauris ullamcorper purus sit amet nulla. Quisque arcu libero, rutrum ac, lobortis vel, dapibus at, diam. Nam tristique tortor eu pede.', '1FVL97GnuVuQVsC6K2Sho3QQdjWDYN3VZN', 'asymmetric', 'Eclipse');
insert into ad (ad_type_id, added_date, id_ad, is_sold, price, shape, user_id, visibility, address, description, link, reference, title) values (90, '2023-10-27', 90, false, 1578.18, 0, 90, 1, 'PO Box 41705', 'Nulla facilisi. Cras non velit nec nisi vulputate nonummy. Maecenas tincidunt lacus at velit.', '1Hg7Ax6P6cP285FaeSd4tM1cqngBNWpBmG', 'Progressive', 'Savana 2500');
insert into ad (ad_type_id, added_date, id_ad, is_sold, price, shape, user_id, visibility, address, description, link, reference, title) values (91, '2023-03-29', 91, true, 5172.11, 3, 91, 2, 'Suite 79', 'Aliquam erat volutpat. In congue.', '16KNHoRS2dBksFQi192diqYzcWj74GXCy3', 'Seamless', 'Pathfinder');
insert into ad (ad_type_id, added_date, id_ad, is_sold, price, shape, user_id, visibility, address, description, link, reference, title) values (92, '2023-09-24', 92, true, 7857.69, 4, 92, 0, '17th Floor', 'In quis justo. Maecenas rhoncus aliquam lacus.', '19rLvhsxVQk85HVfamK2tsF3NaNAxNCUSa', 'Seamless', '2500');
insert into ad (ad_type_id, added_date, id_ad, is_sold, price, shape, user_id, visibility, address, description, link, reference, title) values (93, '2023-11-01', 93, true, 9787.74, 4, 93, 0, 'PO Box 24695', 'Duis consequat dui nec nisi volutpat eleifend. Donec ut dolor. Morbi vel lectus in quam fringilla rhoncus.', '1HyDUrhw4TNPgYf44jUW2Pu2yPk6MxdYdw', 'Graphic Interface', '300SD');
insert into ad (ad_type_id, added_date, id_ad, is_sold, price, shape, user_id, visibility, address, description, link, reference, title) values (94, '2023-05-06', 94, false, 8389.71, 0, 94, 1, 'Suite 13', 'Vivamus in felis eu sapien cursus vestibulum.', '18uw6wXaE39BUP6wmFkA5BVenmYc8p6ryY', 'info-mediaries', 'Amigo');
insert into ad (ad_type_id, added_date, id_ad, is_sold, price, shape, user_id, visibility, address, description, link, reference, title) values (95, '2024-01-31', 95, false, 3115.62, 0, 95, 0, 'Suite 1', 'Integer aliquet, massa id lobortis convallis, tortor risus dapibus augue, vel accumsan tellus nisi eu orci. Mauris lacinia sapien quis libero.', '1LdD5EkvCaomAghWiyNxQocMkm1dumhoSb', 'emulation', 'Mazdaspeed6');
insert into ad (ad_type_id, added_date, id_ad, is_sold, price, shape, user_id, visibility, address, description, link, reference, title) values (96, '2023-12-02', 96, true, 4989.59, 0, 96, 1, 'Room 944', 'Suspendisse ornare consequat lectus. In est risus, auctor sed, tristique in, tempus sit amet, sem. Fusce consequat.', '19uiL2Y2hZZeLzBjfTK3tsLnw6fHaVEBVA', 'Re-engineered', 'Cabriolet');
insert into ad (ad_type_id, added_date, id_ad, is_sold, price, shape, user_id, visibility, address, description, link, reference, title) values (97, '2023-05-16', 97, false, 6077.82, 3, 97, 1, 'PO Box 46942', 'Donec semper sapien a libero. Nam dui. Proin leo odio, porttitor id, consequat in, consequat ut, nulla.', '1BbWHwcjwZs1w3pxnKjGi9YvCpfoTSAWTS', 'hierarchy', 'Genesis');
insert into ad (ad_type_id, added_date, id_ad, is_sold, price, shape, user_id, visibility, address, description, link, reference, title) values (98, '2023-05-24', 98, false, 3723.95, 0, 98, 1, 'Room 1786', 'Aliquam augue quam, sollicitudin vitae, consectetuer eget, rutrum at, lorem. Integer tincidunt ante vel ipsum. Praesent blandit lacinia erat.', '1JR8K7dh6Pj2mcZ9RL86LknEoPQNDmgJ3W', 'Function-based', 'Ram Van B150');
insert into ad (ad_type_id, added_date, id_ad, is_sold, price, shape, user_id, visibility, address, description, link, reference, title) values (99, '2023-10-16', 99, true, 1354.01, 4, 99, 0, 'Room 1007', 'Nullam sit amet turpis elementum ligula vehicula consequat.', '17fVHTZdrk3cCMPZa2vWXAbD1nR28v2SSK', 'alliance', 'SC');
insert into ad (ad_type_id, added_date, id_ad, is_sold, price, shape, user_id, visibility, address, description, link, reference, title) values (100, '2023-12-18', 100, false, 9394.63, 1, 100, 1, 'Suite 24', 'In eleifend quam a odio. In hac habitasse platea dictumst. Maecenas ut massa quis augue luctus tincidunt.', '1GeqjMAHke8VpC4C9qAZfRwJ4eehTk93XL', '24/7', 'Camry');
insert into ad (ad_type_id, added_date, id_ad, is_sold, price, shape, user_id, visibility, address, description, link, reference, title) values (101, '2023-09-05', 101, false, 4113.64, 0, 101, 2, 'PO Box 30237', 'Proin eu mi.', '168tXhVNqDCmfBREzUyaUsgYhoBRfqQUKD', 'directional', 'LX');
insert into ad (ad_type_id, added_date, id_ad, is_sold, price, shape, user_id, visibility, address, description, link, reference, title) values (102, '2024-01-30', 102, true, 4142.17, 4, 102, 0, 'Apt 1145', 'Nulla suscipit ligula in lacus. Curabitur at ipsum ac tellus semper interdum. Mauris ullamcorper purus sit amet nulla.', '1LSq44YkHFLxktNyknruWxafPqmG5nbgTE', 'background', 'F250');
insert into ad (ad_type_id, added_date, id_ad, is_sold, price, shape, user_id, visibility, address, description, link, reference, title) values (103, '2023-10-01', 103, false, 3867.18, 3, 103, 0, 'Apt 326', 'In quis justo. Maecenas rhoncus aliquam lacus. Morbi quis tortor id nulla ultrices aliquet.', '15jFcEZhhYp98fLjjG7vF9sbf8Hq3Pvr2U', 'Optional', '5 Series');
insert into ad (ad_type_id, added_date, id_ad, is_sold, price, shape, user_id, visibility, address, description, link, reference, title) values (104, '2023-02-16', 104, true, 5922.23, 2, 104, 1, 'PO Box 30388', 'Aliquam sit amet diam in magna bibendum imperdiet.', '14ncrWqj5iPEPYm9528EAEKvDnCZ2GecKF', 'transitional', 'Veracruz');
insert into ad (ad_type_id, added_date, id_ad, is_sold, price, shape, user_id, visibility, address, description, link, reference, title) values (105, '2023-09-26', 105, true, 2157.78, 0, 105, 0, 'Suite 57', 'In tempor, turpis nec euismod scelerisque, quam turpis adipiscing lorem, vitae mattis nibh ligula nec sem. Duis aliquam convallis nunc.', '1LSViw5a9RSz6m3Cr9sj6arVvsjNn53aTs', 'Upgradable', 'TrailBlazer');
insert into ad (ad_type_id, added_date, id_ad, is_sold, price, shape, user_id, visibility, address, description, link, reference, title) values (106, '2023-06-25', 106, true, 4758.69, 2, 106, 0, 'Suite 11', 'Nam ultrices, libero non mattis pulvinar, nulla pede ullamcorper augue, a suscipit nulla elit ac nulla.', '1DgnWQoQASf1FQKhneUkkwv7wSqiKqhKVW', 'productivity', 'CL-Class');
insert into ad (ad_type_id, added_date, id_ad, is_sold, price, shape, user_id, visibility, address, description, link, reference, title) values (107, '2023-12-31', 107, false, 6411.44, 4, 107, 0, '16th Floor', 'Duis ac nibh. Fusce lacus purus, aliquet at, feugiat non, pretium quis, lectus.', '14vhVHtuJNFxKDVnzceeEHV9MZ56Mj7o1c', 'clear-thinking', 'LX');
insert into ad (ad_type_id, added_date, id_ad, is_sold, price, shape, user_id, visibility, address, description, link, reference, title) values (108, '2023-08-05', 108, true, 4131.41, 0, 108, 1, 'Apt 704', 'Proin risus.', '1Hpms9QYvbeeMAynU1zknfPhe1MYExu14J', 'local area network', 'Accord');
insert into ad (ad_type_id, added_date, id_ad, is_sold, price, shape, user_id, visibility, address, description, link, reference, title) values (109, '2023-05-09', 109, true, 5387.75, 0, 109, 0, 'Apt 1954', 'Mauris ullamcorper purus sit amet nulla.', '162aQGGGJNgcnTkXCfxDSHAxdnb9weiBCY', 'hardware', 'Sierra');
insert into ad (ad_type_id, added_date, id_ad, is_sold, price, shape, user_id, visibility, address, description, link, reference, title) values (110, '2023-12-16', 110, false, 660.15, 2, 110, 0, '2nd Floor', 'Mauris lacinia sapien quis libero.', '1C4UwPGwmwCyzY2ugATUuiYzyL5QVEzU93', 'circuit', 'Acclaim');
insert into ad (ad_type_id, added_date, id_ad, is_sold, price, shape, user_id, visibility, address, description, link, reference, title) values (111, '2023-04-19', 111, true, 4825.41, 4, 111, 1, 'Apt 1659', 'Nullam porttitor lacus at turpis. Donec posuere metus vitae ipsum.', '13YeE7tTdpv8oSC24Q4zKDrDby7pH1TdAW', 'maximized', 'MDX');
insert into ad (ad_type_id, added_date, id_ad, is_sold, price, shape, user_id, visibility, address, description, link, reference, title) values (112, '2023-07-11', 112, false, 8571.9, 3, 112, 1, 'Room 1545', 'In blandit ultrices enim.', '15HRY1XxrQYPgiysoiUYJGnYGuP2fHZn1W', 'Monitored', 'Riviera');
insert into ad (ad_type_id, added_date, id_ad, is_sold, price, shape, user_id, visibility, address, description, link, reference, title) values (113, '2023-08-17', 113, true, 3100.87, 0, 113, 2, 'Apt 1984', 'Maecenas tristique, est et tempus semper, est quam pharetra magna, ac consequat metus sapien ut nunc. Vestibulum ante ipsum primis in faucibus orci luctus et ultrices posuere cubilia Curae; Mauris viverra diam vitae quam. Suspendisse potenti.', '1DxH4cwEdDNZJnogbbvCovprJYftJZa5ku', 'Polarised', 'Riviera');
insert into ad (ad_type_id, added_date, id_ad, is_sold, price, shape, user_id, visibility, address, description, link, reference, title) values (114, '2023-06-15', 114, false, 9400.65, 2, 114, 0, 'Room 540', 'In quis justo. Maecenas rhoncus aliquam lacus. Morbi quis tortor id nulla ultrices aliquet.', '1E3ZTYFZKSt1F9rbp6nE9DFkcSp7BhvcdG', 'Public-key', 'LeSabre');
insert into ad (ad_type_id, added_date, id_ad, is_sold, price, shape, user_id, visibility, address, description, link, reference, title) values (115, '2023-03-14', 115, false, 9486.17, 4, 115, 2, 'PO Box 32777', 'Pellentesque eget nunc. Donec quis orci eget orci vehicula condimentum. Curabitur in libero ut massa volutpat convallis.', '1PXqfsBPL2D2hoSEjB64L5ptr2gLAWBdfz', 'local', 'Express 3500');
insert into ad (ad_type_id, added_date, id_ad, is_sold, price, shape, user_id, visibility, address, description, link, reference, title) values (116, '2023-12-31', 116, true, 5754.25, 3, 116, 1, 'Suite 50', 'Duis mattis egestas metus.', '1H1RmhM34gvBBdW2WxFhtHLPTgHCzSMkSm', 'Enhanced', 'XC90');
insert into ad (ad_type_id, added_date, id_ad, is_sold, price, shape, user_id, visibility, address, description, link, reference, title) values (117, '2023-11-25', 117, false, 7494.82, 4, 117, 1, '13th Floor', 'Maecenas tristique, est et tempus semper, est quam pharetra magna, ac consequat metus sapien ut nunc. Vestibulum ante ipsum primis in faucibus orci luctus et ultrices posuere cubilia Curae; Mauris viverra diam vitae quam. Suspendisse potenti.', '1CmBp4JkJptLJndVLryhnSgyLzpk9KrfBU', 'knowledge base', 'Cordia');
insert into ad (ad_type_id, added_date, id_ad, is_sold, price, shape, user_id, visibility, address, description, link, reference, title) values (118, '2023-04-06', 118, true, 709.29, 0, 118, 2, 'Apt 1032', 'Fusce posuere felis sed lacus. Morbi sem mauris, laoreet ut, rhoncus aliquet, pulvinar sed, nisl. Nunc rhoncus dui vel sem.', '1FwER7axTcyMGJyYZT9QWjA8itVdda5JUu', 'Programmable', 'E-Class');
insert into ad (ad_type_id, added_date, id_ad, is_sold, price, shape, user_id, visibility, address, description, link, reference, title) values (119, '2023-08-12', 119, false, 6611.59, 4, 119, 2, 'Room 764', 'Aliquam non mauris. Morbi non lectus.', '18wvr3eeDFtP8HpiiUr2ZdwQYhzi9VATcP', 'non-volatile', '2500 Club Coupe');
insert into ad (ad_type_id, added_date, id_ad, is_sold, price, shape, user_id, visibility, address, description, link, reference, title) values (120, '2023-08-08', 120, false, 9108.64, 3, 120, 0, 'Room 816', 'In hac habitasse platea dictumst. Etiam faucibus cursus urna. Ut tellus.', '1NMo1o1FDE9oAYUFhGFBD4VKcgV9MPoavY', 'full-range', 'F150');
insert into ad (ad_type_id, added_date, id_ad, is_sold, price, shape, user_id, visibility, address, description, link, reference, title) values (121, '2023-04-18', 121, false, 6517.8, 3, 121, 2, '4th Floor', 'Phasellus in felis.', '1EHNAaaFLVQvXFcVDzoRLgr5AhUVigqW3e', 'modular', 'Probe');
insert into ad (ad_type_id, added_date, id_ad, is_sold, price, shape, user_id, visibility, address, description, link, reference, title) values (122, '2024-01-08', 122, true, 6174.42, 1, 122, 1, 'PO Box 55362', 'Nam congue, risus semper porta volutpat, quam pede lobortis ligula, sit amet eleifend pede libero quis orci.', '16fqWQwcLAVi6D2eT9k6ogzuyhjUdfVyyn', 'time-frame', 'Tucson');
insert into ad (ad_type_id, added_date, id_ad, is_sold, price, shape, user_id, visibility, address, description, link, reference, title) values (123, '2024-01-09', 123, true, 2907.42, 0, 123, 2, 'PO Box 36373', 'Aliquam sit amet diam in magna bibendum imperdiet. Nullam orci pede, venenatis non, sodales sed, tincidunt eu, felis. Fusce posuere felis sed lacus.', '1JNbhUeRvUeRE4Lzem9WwqDY4BMs6zuFE8', 'executive', 'V8 Vantage');
insert into ad (ad_type_id, added_date, id_ad, is_sold, price, shape, user_id, visibility, address, description, link, reference, title) values (124, '2023-11-17', 124, false, 6731.28, 2, 124, 0, 'PO Box 17128', 'Morbi non quam nec dui luctus rutrum. Nulla tellus.', '1BpGPjYXp3SBxcecW5SdJ3YXk1r1xrhga', 'didactic', 'Expo');
insert into ad (ad_type_id, added_date, id_ad, is_sold, price, shape, user_id, visibility, address, description, link, reference, title) values (125, '2023-07-25', 125, false, 4815.48, 3, 125, 2, '20th Floor', 'Proin interdum mauris non ligula pellentesque ultrices. Phasellus id sapien in sapien iaculis congue.', '1AGgo6LTwprKMaLaJahvJTi554pAgfBLtJ', 'content-based', 'Terrain');
insert into ad (ad_type_id, added_date, id_ad, is_sold, price, shape, user_id, visibility, address, description, link, reference, title) values (126, '2023-04-08', 126, false, 2100.36, 3, 126, 1, 'Room 35', 'Integer non velit.', '1ucaJDfHaETrmEMJWeXLZY5ju7qsK3mAi', 'benchmark', 'Golf');
insert into ad (ad_type_id, added_date, id_ad, is_sold, price, shape, user_id, visibility, address, description, link, reference, title) values (127, '2023-12-10', 127, true, 6215.55, 2, 127, 1, 'PO Box 12187', 'Suspendisse accumsan tortor quis turpis. Sed ante.', '1EzAaf9N3hdvJtf9r9vLP3vzYDA3NacVQD', 'Realigned', 'Fairlane');
insert into ad (ad_type_id, added_date, id_ad, is_sold, price, shape, user_id, visibility, address, description, link, reference, title) values (128, '2023-04-01', 128, false, 555.8, 2, 128, 2, 'PO Box 56327', 'Proin risus. Praesent lectus. Vestibulum quam sapien, varius ut, blandit non, interdum in, ante.', '16JQJxdV1feeWc4nmyXKQgPFZzZdQkc9Sp', 'upward-trending', 'LX');
insert into ad (ad_type_id, added_date, id_ad, is_sold, price, shape, user_id, visibility, address, description, link, reference, title) values (129, '2024-01-02', 129, false, 6774.93, 2, 129, 0, 'Apt 188', 'Vestibulum rutrum rutrum neque. Aenean auctor gravida sem. Praesent id massa id nisl venenatis lacinia.', '1AhBVeQSFbGJfQ6Bay4zqCneuvF3v6VBcz', 'frame', 'Metro');
insert into ad (ad_type_id, added_date, id_ad, is_sold, price, shape, user_id, visibility, address, description, link, reference, title) values (130, '2023-04-20', 130, true, 1863.31, 4, 130, 2, 'Room 188', 'Maecenas pulvinar lobortis est. Phasellus sit amet erat. Nulla tempus.', '12YPvKNeizK7LuK5Hkoa2GgrfEhYBAbMGP', 'Persistent', 'S8');
insert into ad (ad_type_id, added_date, id_ad, is_sold, price, shape, user_id, visibility, address, description, link, reference, title) values (131, '2023-10-14', 131, true, 941.28, 4, 131, 0, 'Apt 1681', 'Donec ut dolor. Morbi vel lectus in quam fringilla rhoncus. Mauris enim leo, rhoncus sed, vestibulum sit amet, cursus id, turpis.', '14pwqTHxjQz8JDNAigPgQTBiaKRv2JAAuH', 'policy', 'Suburban 2500');
insert into ad (ad_type_id, added_date, id_ad, is_sold, price, shape, user_id, visibility, address, description, link, reference, title) values (132, '2023-03-21', 132, false, 3231.77, 1, 132, 1, 'Suite 26', 'Vestibulum ante ipsum primis in faucibus orci luctus et ultrices posuere cubilia Curae; Nulla dapibus dolor vel est. Donec odio justo, sollicitudin ut, suscipit a, feugiat et, eros. Vestibulum ac est lacinia nisi venenatis tristique.', '1C92wrGz1o4KNvgRAKShJeXwzruP452mry', 'core', 'Rio');
insert into ad (ad_type_id, added_date, id_ad, is_sold, price, shape, user_id, visibility, address, description, link, reference, title) values (133, '2023-06-10', 133, true, 6400.25, 0, 133, 2, '1st Floor', 'Nulla ut erat id mauris vulputate elementum. Nullam varius. Nulla facilisi.', '1FzLbKhNdYw5MHQoWK4nLQW8zpc5rKx5KZ', 'intranet', 'GTI');
insert into ad (ad_type_id, added_date, id_ad, is_sold, price, shape, user_id, visibility, address, description, link, reference, title) values (134, '2023-06-05', 134, true, 7379.53, 1, 134, 2, '15th Floor', 'Nunc nisl.', '1MZZ5qBQQNs1HHm7YjxrQvJ2e7Yv6LARAq', 'regional', 'Element');
insert into ad (ad_type_id, added_date, id_ad, is_sold, price, shape, user_id, visibility, address, description, link, reference, title) values (135, '2023-08-26', 135, false, 5958.74, 0, 135, 0, '20th Floor', 'Nulla suscipit ligula in lacus. Curabitur at ipsum ac tellus semper interdum.', '1H9Ph7dVuGh5rgnL3GoGKyBKWma9SAYcyN', 'migration', 'NSX');
insert into ad (ad_type_id, added_date, id_ad, is_sold, price, shape, user_id, visibility, address, description, link, reference, title) values (136, '2023-09-10', 136, false, 6576.65, 3, 136, 2, 'PO Box 70420', 'In hac habitasse platea dictumst.', '1EypVQuz7JZWW9RcFugJM5ruRfAd7XUiDt', 'regional', 'Bravada');
insert into ad (ad_type_id, added_date, id_ad, is_sold, price, shape, user_id, visibility, address, description, link, reference, title) values (137, '2023-10-24', 137, true, 815.51, 1, 137, 2, 'Room 1791', 'Pellentesque at nulla. Suspendisse potenti.', '1BTHNTREbEUVf56kYACPePN2wJ8yBVN1QK', 'transitional', 'Grand Caravan');
insert into ad (ad_type_id, added_date, id_ad, is_sold, price, shape, user_id, visibility, address, description, link, reference, title) values (138, '2023-06-06', 138, true, 3988.0, 4, 138, 1, 'Suite 21', 'Pellentesque eget nunc.', '1E3dNv8U6GvnQ6R7Qu1pELbm12dSS11YR8', 'Self-enabling', 'Sonata');
insert into ad (ad_type_id, added_date, id_ad, is_sold, price, shape, user_id, visibility, address, description, link, reference, title) values (139, '2023-03-12', 139, false, 7261.0, 0, 139, 0, 'PO Box 92916', 'Nullam orci pede, venenatis non, sodales sed, tincidunt eu, felis. Fusce posuere felis sed lacus.', '1LNK6Kk5LP7ag55BEeyp5naokRBNEkSALJ', 'national', 'Explorer');
insert into ad (ad_type_id, added_date, id_ad, is_sold, price, shape, user_id, visibility, address, description, link, reference, title) values (140, '2023-11-04', 140, false, 8872.18, 3, 140, 0, 'Suite 32', 'Donec dapibus. Duis at velit eu est congue elementum.', '1H3BDaUh6sx1x81iR8g7iwprhmdYj4wrRV', 'Cross-platform', 'Century');
insert into ad (ad_type_id, added_date, id_ad, is_sold, price, shape, user_id, visibility, address, description, link, reference, title) values (141, '2023-10-09', 141, true, 8021.64, 3, 141, 2, 'PO Box 30286', 'Morbi non lectus. Aliquam sit amet diam in magna bibendum imperdiet. Nullam orci pede, venenatis non, sodales sed, tincidunt eu, felis.', '1CzhmZGcnjUAgGV1XdjywmZuPfidkuE5Lf', 'secured line', 'Yukon XL 1500');
insert into ad (ad_type_id, added_date, id_ad, is_sold, price, shape, user_id, visibility, address, description, link, reference, title) values (142, '2023-09-12', 142, true, 2260.23, 3, 142, 0, 'Suite 73', 'Nullam varius. Nulla facilisi. Cras non velit nec nisi vulputate nonummy.', '14gSKXnxgxoELpWmEm6XxwDhPq253ydPkk', 'Realigned', 'Aurora');
insert into ad (ad_type_id, added_date, id_ad, is_sold, price, shape, user_id, visibility, address, description, link, reference, title) values (143, '2023-12-12', 143, false, 8564.51, 0, 143, 0, '7th Floor', 'Vivamus vel nulla eget eros elementum pellentesque. Quisque porta volutpat erat.', '19YAhze5xbXpb2msYFA9eWgBPwbN8NGWQ2', '3rd generation', 'Prizm');
insert into ad (ad_type_id, added_date, id_ad, is_sold, price, shape, user_id, visibility, address, description, link, reference, title) values (144, '2023-03-31', 144, true, 8398.57, 4, 144, 2, '17th Floor', 'Cras non velit nec nisi vulputate nonummy. Maecenas tincidunt lacus at velit.', '18hLm7E2Q5YC1aTPfNsqTbd6fCqhgw7P8r', 'Front-line', 'Ram 1500 Club');
insert into ad (ad_type_id, added_date, id_ad, is_sold, price, shape, user_id, visibility, address, description, link, reference, title) values (145, '2023-11-26', 145, false, 8883.44, 4, 145, 2, 'Room 950', 'Nam nulla. Integer pede justo, lacinia eget, tincidunt eget, tempus vel, pede. Morbi porttitor lorem id ligula.', '1FvCJPer3arwbi8kx472TUzaXN1LXv25gS', 'static', 'Integra');
insert into ad (ad_type_id, added_date, id_ad, is_sold, price, shape, user_id, visibility, address, description, link, reference, title) values (146, '2023-10-18', 146, false, 469.56, 4, 146, 0, '2nd Floor', 'Morbi vestibulum, velit id pretium iaculis, diam erat fermentum justo, nec condimentum neque sapien placerat ante.', '1PLfq2vDw1TJG7hDMj6xazgL1G9qpKrZV4', 'structure', 'Prelude');
insert into ad (ad_type_id, added_date, id_ad, is_sold, price, shape, user_id, visibility, address, description, link, reference, title) values (147, '2023-11-21', 147, false, 9199.72, 0, 147, 1, 'PO Box 5939', 'Nulla mollis molestie lorem. Quisque ut erat.', '1XwKoF6ndK3wqbnyy3KHxxcatRaApLNpD', 'national', 'Escort');
insert into ad (ad_type_id, added_date, id_ad, is_sold, price, shape, user_id, visibility, address, description, link, reference, title) values (148, '2023-05-24', 148, false, 563.29, 3, 148, 1, 'Room 960', 'Ut tellus. Nulla ut erat id mauris vulputate elementum. Nullam varius.', '1KhmaufSDmPdm9zCBaq7UDqrGFsgaJGrWx', 'object-oriented', 'S4');
insert into ad (ad_type_id, added_date, id_ad, is_sold, price, shape, user_id, visibility, address, description, link, reference, title) values (149, '2023-05-21', 149, false, 7278.52, 1, 149, 2, 'Suite 48', 'Duis aliquam convallis nunc.', '1FSJdvwWtwXqZoQF9HCx8dHdPLfkv2Poib', 'Decentralized', 'S-Class');
insert into ad (ad_type_id, added_date, id_ad, is_sold, price, shape, user_id, visibility, address, description, link, reference, title) values (150, '2024-01-14', 150, true, 5284.21, 0, 150, 0, 'Suite 93', 'Etiam faucibus cursus urna.', '17QoUHKGZnqTafUb3kCkD1dVdEv9DE4ia1', 'methodology', 'Leone');
insert into ad (ad_type_id, added_date, id_ad, is_sold, price, shape, user_id, visibility, address, description, link, reference, title) values (151, '2023-04-16', 151, false, 88.34, 0, 151, 2, 'Suite 54', 'Nulla facilisi. Cras non velit nec nisi vulputate nonummy.', '182M2TeG1WNXJ6tjhat4e55Eyn2GZAWLvC', 'leverage', 'Ranger');
insert into ad (ad_type_id, added_date, id_ad, is_sold, price, shape, user_id, visibility, address, description, link, reference, title) values (152, '2023-12-05', 152, false, 4105.37, 1, 152, 0, 'Room 1429', 'Quisque arcu libero, rutrum ac, lobortis vel, dapibus at, diam. Nam tristique tortor eu pede.', '14sGBuiC13o2X8Km84Dx77WrJ9iiTG1YSH', 'frame', 'Intrigue');
insert into ad (ad_type_id, added_date, id_ad, is_sold, price, shape, user_id, visibility, address, description, link, reference, title) values (153, '2023-05-18', 153, false, 8491.91, 0, 153, 1, 'Suite 53', 'Vestibulum ac est lacinia nisi venenatis tristique. Fusce congue, diam id ornare imperdiet, sapien urna pretium nisl, ut volutpat sapien arcu sed augue.', '1QGDBEYtvAfCPxQxFU9hrbsFwB4kqwpDjP', 'even-keeled', 'Oasis');
insert into ad (ad_type_id, added_date, id_ad, is_sold, price, shape, user_id, visibility, address, description, link, reference, title) values (154, '2023-05-07', 154, false, 12795.73, 0, 154, 2, 'Apt 1376', 'Morbi sem mauris, laoreet ut, rhoncus aliquet, pulvinar sed, nisl. Nunc rhoncus dui vel sem.', '113j4sh992z9VTQKDh6xjPmmdjDq52gLeE', 'dedicated', 'Yukon XL 2500');
insert into ad (ad_type_id, added_date, id_ad, is_sold, price, shape, user_id, visibility, address, description, link, reference, title) values (155, '2023-05-15', 155, true, 7038.61, 4, 155, 1, 'PO Box 72438', 'Pellentesque eget nunc. Donec quis orci eget orci vehicula condimentum. Curabitur in libero ut massa volutpat convallis.', '1DxTBjkgRrjj4Rc98GGppiQT8B1S3hrjnU', 'Extended', 'Ion');
insert into ad (ad_type_id, added_date, id_ad, is_sold, price, shape, user_id, visibility, address, description, link, reference, title) values (156, '2024-01-27', 156, false, 6651.97, 2, 156, 2, 'PO Box 36715', 'Nulla tempus. Vivamus in felis eu sapien cursus vestibulum.', '1FdDrac8CtT8cphFEUVDmWjExudY6jLFFm', 'Multi-layered', 'Boxster');
insert into ad (ad_type_id, added_date, id_ad, is_sold, price, shape, user_id, visibility, address, description, link, reference, title) values (157, '2023-04-10', 157, true, 3093.12, 3, 157, 0, 'PO Box 87174', 'Nullam orci pede, venenatis non, sodales sed, tincidunt eu, felis. Fusce posuere felis sed lacus.', '1C8BgyM4nsVMXbQL4ySDwAgjLmtXGakhp9', 'Robust', 'Impala');
insert into ad (ad_type_id, added_date, id_ad, is_sold, price, shape, user_id, visibility, address, description, link, reference, title) values (158, '2024-01-10', 158, false, 8019.09, 2, 158, 0, 'Apt 1058', 'Nulla ac enim. In tempor, turpis nec euismod scelerisque, quam turpis adipiscing lorem, vitae mattis nibh ligula nec sem.', '1CVkaZ2XDtYgPSfEKsbaCckLy54CJ96Vij', 'complexity', 'NSX');
insert into ad (ad_type_id, added_date, id_ad, is_sold, price, shape, user_id, visibility, address, description, link, reference, title) values (159, '2023-03-20', 159, true, 4444.19, 3, 159, 0, '14th Floor', 'Sed vel enim sit amet nunc viverra dapibus.', '1LCuodtAp1ueKn8jqBkgJPgwAHzCDbNT8w', 'Cross-platform', 'Aztek');
insert into ad (ad_type_id, added_date, id_ad, is_sold, price, shape, user_id, visibility, address, description, link, reference, title) values (160, '2023-05-14', 160, false, 7945.91, 4, 160, 0, 'Apt 733', 'Integer tincidunt ante vel ipsum. Praesent blandit lacinia erat. Vestibulum sed magna at nunc commodo placerat.', '19zusLopYHZ61TQiwpePgWjy1gXsZCAf4o', 'project', 'Cooper');
insert into ad (ad_type_id, added_date, id_ad, is_sold, price, shape, user_id, visibility, address, description, link, reference, title) values (161, '2023-11-11', 161, true, 1679.07, 3, 161, 0, 'Apt 745', 'Duis mattis egestas metus. Aenean fermentum.', '19PDDwMjJhTEqbgixBb5FyqETpuigNbY49', 'grid-enabled', 'Integra');
insert into ad (ad_type_id, added_date, id_ad, is_sold, price, shape, user_id, visibility, address, description, link, reference, title) values (162, '2023-07-07', 162, true, 2046.53, 1, 162, 0, 'Room 842', 'Curabitur in libero ut massa volutpat convallis. Morbi odio odio, elementum eu, interdum eu, tincidunt in, leo. Maecenas pulvinar lobortis est.', '169W2i9MpJFXvJBZ1KqH9x7JhRTfSjjCgZ', 'Universal', 'MX-5');
insert into ad (ad_type_id, added_date, id_ad, is_sold, price, shape, user_id, visibility, address, description, link, reference, title) values (163, '2023-03-30', 163, false, 7118.4, 3, 163, 2, '19th Floor', 'Aliquam augue quam, sollicitudin vitae, consectetuer eget, rutrum at, lorem. Integer tincidunt ante vel ipsum.', '1m84iXQh2wzS3AyPAoBUn6FrxiPPZvAHH', 'discrete', '4Runner');
insert into ad (ad_type_id, added_date, id_ad, is_sold, price, shape, user_id, visibility, address, description, link, reference, title) values (164, '2023-05-31', 164, true, 459.14, 3, 164, 2, '5th Floor', 'Maecenas tincidunt lacus at velit. Vivamus vel nulla eget eros elementum pellentesque. Quisque porta volutpat erat.', '1Nb73HZQnegPz8M4EU1FXc5Wv4UyQn7MHu', 'static', 'Montero Sport');
insert into ad (ad_type_id, added_date, id_ad, is_sold, price, shape, user_id, visibility, address, description, link, reference, title) values (165, '2023-04-27', 165, false, 3241.1, 3, 165, 2, 'Suite 75', 'Fusce posuere felis sed lacus.', '1DDY6pQfJM7pvdBjqvQUmBQQABmW8uabSw', 'bi-directional', 'GTI');
insert into ad (ad_type_id, added_date, id_ad, is_sold, price, shape, user_id, visibility, address, description, link, reference, title) values (166, '2023-08-06', 166, false, 7924.72, 2, 166, 1, 'Room 1512', 'Fusce posuere felis sed lacus. Morbi sem mauris, laoreet ut, rhoncus aliquet, pulvinar sed, nisl. Nunc rhoncus dui vel sem.', '19hPiCj4fwfwZZPHKA8hwh5Cr16bwvVaqz', 'exuding', 'LS');
insert into ad (ad_type_id, added_date, id_ad, is_sold, price, shape, user_id, visibility, address, description, link, reference, title) values (167, '2023-06-19', 167, true, 9505.11, 2, 167, 2, 'PO Box 4096', 'Donec ut dolor.', '1CHDXNeUUj6KuCyXsuf3YFDzBhSywkK1ay', 'intranet', 'F250');
insert into ad (ad_type_id, added_date, id_ad, is_sold, price, shape, user_id, visibility, address, description, link, reference, title) values (168, '2023-03-03', 168, false, 9626.84, 4, 168, 1, 'PO Box 8930', 'In hac habitasse platea dictumst.', '19uwZDbxNm2aSPz815yr5g4d4epGw1F9dd', 'Polarised', 'GS');
insert into ad (ad_type_id, added_date, id_ad, is_sold, price, shape, user_id, visibility, address, description, link, reference, title) values (169, '2024-01-10', 169, true, 1203.68, 1, 169, 0, 'Apt 373', 'Proin at turpis a pede posuere nonummy. Integer non velit.', '1AEvxtXktZBnCataDLjvdQX4PioL4nsUh5', 'Devolved', 'Cirrus');
insert into ad (ad_type_id, added_date, id_ad, is_sold, price, shape, user_id, visibility, address, description, link, reference, title) values (170, '2023-07-02', 170, false, 1712.56, 4, 170, 2, '9th Floor', 'Curabitur at ipsum ac tellus semper interdum. Mauris ullamcorper purus sit amet nulla. Quisque arcu libero, rutrum ac, lobortis vel, dapibus at, diam.', '1QGPftxSLrhQH3FxAVDYHqfc6DsT2Xi4MJ', '24 hour', 'Sierra 2500');
insert into ad (ad_type_id, added_date, id_ad, is_sold, price, shape, user_id, visibility, address, description, link, reference, title) values (171, '2023-04-29', 171, true, 1567.86, 1, 171, 0, 'Suite 94', 'Nullam molestie nibh in lectus.', '1CnmRQ7CvbJoadFymjKCfgeTV2EyRAkf2D', 'Cross-platform', 'Allroad');
insert into ad (ad_type_id, added_date, id_ad, is_sold, price, shape, user_id, visibility, address, description, link, reference, title) values (172, '2024-01-14', 172, true, 6728.0, 3, 172, 2, '1st Floor', 'Nulla mollis molestie lorem. Quisque ut erat. Curabitur gravida nisi at nibh.', '1LvMoaHCM4DBMW2Zypm4deHhyJtcvnnmch', 'Quality-focused', 'Camry');
insert into ad (ad_type_id, added_date, id_ad, is_sold, price, shape, user_id, visibility, address, description, link, reference, title) values (173, '2023-04-08', 173, false, 4318.29, 3, 173, 0, '12th Floor', 'Quisque id justo sit amet sapien dignissim vestibulum. Vestibulum ante ipsum primis in faucibus orci luctus et ultrices posuere cubilia Curae; Nulla dapibus dolor vel est. Donec odio justo, sollicitudin ut, suscipit a, feugiat et, eros.', '17Anjh9iXdgqJyu4DhovKiCGA1FuqN6JFL', 'Secured', 'Silverado 2500');
insert into ad (ad_type_id, added_date, id_ad, is_sold, price, shape, user_id, visibility, address, description, link, reference, title) values (174, '2023-04-05', 174, true, 4978.94, 0, 174, 1, 'PO Box 61522', 'In sagittis dui vel nisl. Duis ac nibh.', '1PRXAAvJCE6SCuputyCC2rcnT95QJs3vxT', 'success', '323');
insert into ad (ad_type_id, added_date, id_ad, is_sold, price, shape, user_id, visibility, address, description, link, reference, title) values (175, '2023-03-26', 175, false, 6834.78, 2, 175, 1, 'Room 243', 'Nulla suscipit ligula in lacus. Curabitur at ipsum ac tellus semper interdum. Mauris ullamcorper purus sit amet nulla.', '1Hx5CMhWVwoEEZcet384nYXVTQLS2YWmbH', 'needs-based', 'Vibe');
insert into ad (ad_type_id, added_date, id_ad, is_sold, price, shape, user_id, visibility, address, description, link, reference, title) values (176, '2023-12-03', 176, false, 4943.72, 2, 176, 1, '11th Floor', 'Vestibulum sed magna at nunc commodo placerat. Praesent blandit. Nam nulla.', '18TH12YUYiTgeudDz7pSq7ijdaoot8DkKP', 'emulation', 'C8 Double 12 S');
insert into ad (ad_type_id, added_date, id_ad, is_sold, price, shape, user_id, visibility, address, description, link, reference, title) values (177, '2023-09-15', 177, true, 5125.0, 0, 177, 0, 'PO Box 64040', 'In quis justo.', '1MQhBoueMxr22SUUdb4mmncwMeARmLYNEP', 'Profit-focused', 'TSX');
insert into ad (ad_type_id, added_date, id_ad, is_sold, price, shape, user_id, visibility, address, description, link, reference, title) values (178, '2023-03-12', 178, true, 3860.53, 2, 178, 2, 'PO Box 91513', 'In blandit ultrices enim.', '1LoEa7gWiFPcp5jpQCTvezH1qRW6SpzXup', 'user-facing', 'LR4');
insert into ad (ad_type_id, added_date, id_ad, is_sold, price, shape, user_id, visibility, address, description, link, reference, title) values (179, '2023-12-16', 179, true, 7367.54, 0, 179, 0, 'Room 1728', 'Duis at velit eu est congue elementum. In hac habitasse platea dictumst.', '1NgJdKxVdKbM4Gg3QDjGMXG9kQxF95NMfs', 'moratorium', 'M5');
insert into ad (ad_type_id, added_date, id_ad, is_sold, price, shape, user_id, visibility, address, description, link, reference, title) values (180, '2023-09-10', 180, true, 5362.59, 2, 180, 0, 'Room 1228', 'In hac habitasse platea dictumst.', '1C6ETjXeAakZTqoiQxz18Cjc35eeN6JXVt', 'Mandatory', 'Corvair');
insert into ad (ad_type_id, added_date, id_ad, is_sold, price, shape, user_id, visibility, address, description, link, reference, title) values (181, '2023-05-30', 181, true, 6442.04, 2, 181, 2, 'Suite 62', 'Fusce lacus purus, aliquet at, feugiat non, pretium quis, lectus. Suspendisse potenti.', '1JXkKVMat2HKepJdMqXBSbxvm7bBb6cCXj', 'client-driven', 'Rio');
insert into ad (ad_type_id, added_date, id_ad, is_sold, price, shape, user_id, visibility, address, description, link, reference, title) values (182, '2023-06-12', 182, true, 9054.63, 4, 182, 0, '7th Floor', 'Aliquam quis turpis eget elit sodales scelerisque. Mauris sit amet eros. Suspendisse accumsan tortor quis turpis.', '19HvyQzcW73kFwk4ru95DxcjiNCkuu6gfX', 'Stand-alone', '7 Series');
insert into ad (ad_type_id, added_date, id_ad, is_sold, price, shape, user_id, visibility, address, description, link, reference, title) values (183, '2023-09-28', 183, true, 7441.29, 0, 183, 1, 'PO Box 52150', 'Proin at turpis a pede posuere nonummy. Integer non velit.', '17xgeBaPKbivLoqdkJPNnbpa4vajHZK3do', 'Diverse', 'Legacy');
insert into ad (ad_type_id, added_date, id_ad, is_sold, price, shape, user_id, visibility, address, description, link, reference, title) values (184, '2023-02-26', 184, true, 2136.43, 1, 184, 0, '11th Floor', 'Nulla ut erat id mauris vulputate elementum. Nullam varius.', '1HJL7TgmNQeFhxPpBHBS9rLuotn5NcpoR9', 'zero tolerance', 'Escape');
insert into ad (ad_type_id, added_date, id_ad, is_sold, price, shape, user_id, visibility, address, description, link, reference, title) values (185, '2023-06-19', 185, true, 9213.65, 0, 185, 0, '8th Floor', 'Curabitur in libero ut massa volutpat convallis.', '16ayghcW2vNGzXKrHVRQn7Mqf6PB7H8j2T', 'database', 'Exige');
insert into ad (ad_type_id, added_date, id_ad, is_sold, price, shape, user_id, visibility, address, description, link, reference, title) values (186, '2023-03-16', 186, true, 2659.84, 0, 186, 0, 'Suite 99', 'Duis aliquam convallis nunc.', '14KyBNxv26hzYfyYajk72M6oHzDFeYi7jj', '4th generation', 'Murcilago');
insert into ad (ad_type_id, added_date, id_ad, is_sold, price, shape, user_id, visibility, address, description, link, reference, title) values (187, '2023-03-20', 187, true, 9353.63, 0, 187, 0, 'Suite 86', 'In est risus, auctor sed, tristique in, tempus sit amet, sem. Fusce consequat.', '1ETgK94wSqwDK24VhTKwrvT1Fu7PPURidS', 'Streamlined', 'F150');
insert into ad (ad_type_id, added_date, id_ad, is_sold, price, shape, user_id, visibility, address, description, link, reference, title) values (188, '2023-12-19', 188, false, 4496.46, 4, 188, 0, 'Room 529', 'Vestibulum ante ipsum primis in faucibus orci luctus et ultrices posuere cubilia Curae; Duis faucibus accumsan odio.', '17sNrxUEcg5pe9CEL4wa8AnNvrhBPs3dt4', 'Programmable', 'Cabriolet');
insert into ad (ad_type_id, added_date, id_ad, is_sold, price, shape, user_id, visibility, address, description, link, reference, title) values (189, '2023-04-08', 189, true, 3993.69, 1, 189, 2, 'PO Box 31326', 'Suspendisse ornare consequat lectus. In est risus, auctor sed, tristique in, tempus sit amet, sem. Fusce consequat.', '1KG5zSeWpLVTp1344676GAR2SvDxXCEHbn', 'Innovative', '500SEL');
insert into ad (ad_type_id, added_date, id_ad, is_sold, price, shape, user_id, visibility, address, description, link, reference, title) values (190, '2023-08-18', 190, true, 9390.82, 3, 190, 2, 'Room 1122', 'Fusce lacus purus, aliquet at, feugiat non, pretium quis, lectus.', '14XbW8dETCyU1qop39SdCXnapsd1cazC84', 'Customizable', 'Grand Prix');
insert into ad (ad_type_id, added_date, id_ad, is_sold, price, shape, user_id, visibility, address, description, link, reference, title) values (191, '2023-08-27', 191, true, 9884.84, 4, 191, 0, 'Apt 1250', 'Nam nulla. Integer pede justo, lacinia eget, tincidunt eget, tempus vel, pede. Morbi porttitor lorem id ligula.', '1PN381c9ojR1ZV2PgUFqfCfCzxbY1MiagK', 'mission-critical', 'rio');
insert into ad (ad_type_id, added_date, id_ad, is_sold, price, shape, user_id, visibility, address, description, link, reference, title) values (192, '2023-12-23', 192, true, 3501.0, 4, 192, 0, '10th Floor', 'Cras pellentesque volutpat dui. Maecenas tristique, est et tempus semper, est quam pharetra magna, ac consequat metus sapien ut nunc.', '1Px6NaqNoSW21z99GGbuAKWAVJDMk1iseb', 'stable', 'Diamante');
insert into ad (ad_type_id, added_date, id_ad, is_sold, price, shape, user_id, visibility, address, description, link, reference, title) values (193, '2023-06-21', 193, true, 610.02, 3, 193, 2, '17th Floor', 'Morbi non quam nec dui luctus rutrum. Nulla tellus.', '1AcdGEUW2Ldg5zKMpSUuyP2UhvTkVtqSRX', 'local', 'Avalon');
insert into ad (ad_type_id, added_date, id_ad, is_sold, price, shape, user_id, visibility, address, description, link, reference, title) values (194, '2023-04-19', 194, true, 733.18, 0, 194, 2, '11th Floor', 'Sed vel enim sit amet nunc viverra dapibus. Nulla suscipit ligula in lacus. Curabitur at ipsum ac tellus semper interdum.', '1HTw2d7at8qqw7QEbxCth6irmvxr83gssA', 'Synergistic', 'Explorer');
insert into ad (ad_type_id, added_date, id_ad, is_sold, price, shape, user_id, visibility, address, description, link, reference, title) values (195, '2023-09-04', 195, false, 8331.41, 2, 195, 0, '17th Floor', 'Aliquam erat volutpat.', '12sdTBDmeWWdaBmwCwURr51BVojU1XmZaG', 'Organized', 'Jetta III');
insert into ad (ad_type_id, added_date, id_ad, is_sold, price, shape, user_id, visibility, address, description, link, reference, title) values (196, '2023-05-14', 196, true, 4755.9, 4, 196, 2, 'Room 1459', 'Suspendisse ornare consequat lectus.', '14pdWbvxf3tiLKwiznbv6ijtgL5xAReKyg', 'concept', 'Panamera');
insert into ad (ad_type_id, added_date, id_ad, is_sold, price, shape, user_id, visibility, address, description, link, reference, title) values (197, '2023-02-16', 197, true, 2553.57, 3, 197, 2, '20th Floor', 'In tempor, turpis nec euismod scelerisque, quam turpis adipiscing lorem, vitae mattis nibh ligula nec sem. Duis aliquam convallis nunc. Proin at turpis a pede posuere nonummy.', '126QtYx55zr88G5sqF65j1n2UeZg9FPHbm', 'Operative', 'Metro');
insert into ad (ad_type_id, added_date, id_ad, is_sold, price, shape, user_id, visibility, address, description, link, reference, title) values (198, '2023-03-10', 198, true, 6588.75, 1, 198, 2, '7th Floor', 'Etiam vel augue. Vestibulum rutrum rutrum neque. Aenean auctor gravida sem.', '1D1iyjxHR5fqj5idwzkhWXnYNk96uCooyq', 'software', 'Miata MX-5');
insert into ad (ad_type_id, added_date, id_ad, is_sold, price, shape, user_id, visibility, address, description, link, reference, title) values (199, '2024-01-26', 199, false, 3677.82, 1, 199, 1, 'Room 614', 'In hac habitasse platea dictumst. Maecenas ut massa quis augue luctus tincidunt. Nulla mollis molestie lorem.', '1JV4wmxdkR89e1Ca6vxzep4MgEFu69nJpy', 'encompassing', 'S-Class');
insert into ad (ad_type_id, added_date, id_ad, is_sold, price, shape, user_id, visibility, address, description, link, reference, title) values (200, '2023-09-04', 200, false, 3432.77, 1, 200, 2, 'PO Box 71467', 'Nulla ut erat id mauris vulputate elementum. Nullam varius.', '1EvDieZutcWpBajFVyifWsGiUzpoMMnzUo', 'web-enabled', 'Navigator');

/* AdImage */
insert into ad_image (ad_id, id_ad_image, path) values (1, 1, 'http://dummyimage.com/225x100.png/ff4444/ffffff');
insert into ad_image (ad_id, id_ad_image, path) values (2, 2, 'http://dummyimage.com/117x100.png/5fa2dd/ffffff');
insert into ad_image (ad_id, id_ad_image, path) values (3, 3, 'http://dummyimage.com/111x100.png/dddddd/000000');
insert into ad_image (ad_id, id_ad_image, path) values (4, 4, 'http://dummyimage.com/154x100.png/cc0000/ffffff');
insert into ad_image (ad_id, id_ad_image, path) values (5, 5, 'http://dummyimage.com/130x100.png/dddddd/000000');
insert into ad_image (ad_id, id_ad_image, path) values (6, 6, 'http://dummyimage.com/246x100.png/dddddd/000000');
insert into ad_image (ad_id, id_ad_image, path) values (7, 7, 'http://dummyimage.com/240x100.png/ff4444/ffffff');
insert into ad_image (ad_id, id_ad_image, path) values (8, 8, 'http://dummyimage.com/111x100.png/ff4444/ffffff');
insert into ad_image (ad_id, id_ad_image, path) values (9, 9, 'http://dummyimage.com/156x100.png/5fa2dd/ffffff');
insert into ad_image (ad_id, id_ad_image, path) values (10, 10, 'http://dummyimage.com/144x100.png/ff4444/ffffff');
insert into ad_image (ad_id, id_ad_image, path) values (11, 11, 'http://dummyimage.com/206x100.png/5fa2dd/ffffff');
insert into ad_image (ad_id, id_ad_image, path) values (12, 12, 'http://dummyimage.com/231x100.png/5fa2dd/ffffff');
insert into ad_image (ad_id, id_ad_image, path) values (13, 13, 'http://dummyimage.com/162x100.png/ff4444/ffffff');
insert into ad_image (ad_id, id_ad_image, path) values (14, 14, 'http://dummyimage.com/227x100.png/ff4444/ffffff');
insert into ad_image (ad_id, id_ad_image, path) values (15, 15, 'http://dummyimage.com/189x100.png/dddddd/000000');
insert into ad_image (ad_id, id_ad_image, path) values (16, 16, 'http://dummyimage.com/201x100.png/ff4444/ffffff');
insert into ad_image (ad_id, id_ad_image, path) values (17, 17, 'http://dummyimage.com/246x100.png/ff4444/ffffff');
insert into ad_image (ad_id, id_ad_image, path) values (18, 18, 'http://dummyimage.com/137x100.png/ff4444/ffffff');
insert into ad_image (ad_id, id_ad_image, path) values (19, 19, 'http://dummyimage.com/210x100.png/ff4444/ffffff');
insert into ad_image (ad_id, id_ad_image, path) values (20, 20, 'http://dummyimage.com/180x100.png/cc0000/ffffff');
insert into ad_image (ad_id, id_ad_image, path) values (21, 21, 'http://dummyimage.com/106x100.png/dddddd/000000');
insert into ad_image (ad_id, id_ad_image, path) values (22, 22, 'http://dummyimage.com/225x100.png/dddddd/000000');
insert into ad_image (ad_id, id_ad_image, path) values (23, 23, 'http://dummyimage.com/131x100.png/ff4444/ffffff');
insert into ad_image (ad_id, id_ad_image, path) values (24, 24, 'http://dummyimage.com/135x100.png/5fa2dd/ffffff');
insert into ad_image (ad_id, id_ad_image, path) values (25, 25, 'http://dummyimage.com/182x100.png/cc0000/ffffff');
insert into ad_image (ad_id, id_ad_image, path) values (26, 26, 'http://dummyimage.com/170x100.png/ff4444/ffffff');
insert into ad_image (ad_id, id_ad_image, path) values (27, 27, 'http://dummyimage.com/119x100.png/cc0000/ffffff');
insert into ad_image (ad_id, id_ad_image, path) values (28, 28, 'http://dummyimage.com/226x100.png/dddddd/000000');
insert into ad_image (ad_id, id_ad_image, path) values (29, 29, 'http://dummyimage.com/235x100.png/cc0000/ffffff');
insert into ad_image (ad_id, id_ad_image, path) values (30, 30, 'http://dummyimage.com/119x100.png/5fa2dd/ffffff');
insert into ad_image (ad_id, id_ad_image, path) values (31, 31, 'http://dummyimage.com/160x100.png/5fa2dd/ffffff');
insert into ad_image (ad_id, id_ad_image, path) values (32, 32, 'http://dummyimage.com/197x100.png/dddddd/000000');
insert into ad_image (ad_id, id_ad_image, path) values (33, 33, 'http://dummyimage.com/239x100.png/ff4444/ffffff');
insert into ad_image (ad_id, id_ad_image, path) values (34, 34, 'http://dummyimage.com/169x100.png/cc0000/ffffff');
insert into ad_image (ad_id, id_ad_image, path) values (35, 35, 'http://dummyimage.com/210x100.png/cc0000/ffffff');
insert into ad_image (ad_id, id_ad_image, path) values (36, 36, 'http://dummyimage.com/232x100.png/ff4444/ffffff');
insert into ad_image (ad_id, id_ad_image, path) values (37, 37, 'http://dummyimage.com/168x100.png/5fa2dd/ffffff');
insert into ad_image (ad_id, id_ad_image, path) values (38, 38, 'http://dummyimage.com/134x100.png/ff4444/ffffff');
insert into ad_image (ad_id, id_ad_image, path) values (39, 39, 'http://dummyimage.com/248x100.png/dddddd/000000');
insert into ad_image (ad_id, id_ad_image, path) values (40, 40, 'http://dummyimage.com/162x100.png/cc0000/ffffff');
insert into ad_image (ad_id, id_ad_image, path) values (41, 41, 'http://dummyimage.com/134x100.png/cc0000/ffffff');
insert into ad_image (ad_id, id_ad_image, path) values (42, 42, 'http://dummyimage.com/112x100.png/cc0000/ffffff');
insert into ad_image (ad_id, id_ad_image, path) values (43, 43, 'http://dummyimage.com/155x100.png/cc0000/ffffff');
insert into ad_image (ad_id, id_ad_image, path) values (44, 44, 'http://dummyimage.com/105x100.png/dddddd/000000');
insert into ad_image (ad_id, id_ad_image, path) values (45, 45, 'http://dummyimage.com/182x100.png/dddddd/000000');
insert into ad_image (ad_id, id_ad_image, path) values (46, 46, 'http://dummyimage.com/249x100.png/dddddd/000000');
insert into ad_image (ad_id, id_ad_image, path) values (47, 47, 'http://dummyimage.com/124x100.png/dddddd/000000');
insert into ad_image (ad_id, id_ad_image, path) values (48, 48, 'http://dummyimage.com/105x100.png/dddddd/000000');
insert into ad_image (ad_id, id_ad_image, path) values (49, 49, 'http://dummyimage.com/163x100.png/dddddd/000000');
insert into ad_image (ad_id, id_ad_image, path) values (50, 50, 'http://dummyimage.com/138x100.png/ff4444/ffffff');
insert into ad_image (ad_id, id_ad_image, path) values (51, 51, 'http://dummyimage.com/214x100.png/dddddd/000000');
insert into ad_image (ad_id, id_ad_image, path) values (52, 52, 'http://dummyimage.com/202x100.png/ff4444/ffffff');
insert into ad_image (ad_id, id_ad_image, path) values (53, 53, 'http://dummyimage.com/123x100.png/dddddd/000000');
insert into ad_image (ad_id, id_ad_image, path) values (54, 54, 'http://dummyimage.com/178x100.png/5fa2dd/ffffff');
insert into ad_image (ad_id, id_ad_image, path) values (55, 55, 'http://dummyimage.com/156x100.png/dddddd/000000');
insert into ad_image (ad_id, id_ad_image, path) values (56, 56, 'http://dummyimage.com/226x100.png/5fa2dd/ffffff');
insert into ad_image (ad_id, id_ad_image, path) values (57, 57, 'http://dummyimage.com/242x100.png/dddddd/000000');
insert into ad_image (ad_id, id_ad_image, path) values (58, 58, 'http://dummyimage.com/183x100.png/cc0000/ffffff');
insert into ad_image (ad_id, id_ad_image, path) values (59, 59, 'http://dummyimage.com/134x100.png/5fa2dd/ffffff');
insert into ad_image (ad_id, id_ad_image, path) values (60, 60, 'http://dummyimage.com/212x100.png/dddddd/000000');
insert into ad_image (ad_id, id_ad_image, path) values (61, 61, 'http://dummyimage.com/184x100.png/dddddd/000000');
insert into ad_image (ad_id, id_ad_image, path) values (62, 62, 'http://dummyimage.com/225x100.png/5fa2dd/ffffff');
insert into ad_image (ad_id, id_ad_image, path) values (63, 63, 'http://dummyimage.com/178x100.png/dddddd/000000');
insert into ad_image (ad_id, id_ad_image, path) values (64, 64, 'http://dummyimage.com/185x100.png/dddddd/000000');
insert into ad_image (ad_id, id_ad_image, path) values (65, 65, 'http://dummyimage.com/207x100.png/dddddd/000000');
insert into ad_image (ad_id, id_ad_image, path) values (66, 66, 'http://dummyimage.com/235x100.png/cc0000/ffffff');
insert into ad_image (ad_id, id_ad_image, path) values (67, 67, 'http://dummyimage.com/246x100.png/ff4444/ffffff');
insert into ad_image (ad_id, id_ad_image, path) values (68, 68, 'http://dummyimage.com/136x100.png/dddddd/000000');
insert into ad_image (ad_id, id_ad_image, path) values (69, 69, 'http://dummyimage.com/108x100.png/dddddd/000000');
insert into ad_image (ad_id, id_ad_image, path) values (70, 70, 'http://dummyimage.com/223x100.png/dddddd/000000');
insert into ad_image (ad_id, id_ad_image, path) values (71, 71, 'http://dummyimage.com/127x100.png/cc0000/ffffff');
insert into ad_image (ad_id, id_ad_image, path) values (72, 72, 'http://dummyimage.com/197x100.png/5fa2dd/ffffff');
insert into ad_image (ad_id, id_ad_image, path) values (73, 73, 'http://dummyimage.com/202x100.png/cc0000/ffffff');
insert into ad_image (ad_id, id_ad_image, path) values (74, 74, 'http://dummyimage.com/131x100.png/dddddd/000000');
insert into ad_image (ad_id, id_ad_image, path) values (75, 75, 'http://dummyimage.com/120x100.png/dddddd/000000');
insert into ad_image (ad_id, id_ad_image, path) values (76, 76, 'http://dummyimage.com/237x100.png/ff4444/ffffff');
insert into ad_image (ad_id, id_ad_image, path) values (77, 77, 'http://dummyimage.com/231x100.png/ff4444/ffffff');
insert into ad_image (ad_id, id_ad_image, path) values (78, 78, 'http://dummyimage.com/243x100.png/5fa2dd/ffffff');
insert into ad_image (ad_id, id_ad_image, path) values (79, 79, 'http://dummyimage.com/128x100.png/5fa2dd/ffffff');
insert into ad_image (ad_id, id_ad_image, path) values (80, 80, 'http://dummyimage.com/244x100.png/ff4444/ffffff');
insert into ad_image (ad_id, id_ad_image, path) values (81, 81, 'http://dummyimage.com/187x100.png/5fa2dd/ffffff');
insert into ad_image (ad_id, id_ad_image, path) values (82, 82, 'http://dummyimage.com/246x100.png/ff4444/ffffff');
insert into ad_image (ad_id, id_ad_image, path) values (83, 83, 'http://dummyimage.com/128x100.png/5fa2dd/ffffff');
insert into ad_image (ad_id, id_ad_image, path) values (84, 84, 'http://dummyimage.com/145x100.png/cc0000/ffffff');
insert into ad_image (ad_id, id_ad_image, path) values (85, 85, 'http://dummyimage.com/100x100.png/dddddd/000000');
insert into ad_image (ad_id, id_ad_image, path) values (86, 86, 'http://dummyimage.com/165x100.png/cc0000/ffffff');
insert into ad_image (ad_id, id_ad_image, path) values (87, 87, 'http://dummyimage.com/173x100.png/cc0000/ffffff');
insert into ad_image (ad_id, id_ad_image, path) values (88, 88, 'http://dummyimage.com/122x100.png/dddddd/000000');
insert into ad_image (ad_id, id_ad_image, path) values (89, 89, 'http://dummyimage.com/176x100.png/ff4444/ffffff');
insert into ad_image (ad_id, id_ad_image, path) values (90, 90, 'http://dummyimage.com/176x100.png/dddddd/000000');
insert into ad_image (ad_id, id_ad_image, path) values (91, 91, 'http://dummyimage.com/164x100.png/5fa2dd/ffffff');
insert into ad_image (ad_id, id_ad_image, path) values (92, 92, 'http://dummyimage.com/158x100.png/cc0000/ffffff');
insert into ad_image (ad_id, id_ad_image, path) values (93, 93, 'http://dummyimage.com/125x100.png/5fa2dd/ffffff');
insert into ad_image (ad_id, id_ad_image, path) values (94, 94, 'http://dummyimage.com/200x100.png/ff4444/ffffff');
insert into ad_image (ad_id, id_ad_image, path) values (95, 95, 'http://dummyimage.com/222x100.png/dddddd/000000');
insert into ad_image (ad_id, id_ad_image, path) values (96, 96, 'http://dummyimage.com/177x100.png/cc0000/ffffff');
insert into ad_image (ad_id, id_ad_image, path) values (97, 97, 'http://dummyimage.com/123x100.png/cc0000/ffffff');
insert into ad_image (ad_id, id_ad_image, path) values (98, 98, 'http://dummyimage.com/238x100.png/5fa2dd/ffffff');
insert into ad_image (ad_id, id_ad_image, path) values (99, 99, 'http://dummyimage.com/156x100.png/5fa2dd/ffffff');
insert into ad_image (ad_id, id_ad_image, path) values (100, 100, 'http://dummyimage.com/245x100.png/5fa2dd/ffffff');
insert into ad_image (ad_id, id_ad_image, path) values (101, 101, 'http://dummyimage.com/125x100.png/5fa2dd/ffffff');
insert into ad_image (ad_id, id_ad_image, path) values (102, 102, 'http://dummyimage.com/198x100.png/cc0000/ffffff');
insert into ad_image (ad_id, id_ad_image, path) values (103, 103, 'http://dummyimage.com/194x100.png/dddddd/000000');
insert into ad_image (ad_id, id_ad_image, path) values (104, 104, 'http://dummyimage.com/108x100.png/5fa2dd/ffffff');
insert into ad_image (ad_id, id_ad_image, path) values (105, 105, 'http://dummyimage.com/148x100.png/dddddd/000000');
insert into ad_image (ad_id, id_ad_image, path) values (106, 106, 'http://dummyimage.com/173x100.png/ff4444/ffffff');
insert into ad_image (ad_id, id_ad_image, path) values (107, 107, 'http://dummyimage.com/116x100.png/5fa2dd/ffffff');
insert into ad_image (ad_id, id_ad_image, path) values (108, 108, 'http://dummyimage.com/162x100.png/dddddd/000000');
insert into ad_image (ad_id, id_ad_image, path) values (109, 109, 'http://dummyimage.com/102x100.png/dddddd/000000');
insert into ad_image (ad_id, id_ad_image, path) values (110, 110, 'http://dummyimage.com/225x100.png/5fa2dd/ffffff');
insert into ad_image (ad_id, id_ad_image, path) values (111, 111, 'http://dummyimage.com/197x100.png/cc0000/ffffff');
insert into ad_image (ad_id, id_ad_image, path) values (112, 112, 'http://dummyimage.com/216x100.png/dddddd/000000');
insert into ad_image (ad_id, id_ad_image, path) values (113, 113, 'http://dummyimage.com/169x100.png/cc0000/ffffff');
insert into ad_image (ad_id, id_ad_image, path) values (114, 114, 'http://dummyimage.com/244x100.png/dddddd/000000');
insert into ad_image (ad_id, id_ad_image, path) values (115, 115, 'http://dummyimage.com/198x100.png/5fa2dd/ffffff');
insert into ad_image (ad_id, id_ad_image, path) values (116, 116, 'http://dummyimage.com/232x100.png/cc0000/ffffff');
insert into ad_image (ad_id, id_ad_image, path) values (117, 117, 'http://dummyimage.com/158x100.png/5fa2dd/ffffff');
insert into ad_image (ad_id, id_ad_image, path) values (118, 118, 'http://dummyimage.com/137x100.png/ff4444/ffffff');
insert into ad_image (ad_id, id_ad_image, path) values (119, 119, 'http://dummyimage.com/139x100.png/ff4444/ffffff');
insert into ad_image (ad_id, id_ad_image, path) values (120, 120, 'http://dummyimage.com/103x100.png/5fa2dd/ffffff');
insert into ad_image (ad_id, id_ad_image, path) values (121, 121, 'http://dummyimage.com/176x100.png/ff4444/ffffff');
insert into ad_image (ad_id, id_ad_image, path) values (122, 122, 'http://dummyimage.com/114x100.png/dddddd/000000');
insert into ad_image (ad_id, id_ad_image, path) values (123, 123, 'http://dummyimage.com/224x100.png/ff4444/ffffff');
insert into ad_image (ad_id, id_ad_image, path) values (124, 124, 'http://dummyimage.com/101x100.png/cc0000/ffffff');
insert into ad_image (ad_id, id_ad_image, path) values (125, 125, 'http://dummyimage.com/174x100.png/cc0000/ffffff');
insert into ad_image (ad_id, id_ad_image, path) values (126, 126, 'http://dummyimage.com/114x100.png/dddddd/000000');
insert into ad_image (ad_id, id_ad_image, path) values (127, 127, 'http://dummyimage.com/183x100.png/cc0000/ffffff');
insert into ad_image (ad_id, id_ad_image, path) values (128, 128, 'http://dummyimage.com/145x100.png/5fa2dd/ffffff');
insert into ad_image (ad_id, id_ad_image, path) values (129, 129, 'http://dummyimage.com/241x100.png/ff4444/ffffff');
insert into ad_image (ad_id, id_ad_image, path) values (130, 130, 'http://dummyimage.com/106x100.png/cc0000/ffffff');
insert into ad_image (ad_id, id_ad_image, path) values (131, 131, 'http://dummyimage.com/116x100.png/ff4444/ffffff');
insert into ad_image (ad_id, id_ad_image, path) values (132, 132, 'http://dummyimage.com/188x100.png/dddddd/000000');
insert into ad_image (ad_id, id_ad_image, path) values (133, 133, 'http://dummyimage.com/234x100.png/cc0000/ffffff');
insert into ad_image (ad_id, id_ad_image, path) values (134, 134, 'http://dummyimage.com/141x100.png/dddddd/000000');
insert into ad_image (ad_id, id_ad_image, path) values (135, 135, 'http://dummyimage.com/213x100.png/ff4444/ffffff');
insert into ad_image (ad_id, id_ad_image, path) values (136, 136, 'http://dummyimage.com/122x100.png/dddddd/000000');
insert into ad_image (ad_id, id_ad_image, path) values (137, 137, 'http://dummyimage.com/113x100.png/ff4444/ffffff');
insert into ad_image (ad_id, id_ad_image, path) values (138, 138, 'http://dummyimage.com/124x100.png/5fa2dd/ffffff');
insert into ad_image (ad_id, id_ad_image, path) values (139, 139, 'http://dummyimage.com/101x100.png/cc0000/ffffff');
insert into ad_image (ad_id, id_ad_image, path) values (140, 140, 'http://dummyimage.com/160x100.png/5fa2dd/ffffff');
insert into ad_image (ad_id, id_ad_image, path) values (141, 141, 'http://dummyimage.com/139x100.png/ff4444/ffffff');
insert into ad_image (ad_id, id_ad_image, path) values (142, 142, 'http://dummyimage.com/156x100.png/5fa2dd/ffffff');
insert into ad_image (ad_id, id_ad_image, path) values (143, 143, 'http://dummyimage.com/135x100.png/dddddd/000000');
insert into ad_image (ad_id, id_ad_image, path) values (144, 144, 'http://dummyimage.com/248x100.png/ff4444/ffffff');
insert into ad_image (ad_id, id_ad_image, path) values (145, 145, 'http://dummyimage.com/164x100.png/cc0000/ffffff');
insert into ad_image (ad_id, id_ad_image, path) values (146, 146, 'http://dummyimage.com/174x100.png/cc0000/ffffff');
insert into ad_image (ad_id, id_ad_image, path) values (147, 147, 'http://dummyimage.com/180x100.png/ff4444/ffffff');
insert into ad_image (ad_id, id_ad_image, path) values (148, 148, 'http://dummyimage.com/226x100.png/ff4444/ffffff');
insert into ad_image (ad_id, id_ad_image, path) values (149, 149, 'http://dummyimage.com/156x100.png/5fa2dd/ffffff');
insert into ad_image (ad_id, id_ad_image, path) values (150, 150, 'http://dummyimage.com/152x100.png/dddddd/000000');
insert into ad_image (ad_id, id_ad_image, path) values (151, 151, 'http://dummyimage.com/233x100.png/5fa2dd/ffffff');
insert into ad_image (ad_id, id_ad_image, path) values (152, 152, 'http://dummyimage.com/141x100.png/5fa2dd/ffffff');
insert into ad_image (ad_id, id_ad_image, path) values (153, 153, 'http://dummyimage.com/152x100.png/ff4444/ffffff');
insert into ad_image (ad_id, id_ad_image, path) values (155, 155, 'http://dummyimage.com/141x100.png/5fa2dd/ffffff');
insert into ad_image (ad_id, id_ad_image, path) values (156, 156, 'http://dummyimage.com/226x100.png/cc0000/ffffff');
insert into ad_image (ad_id, id_ad_image, path) values (157, 157, 'http://dummyimage.com/238x100.png/ff4444/ffffff');
insert into ad_image (ad_id, id_ad_image, path) values (158, 158, 'http://dummyimage.com/226x100.png/dddddd/000000');
insert into ad_image (ad_id, id_ad_image, path) values (159, 159, 'http://dummyimage.com/240x100.png/5fa2dd/ffffff');
insert into ad_image (ad_id, id_ad_image, path) values (160, 160, 'http://dummyimage.com/143x100.png/ff4444/ffffff');
insert into ad_image (ad_id, id_ad_image, path) values (161, 161, 'http://dummyimage.com/106x100.png/ff4444/ffffff');
insert into ad_image (ad_id, id_ad_image, path) values (162, 162, 'http://dummyimage.com/106x100.png/5fa2dd/ffffff');
insert into ad_image (ad_id, id_ad_image, path) values (163, 163, 'http://dummyimage.com/165x100.png/ff4444/ffffff');
insert into ad_image (ad_id, id_ad_image, path) values (164, 164, 'http://dummyimage.com/160x100.png/cc0000/ffffff');
insert into ad_image (ad_id, id_ad_image, path) values (165, 165, 'http://dummyimage.com/143x100.png/ff4444/ffffff');
insert into ad_image (ad_id, id_ad_image, path) values (166, 166, 'http://dummyimage.com/232x100.png/ff4444/ffffff');
insert into ad_image (ad_id, id_ad_image, path) values (167, 167, 'http://dummyimage.com/129x100.png/5fa2dd/ffffff');
insert into ad_image (ad_id, id_ad_image, path) values (168, 168, 'http://dummyimage.com/173x100.png/ff4444/ffffff');
insert into ad_image (ad_id, id_ad_image, path) values (169, 169, 'http://dummyimage.com/135x100.png/ff4444/ffffff');
insert into ad_image (ad_id, id_ad_image, path) values (170, 170, 'http://dummyimage.com/210x100.png/5fa2dd/ffffff');
insert into ad_image (ad_id, id_ad_image, path) values (171, 171, 'http://dummyimage.com/128x100.png/cc0000/ffffff');
insert into ad_image (ad_id, id_ad_image, path) values (172, 172, 'http://dummyimage.com/248x100.png/5fa2dd/ffffff');
insert into ad_image (ad_id, id_ad_image, path) values (173, 173, 'http://dummyimage.com/207x100.png/5fa2dd/ffffff');
insert into ad_image (ad_id, id_ad_image, path) values (174, 174, 'http://dummyimage.com/228x100.png/5fa2dd/ffffff');
insert into ad_image (ad_id, id_ad_image, path) values (175, 175, 'http://dummyimage.com/146x100.png/ff4444/ffffff');
insert into ad_image (ad_id, id_ad_image, path) values (176, 176, 'http://dummyimage.com/220x100.png/cc0000/ffffff');
insert into ad_image (ad_id, id_ad_image, path) values (177, 177, 'http://dummyimage.com/199x100.png/dddddd/000000');
insert into ad_image (ad_id, id_ad_image, path) values (178, 178, 'http://dummyimage.com/218x100.png/dddddd/000000');
insert into ad_image (ad_id, id_ad_image, path) values (179, 179, 'http://dummyimage.com/231x100.png/cc0000/ffffff');
insert into ad_image (ad_id, id_ad_image, path) values (180, 180, 'http://dummyimage.com/183x100.png/dddddd/000000');
insert into ad_image (ad_id, id_ad_image, path) values (181, 181, 'http://dummyimage.com/227x100.png/ff4444/ffffff');
insert into ad_image (ad_id, id_ad_image, path) values (182, 182, 'http://dummyimage.com/200x100.png/5fa2dd/ffffff');
insert into ad_image (ad_id, id_ad_image, path) values (183, 183, 'http://dummyimage.com/250x100.png/cc0000/ffffff');
insert into ad_image (ad_id, id_ad_image, path) values (184, 184, 'http://dummyimage.com/147x100.png/cc0000/ffffff');
insert into ad_image (ad_id, id_ad_image, path) values (185, 185, 'http://dummyimage.com/138x100.png/5fa2dd/ffffff');
insert into ad_image (ad_id, id_ad_image, path) values (186, 186, 'http://dummyimage.com/226x100.png/ff4444/ffffff');
insert into ad_image (ad_id, id_ad_image, path) values (187, 187, 'http://dummyimage.com/245x100.png/ff4444/ffffff');
insert into ad_image (ad_id, id_ad_image, path) values (188, 188, 'http://dummyimage.com/153x100.png/5fa2dd/ffffff');
insert into ad_image (ad_id, id_ad_image, path) values (189, 189, 'http://dummyimage.com/132x100.png/dddddd/000000');
insert into ad_image (ad_id, id_ad_image, path) values (190, 190, 'http://dummyimage.com/140x100.png/dddddd/000000');
insert into ad_image (ad_id, id_ad_image, path) values (191, 191, 'http://dummyimage.com/127x100.png/ff4444/ffffff');
insert into ad_image (ad_id, id_ad_image, path) values (192, 192, 'http://dummyimage.com/146x100.png/5fa2dd/ffffff');
insert into ad_image (ad_id, id_ad_image, path) values (193, 193, 'http://dummyimage.com/202x100.png/cc0000/ffffff');
insert into ad_image (ad_id, id_ad_image, path) values (194, 194, 'http://dummyimage.com/101x100.png/cc0000/ffffff');
insert into ad_image (ad_id, id_ad_image, path) values (195, 195, 'http://dummyimage.com/249x100.png/5fa2dd/ffffff');
insert into ad_image (ad_id, id_ad_image, path) values (196, 196, 'http://dummyimage.com/169x100.png/5fa2dd/ffffff');
insert into ad_image (ad_id, id_ad_image, path) values (197, 197, 'http://dummyimage.com/137x100.png/ff4444/ffffff');
insert into ad_image (ad_id, id_ad_image, path) values (198, 198, 'http://dummyimage.com/139x100.png/dddddd/000000');
insert into ad_image (ad_id, id_ad_image, path) values (199, 199, 'http://dummyimage.com/162x100.png/cc0000/ffffff');
insert into ad_image (ad_id, id_ad_image, path) values (200, 200, 'http://dummyimage.com/126x100.png/cc0000/ffffff');
insert into ad_image (ad_id, id_ad_image, path) values (154, 201, 'https://s.aolcdn.com/commerce/autodata/images/USC30GMS202B021001.jpg');
insert into ad_image (ad_id, id_ad_image, path) values (154, 202, 'https://s.aolcdn.com/commerce/autodata/images/USC30GMS202B021002.jpg');
insert into ad_image (ad_id, id_ad_image, path) values (154, 203, 'https://s.aolcdn.com/commerce/autodata/images/USC30GMS202B021025.jpg');
insert into ad_image (ad_id, id_ad_image, path) values (154, 204, 'https://s.aolcdn.com/commerce/autodata/images/USC30GMS202B021024.jpg');
insert into ad_image (ad_id, id_ad_image, path) values (154, 205, 'https://s.aolcdn.com/commerce/autodata/images/USC30GMS202B021005.jpg');
insert into ad_image (ad_id, id_ad_image, path) values (154, 206, 'https://s.aolcdn.com/commerce/autodata/images/USC30GMS202B021003.jpg');

/* ad_ad_tag_rel */
insert into ad_ad_tag_rel (ad_id, ad_tag_id) values (89, 1);
insert into ad_ad_tag_rel (ad_id, ad_tag_id) values (154, 2);
insert into ad_ad_tag_rel (ad_id, ad_tag_id) values (121, 3);
insert into ad_ad_tag_rel (ad_id, ad_tag_id) values (185, 4);
insert into ad_ad_tag_rel (ad_id, ad_tag_id) values (101, 5);
insert into ad_ad_tag_rel (ad_id, ad_tag_id) values (96, 6);
insert into ad_ad_tag_rel (ad_id, ad_tag_id) values (54, 7);
insert into ad_ad_tag_rel (ad_id, ad_tag_id) values (12, 8);
insert into ad_ad_tag_rel (ad_id, ad_tag_id) values (131, 9);
insert into ad_ad_tag_rel (ad_id, ad_tag_id) values (19, 10);
insert into ad_ad_tag_rel (ad_id, ad_tag_id) values (82, 11);
insert into ad_ad_tag_rel (ad_id, ad_tag_id) values (17, 12);
insert into ad_ad_tag_rel (ad_id, ad_tag_id) values (164, 13);
insert into ad_ad_tag_rel (ad_id, ad_tag_id) values (95, 14);
insert into ad_ad_tag_rel (ad_id, ad_tag_id) values (109, 15);
insert into ad_ad_tag_rel (ad_id, ad_tag_id) values (167, 16);
insert into ad_ad_tag_rel (ad_id, ad_tag_id) values (65, 17);
insert into ad_ad_tag_rel (ad_id, ad_tag_id) values (53, 18);
insert into ad_ad_tag_rel (ad_id, ad_tag_id) values (141, 19);
insert into ad_ad_tag_rel (ad_id, ad_tag_id) values (104, 20);
insert into ad_ad_tag_rel (ad_id, ad_tag_id) values (66, 21);
insert into ad_ad_tag_rel (ad_id, ad_tag_id) values (31, 22);
insert into ad_ad_tag_rel (ad_id, ad_tag_id) values (108, 23);
insert into ad_ad_tag_rel (ad_id, ad_tag_id) values (191, 24);
insert into ad_ad_tag_rel (ad_id, ad_tag_id) values (97, 25);
insert into ad_ad_tag_rel (ad_id, ad_tag_id) values (112, 26);
insert into ad_ad_tag_rel (ad_id, ad_tag_id) values (95, 27);
insert into ad_ad_tag_rel (ad_id, ad_tag_id) values (160, 28);
insert into ad_ad_tag_rel (ad_id, ad_tag_id) values (133, 29);
insert into ad_ad_tag_rel (ad_id, ad_tag_id) values (160, 30);
insert into ad_ad_tag_rel (ad_id, ad_tag_id) values (93, 31);
insert into ad_ad_tag_rel (ad_id, ad_tag_id) values (132, 32);
insert into ad_ad_tag_rel (ad_id, ad_tag_id) values (199, 33);
insert into ad_ad_tag_rel (ad_id, ad_tag_id) values (190, 34);
insert into ad_ad_tag_rel (ad_id, ad_tag_id) values (10, 35);
insert into ad_ad_tag_rel (ad_id, ad_tag_id) values (143, 36);
insert into ad_ad_tag_rel (ad_id, ad_tag_id) values (125, 37);
insert into ad_ad_tag_rel (ad_id, ad_tag_id) values (22, 38);
insert into ad_ad_tag_rel (ad_id, ad_tag_id) values (49, 39);
insert into ad_ad_tag_rel (ad_id, ad_tag_id) values (130, 40);
insert into ad_ad_tag_rel (ad_id, ad_tag_id) values (21, 41);
insert into ad_ad_tag_rel (ad_id, ad_tag_id) values (42, 42);
insert into ad_ad_tag_rel (ad_id, ad_tag_id) values (38, 43);
insert into ad_ad_tag_rel (ad_id, ad_tag_id) values (142, 44);
insert into ad_ad_tag_rel (ad_id, ad_tag_id) values (26, 45);
insert into ad_ad_tag_rel (ad_id, ad_tag_id) values (133, 46);
insert into ad_ad_tag_rel (ad_id, ad_tag_id) values (82, 47);
insert into ad_ad_tag_rel (ad_id, ad_tag_id) values (122, 48);
insert into ad_ad_tag_rel (ad_id, ad_tag_id) values (51, 49);
insert into ad_ad_tag_rel (ad_id, ad_tag_id) values (117, 50);
insert into ad_ad_tag_rel (ad_id, ad_tag_id) values (48, 51);
insert into ad_ad_tag_rel (ad_id, ad_tag_id) values (87, 52);
insert into ad_ad_tag_rel (ad_id, ad_tag_id) values (1, 53);
insert into ad_ad_tag_rel (ad_id, ad_tag_id) values (172, 54);
insert into ad_ad_tag_rel (ad_id, ad_tag_id) values (165, 55);
insert into ad_ad_tag_rel (ad_id, ad_tag_id) values (64, 56);
insert into ad_ad_tag_rel (ad_id, ad_tag_id) values (73, 57);
insert into ad_ad_tag_rel (ad_id, ad_tag_id) values (175, 58);
insert into ad_ad_tag_rel (ad_id, ad_tag_id) values (124, 59);
insert into ad_ad_tag_rel (ad_id, ad_tag_id) values (166, 60);
insert into ad_ad_tag_rel (ad_id, ad_tag_id) values (95, 61);
insert into ad_ad_tag_rel (ad_id, ad_tag_id) values (171, 62);
insert into ad_ad_tag_rel (ad_id, ad_tag_id) values (20, 63);
insert into ad_ad_tag_rel (ad_id, ad_tag_id) values (26, 64);
insert into ad_ad_tag_rel (ad_id, ad_tag_id) values (172, 65);
insert into ad_ad_tag_rel (ad_id, ad_tag_id) values (133, 66);
insert into ad_ad_tag_rel (ad_id, ad_tag_id) values (57, 67);
insert into ad_ad_tag_rel (ad_id, ad_tag_id) values (195, 68);
insert into ad_ad_tag_rel (ad_id, ad_tag_id) values (132, 69);
insert into ad_ad_tag_rel (ad_id, ad_tag_id) values (34, 70);
insert into ad_ad_tag_rel (ad_id, ad_tag_id) values (195, 71);
insert into ad_ad_tag_rel (ad_id, ad_tag_id) values (142, 72);
insert into ad_ad_tag_rel (ad_id, ad_tag_id) values (200, 73);
insert into ad_ad_tag_rel (ad_id, ad_tag_id) values (164, 74);
insert into ad_ad_tag_rel (ad_id, ad_tag_id) values (84, 75);
insert into ad_ad_tag_rel (ad_id, ad_tag_id) values (87, 76);
insert into ad_ad_tag_rel (ad_id, ad_tag_id) values (91, 77);
insert into ad_ad_tag_rel (ad_id, ad_tag_id) values (135, 78);
insert into ad_ad_tag_rel (ad_id, ad_tag_id) values (135, 79);
insert into ad_ad_tag_rel (ad_id, ad_tag_id) values (167, 80);
insert into ad_ad_tag_rel (ad_id, ad_tag_id) values (194, 81);
insert into ad_ad_tag_rel (ad_id, ad_tag_id) values (200, 82);
insert into ad_ad_tag_rel (ad_id, ad_tag_id) values (29, 83);
insert into ad_ad_tag_rel (ad_id, ad_tag_id) values (81, 84);
insert into ad_ad_tag_rel (ad_id, ad_tag_id) values (84, 85);
insert into ad_ad_tag_rel (ad_id, ad_tag_id) values (184, 86);
insert into ad_ad_tag_rel (ad_id, ad_tag_id) values (187, 87);
insert into ad_ad_tag_rel (ad_id, ad_tag_id) values (122, 88);
insert into ad_ad_tag_rel (ad_id, ad_tag_id) values (32, 89);
insert into ad_ad_tag_rel (ad_id, ad_tag_id) values (164, 90);
insert into ad_ad_tag_rel (ad_id, ad_tag_id) values (24, 91);
insert into ad_ad_tag_rel (ad_id, ad_tag_id) values (179, 92);
insert into ad_ad_tag_rel (ad_id, ad_tag_id) values (163, 93);
insert into ad_ad_tag_rel (ad_id, ad_tag_id) values (14, 94);
insert into ad_ad_tag_rel (ad_id, ad_tag_id) values (181, 95);
insert into ad_ad_tag_rel (ad_id, ad_tag_id) values (9, 96);
insert into ad_ad_tag_rel (ad_id, ad_tag_id) values (160, 97);
insert into ad_ad_tag_rel (ad_id, ad_tag_id) values (72, 98);
insert into ad_ad_tag_rel (ad_id, ad_tag_id) values (74, 99);
insert into ad_ad_tag_rel (ad_id, ad_tag_id) values (166, 100);
insert into ad_ad_tag_rel (ad_id, ad_tag_id) values (167, 101);
insert into ad_ad_tag_rel (ad_id, ad_tag_id) values (183, 102);
insert into ad_ad_tag_rel (ad_id, ad_tag_id) values (90, 103);
insert into ad_ad_tag_rel (ad_id, ad_tag_id) values (188, 104);
insert into ad_ad_tag_rel (ad_id, ad_tag_id) values (112, 105);
insert into ad_ad_tag_rel (ad_id, ad_tag_id) values (115, 106);
insert into ad_ad_tag_rel (ad_id, ad_tag_id) values (61, 107);
insert into ad_ad_tag_rel (ad_id, ad_tag_id) values (143, 108);
insert into ad_ad_tag_rel (ad_id, ad_tag_id) values (86, 109);
insert into ad_ad_tag_rel (ad_id, ad_tag_id) values (175, 110);
insert into ad_ad_tag_rel (ad_id, ad_tag_id) values (87, 111);
insert into ad_ad_tag_rel (ad_id, ad_tag_id) values (58, 112);
insert into ad_ad_tag_rel (ad_id, ad_tag_id) values (84, 113);
insert into ad_ad_tag_rel (ad_id, ad_tag_id) values (198, 114);
insert into ad_ad_tag_rel (ad_id, ad_tag_id) values (84, 115);
insert into ad_ad_tag_rel (ad_id, ad_tag_id) values (153, 116);
insert into ad_ad_tag_rel (ad_id, ad_tag_id) values (83, 117);
insert into ad_ad_tag_rel (ad_id, ad_tag_id) values (177, 118);
insert into ad_ad_tag_rel (ad_id, ad_tag_id) values (106, 119);
insert into ad_ad_tag_rel (ad_id, ad_tag_id) values (37, 120);
insert into ad_ad_tag_rel (ad_id, ad_tag_id) values (83, 121);
insert into ad_ad_tag_rel (ad_id, ad_tag_id) values (117, 122);
insert into ad_ad_tag_rel (ad_id, ad_tag_id) values (89, 123);
insert into ad_ad_tag_rel (ad_id, ad_tag_id) values (17, 124);
insert into ad_ad_tag_rel (ad_id, ad_tag_id) values (113, 125);
insert into ad_ad_tag_rel (ad_id, ad_tag_id) values (124, 126);
insert into ad_ad_tag_rel (ad_id, ad_tag_id) values (117, 127);
insert into ad_ad_tag_rel (ad_id, ad_tag_id) values (39, 128);
insert into ad_ad_tag_rel (ad_id, ad_tag_id) values (200, 129);
insert into ad_ad_tag_rel (ad_id, ad_tag_id) values (133, 130);
insert into ad_ad_tag_rel (ad_id, ad_tag_id) values (150, 131);
insert into ad_ad_tag_rel (ad_id, ad_tag_id) values (51, 132);
insert into ad_ad_tag_rel (ad_id, ad_tag_id) values (114, 133);
insert into ad_ad_tag_rel (ad_id, ad_tag_id) values (53, 134);
insert into ad_ad_tag_rel (ad_id, ad_tag_id) values (55, 135);
insert into ad_ad_tag_rel (ad_id, ad_tag_id) values (173, 136);
insert into ad_ad_tag_rel (ad_id, ad_tag_id) values (76, 137);
insert into ad_ad_tag_rel (ad_id, ad_tag_id) values (50, 138);
insert into ad_ad_tag_rel (ad_id, ad_tag_id) values (88, 139);
insert into ad_ad_tag_rel (ad_id, ad_tag_id) values (74, 140);
insert into ad_ad_tag_rel (ad_id, ad_tag_id) values (49, 141);
insert into ad_ad_tag_rel (ad_id, ad_tag_id) values (75, 142);
insert into ad_ad_tag_rel (ad_id, ad_tag_id) values (196, 143);
insert into ad_ad_tag_rel (ad_id, ad_tag_id) values (81, 144);
insert into ad_ad_tag_rel (ad_id, ad_tag_id) values (120, 145);
insert into ad_ad_tag_rel (ad_id, ad_tag_id) values (80, 146);
insert into ad_ad_tag_rel (ad_id, ad_tag_id) values (71, 147);
insert into ad_ad_tag_rel (ad_id, ad_tag_id) values (150, 148);
insert into ad_ad_tag_rel (ad_id, ad_tag_id) values (2, 149);
insert into ad_ad_tag_rel (ad_id, ad_tag_id) values (110, 150);
insert into ad_ad_tag_rel (ad_id, ad_tag_id) values (84, 151);
insert into ad_ad_tag_rel (ad_id, ad_tag_id) values (178, 152);
insert into ad_ad_tag_rel (ad_id, ad_tag_id) values (25, 153);
insert into ad_ad_tag_rel (ad_id, ad_tag_id) values (186, 154);
insert into ad_ad_tag_rel (ad_id, ad_tag_id) values (15, 155);
insert into ad_ad_tag_rel (ad_id, ad_tag_id) values (84, 156);
insert into ad_ad_tag_rel (ad_id, ad_tag_id) values (72, 157);
insert into ad_ad_tag_rel (ad_id, ad_tag_id) values (196, 158);
insert into ad_ad_tag_rel (ad_id, ad_tag_id) values (139, 159);
insert into ad_ad_tag_rel (ad_id, ad_tag_id) values (198, 160);
insert into ad_ad_tag_rel (ad_id, ad_tag_id) values (50, 161);
insert into ad_ad_tag_rel (ad_id, ad_tag_id) values (132, 162);
insert into ad_ad_tag_rel (ad_id, ad_tag_id) values (169, 163);
insert into ad_ad_tag_rel (ad_id, ad_tag_id) values (198, 164);
insert into ad_ad_tag_rel (ad_id, ad_tag_id) values (45, 165);
insert into ad_ad_tag_rel (ad_id, ad_tag_id) values (20, 166);
insert into ad_ad_tag_rel (ad_id, ad_tag_id) values (6, 167);
insert into ad_ad_tag_rel (ad_id, ad_tag_id) values (175, 168);
insert into ad_ad_tag_rel (ad_id, ad_tag_id) values (200, 169);
insert into ad_ad_tag_rel (ad_id, ad_tag_id) values (101, 170);
insert into ad_ad_tag_rel (ad_id, ad_tag_id) values (197, 171);
insert into ad_ad_tag_rel (ad_id, ad_tag_id) values (141, 172);
insert into ad_ad_tag_rel (ad_id, ad_tag_id) values (178, 173);
insert into ad_ad_tag_rel (ad_id, ad_tag_id) values (189, 174);
insert into ad_ad_tag_rel (ad_id, ad_tag_id) values (39, 175);
insert into ad_ad_tag_rel (ad_id, ad_tag_id) values (197, 176);
insert into ad_ad_tag_rel (ad_id, ad_tag_id) values (131, 177);
insert into ad_ad_tag_rel (ad_id, ad_tag_id) values (152, 178);
insert into ad_ad_tag_rel (ad_id, ad_tag_id) values (167, 179);
insert into ad_ad_tag_rel (ad_id, ad_tag_id) values (168, 180);
insert into ad_ad_tag_rel (ad_id, ad_tag_id) values (29, 181);
insert into ad_ad_tag_rel (ad_id, ad_tag_id) values (34, 182);
insert into ad_ad_tag_rel (ad_id, ad_tag_id) values (119, 183);
insert into ad_ad_tag_rel (ad_id, ad_tag_id) values (185, 184);
insert into ad_ad_tag_rel (ad_id, ad_tag_id) values (143, 185);
insert into ad_ad_tag_rel (ad_id, ad_tag_id) values (160, 186);
insert into ad_ad_tag_rel (ad_id, ad_tag_id) values (71, 187);
insert into ad_ad_tag_rel (ad_id, ad_tag_id) values (93, 188);
insert into ad_ad_tag_rel (ad_id, ad_tag_id) values (117, 189);
insert into ad_ad_tag_rel (ad_id, ad_tag_id) values (159, 190);
insert into ad_ad_tag_rel (ad_id, ad_tag_id) values (65, 191);
insert into ad_ad_tag_rel (ad_id, ad_tag_id) values (103, 192);
insert into ad_ad_tag_rel (ad_id, ad_tag_id) values (150, 193);
insert into ad_ad_tag_rel (ad_id, ad_tag_id) values (55, 194);
insert into ad_ad_tag_rel (ad_id, ad_tag_id) values (77, 195);
insert into ad_ad_tag_rel (ad_id, ad_tag_id) values (48, 196);
insert into ad_ad_tag_rel (ad_id, ad_tag_id) values (73, 197);
insert into ad_ad_tag_rel (ad_id, ad_tag_id) values (154, 198);
insert into ad_ad_tag_rel (ad_id, ad_tag_id) values (51, 199);
insert into ad_ad_tag_rel (ad_id, ad_tag_id) values (59, 200);
