INSERT INTO ad_type(id_ad_type, name) VALUES (1, 'Health');
INSERT INTO ad_type(id_ad_type, name) VALUES (2, 'Books');
INSERT INTO ad_type(id_ad_type, name) VALUES (3, 'Automotive');
INSERT INTO ad_type(id_ad_type, name) VALUES (4, 'Outdoors');
INSERT INTO ad_type(id_ad_type, name) VALUES (5, 'Shoes');
INSERT INTO ad_type(id_ad_type, name) VALUES (6, 'Jewelery');
INSERT INTO ad_type(id_ad_type, name) VALUES (7, 'Games');
INSERT INTO ad_type(id_ad_type, name) VALUES (8, 'Baby');
INSERT INTO ad_type(id_ad_type, name) VALUES (9, 'Grocery');
INSERT INTO ad_type(id_ad_type, name) VALUES (10, 'Industrial');
INSERT INTO ad_type(id_ad_type, name) VALUES (11, 'Electronics');
INSERT INTO ad_type(id_ad_type, name) VALUES (12, 'Music');
INSERT INTO ad_type(id_ad_type, name) VALUES (13, 'Kids');
INSERT INTO ad_type(id_ad_type, name) VALUES (14, 'Sports');
INSERT INTO ad_type(id_ad_type, name) VALUES (15, 'Home');

INSERT INTO customer_info (id_customer_info, first_name, last_name, icon_path, phone_number) VALUES (1, 'Maureen', 'Schmeler', null, '347-583-1663');
INSERT INTO customer_info (id_customer_info, first_name, last_name, icon_path, phone_number) VALUES (2, 'Johnpaul', 'Abbott', null, '211.572.2581');
INSERT INTO customer_info (id_customer_info, first_name, last_name, icon_path, phone_number) VALUES (3, 'Dannie', 'Orn', null, '429.776.9565 x28538');
INSERT INTO customer_info (id_customer_info, first_name, last_name, icon_path, phone_number) VALUES (4, 'Okey', 'DuBuque', null, '1-221-809-6252 x49634');
INSERT INTO customer_info (id_customer_info, first_name, last_name, icon_path, phone_number) VALUES (5, 'Justice', 'Walter', null, '(895) 269-3677 x794');
INSERT INTO customer_info (id_customer_info, first_name, last_name, icon_path, phone_number) VALUES (6, 'Issac', 'Nitzsche', null, '1-965-802-4460 x86862');
INSERT INTO customer_info (id_customer_info, first_name, last_name, icon_path, phone_number) VALUES (7, 'Kailyn', 'Ritchie', null, '266.899.7583');
INSERT INTO customer_info (id_customer_info, first_name, last_name, icon_path, phone_number) VALUES (8, 'Candelario', 'Schulist', null, '488.488.5457 x99180');
INSERT INTO customer_info (id_customer_info, first_name, last_name, icon_path, phone_number) VALUES (9, 'Eliezer', 'Bogan', null, '1-392-985-9752 x265');
INSERT INTO customer_info (id_customer_info, first_name, last_name, icon_path, phone_number) VALUES (10, 'Julianne', 'Sipes', null, '(380) 902-2427 x2200');
INSERT INTO customer_info (id_customer_info, first_name, last_name, icon_path, phone_number) VALUES (11, 'Elna', 'Mueller', null, '(297) 342-0553 x824');
INSERT INTO customer_info (id_customer_info, first_name, last_name, icon_path, phone_number) VALUES (12, 'Jules', 'Moore-Crist', null, '874.526.8920 x451');
INSERT INTO customer_info (id_customer_info, first_name, last_name, icon_path, phone_number) VALUES (13, 'Jaclyn', 'Walker', null, '655-466-6145 x05390');
INSERT INTO customer_info (id_customer_info, first_name, last_name, icon_path, phone_number) VALUES (14, 'Mallory', 'Langworth', null, '843.948.8598 x585');
INSERT INTO customer_info (id_customer_info, first_name, last_name, icon_path, phone_number) VALUES (15, 'Krista', 'Jacobson', null, '1-222-896-4168 x29800');
INSERT INTO customer_info (id_customer_info, first_name, last_name, icon_path, phone_number) VALUES (16, 'Cornelius', 'Pagac', null, '814.751.0176 x837');
INSERT INTO customer_info (id_customer_info, first_name, last_name, icon_path, phone_number) VALUES (17, 'Elliott', 'Nolan', null, '1-574-410-0582 x34069');
INSERT INTO customer_info (id_customer_info, first_name, last_name, icon_path, phone_number) VALUES (18, 'Thalia', 'Stehr', null, '706-215-7711 x972');
INSERT INTO customer_info (id_customer_info, first_name, last_name, icon_path, phone_number) VALUES (19, 'Dorothea', 'Kirlin', null, '1-941-641-2850 x714');
INSERT INTO customer_info (id_customer_info, first_name, last_name, icon_path, phone_number) VALUES (20, 'Callie', 'Hammes', null, '1-879-479-8113');
INSERT INTO customer_info (id_customer_info, first_name, last_name, icon_path, phone_number) VALUES (21, 'Trevor', 'Klein', null, '(740) 893-3348 x34230');
INSERT INTO customer_info (id_customer_info, first_name, last_name, icon_path, phone_number) VALUES (22, 'Domenic', 'Nitzsche', null, '1-954-546-0706 x77123');
INSERT INTO customer_info (id_customer_info, first_name, last_name, icon_path, phone_number) VALUES (23, 'Okey', 'Cronin', null, '503.608.1123');
INSERT INTO customer_info (id_customer_info, first_name, last_name, icon_path, phone_number) VALUES (24, 'Green', 'Graham', null, '(881) 451-3951');
INSERT INTO customer_info (id_customer_info, first_name, last_name, icon_path, phone_number) VALUES (25, 'Adrain', 'Beatty', null, '708-358-9410 x4046');
INSERT INTO customer_info (id_customer_info, first_name, last_name, icon_path, phone_number) VALUES (26, 'Keagan', 'Collier', null, '337.601.6103 x92931');
INSERT INTO customer_info (id_customer_info, first_name, last_name, icon_path, phone_number) VALUES (27, 'Rogelio', 'Rosenbaum', null, '982-640-4609 x18221');
INSERT INTO customer_info (id_customer_info, first_name, last_name, icon_path, phone_number) VALUES (28, 'Winona', 'Hessel', null, '355.969.7878 x01952');
INSERT INTO customer_info (id_customer_info, first_name, last_name, icon_path, phone_number) VALUES (29, 'Keara', 'Gusikowski', null, '652.426.2149');
INSERT INTO customer_info (id_customer_info, first_name, last_name, icon_path, phone_number) VALUES (30, 'Piper', 'Morar-Schmitt', null, '1-815-379-4167');
INSERT INTO customer_info (id_customer_info, first_name, last_name, icon_path, phone_number) VALUES (31, 'Friedrich', 'Paucek', null, '(611) 299-3282');
INSERT INTO customer_info (id_customer_info, first_name, last_name, icon_path, phone_number) VALUES (32, 'Mabel', 'Prohaska', null, '674.514.0042 x2980');
INSERT INTO customer_info (id_customer_info, first_name, last_name, icon_path, phone_number) VALUES (33, 'Georgiana', 'Ondricka', null, '733.566.4485 x072');
INSERT INTO customer_info (id_customer_info, first_name, last_name, icon_path, phone_number) VALUES (34, 'Alfreda', 'Sawayn', null, '(781) 739-4390 x173');
INSERT INTO customer_info (id_customer_info, first_name, last_name, icon_path, phone_number) VALUES (35, 'Albert', 'Hartmann', null, '1-652-690-6978 x7458');
INSERT INTO customer_info (id_customer_info, first_name, last_name, icon_path, phone_number) VALUES (36, 'Jarod', 'Padberg', null, '698-474-7263');
INSERT INTO customer_info (id_customer_info, first_name, last_name, icon_path, phone_number) VALUES (37, 'Marco', 'Schowalter-Fritsch', null, '1-750-481-5462 x665');
INSERT INTO customer_info (id_customer_info, first_name, last_name, icon_path, phone_number) VALUES (38, 'Soledad', 'Bogisich', null, '990.320.0700 x496');
INSERT INTO customer_info (id_customer_info, first_name, last_name, icon_path, phone_number) VALUES (39, 'Lafayette', 'Mills', null, '(275) 676-9214 x664');
INSERT INTO customer_info (id_customer_info, first_name, last_name, icon_path, phone_number) VALUES (40, 'Vinnie', 'Macejkovic', null, '(707) 828-3227 x429');
INSERT INTO customer_info (id_customer_info, first_name, last_name, icon_path, phone_number) VALUES (41, 'Evalyn', 'Robel', null, '1-336-822-4441 x3724');
INSERT INTO customer_info (id_customer_info, first_name, last_name, icon_path, phone_number) VALUES (42, 'Zack', 'Johnston', null, '1-401-312-3920 x76830');
INSERT INTO customer_info (id_customer_info, first_name, last_name, icon_path, phone_number) VALUES (43, 'Willa', 'Pouros', 'fmEGqCQhLIAGymQAqdfBnbDTwCJTQy.png', '726.220.5639');
INSERT INTO customer_info (id_customer_info, first_name, last_name, icon_path, phone_number) VALUES (44, 'Laisha', 'Zulauf', 'uTIbSlKbVCTaNAPJxBIzBviLvozXXr.png', '972.293.6572');
INSERT INTO customer_info (id_customer_info, first_name, last_name, icon_path, phone_number) VALUES (45, 'Jaquelin', 'Waelchi', null, '414.710.3203 x2814');
INSERT INTO customer_info (id_customer_info, first_name, last_name, icon_path, phone_number) VALUES (46, 'Josephine', 'Powlowski', null, '564-726-5631 x425');

INSERT INTO customer (customer_info_id, id_customer, is_activated, is_deleted, is_verified, joined_date, link, personal_email, pwd, username) VALUES (1, 1, 1, 0, 0, '2024-10-12 23:28:37', 'aVVogq5hDDUl', 'jack@gmail.com', '$2a$10$jbYvcdqb7eJ.Y4aM/iQYiOxoMl.CsMhpNOUm7JNqlnSGWzqJ4riGG', 'jack@gmail.com');
INSERT INTO customer (customer_info_id, id_customer, is_activated, is_deleted, is_verified, joined_date, link, personal_email, pwd, username) VALUES (2, 2, 1, 0, 0, '2024-10-12 23:28:37', 'o9I5wdCxUMcZ', 'Vernon.Ferry67@hotmail.com', 'oVTho8GvDO7AXs3', 'Esther.Huels');
INSERT INTO customer (customer_info_id, id_customer, is_activated, is_deleted, is_verified, joined_date, link, personal_email, pwd, username) VALUES (3, 3, 1, 0, 0, '2024-10-12 23:28:37', 'C7adyEP_ka03', 'Victoria64@yahoo.com', 'j4ZLMaZr1w6d3vv', 'Maybell_VonRueden');
INSERT INTO customer (customer_info_id, id_customer, is_activated, is_deleted, is_verified, joined_date, link, personal_email, pwd, username) VALUES (4, 4, 1, 0, 0, '2024-10-12 23:28:37', 'TBow3vEgiOYK', 'Hipolito.Dickens@hotmail.com', 'S5LQBzRUtyXuOSZ', 'Quinten_Sipes');
INSERT INTO customer (customer_info_id, id_customer, is_activated, is_deleted, is_verified, joined_date, link, personal_email, pwd, username) VALUES (5, 5, 1, 0, 0, '2024-10-12 23:28:37', 'dNRn9okzPOxN', 'Clarabelle.Robel8@gmail.com', 'Te96nJG7LXpdbCC', 'Issac_Bailey37');
INSERT INTO customer (customer_info_id, id_customer, is_activated, is_deleted, is_verified, joined_date, link, personal_email, pwd, username) VALUES (6, 6, 1, 0, 0, '2024-10-12 23:28:37', 'Zmm-kHPxT6xy', 'Casey34@hotmail.com', 'OjYHW8aokkfBEvq', 'Blanche62');
INSERT INTO customer (customer_info_id, id_customer, is_activated, is_deleted, is_verified, joined_date, link, personal_email, pwd, username) VALUES (7, 7, 1, 0, 0, '2024-10-12 23:28:37', 'yO6wC76zRp9t', 'Halle48@yahoo.com', 'KHQzOojjstwUvLY', 'Leora.Gusikowski10');
INSERT INTO customer (customer_info_id, id_customer, is_activated, is_deleted, is_verified, joined_date, link, personal_email, pwd, username) VALUES (8, 8, 1, 0, 0, '2024-10-12 23:28:37', 'QpGUj8sBWcTB', 'Kacie_Waelchi87@yahoo.com', 'Ofe8y6D79xzukZ0', 'Rene.Auer51');
INSERT INTO customer (customer_info_id, id_customer, is_activated, is_deleted, is_verified, joined_date, link, personal_email, pwd, username) VALUES (9, 9, 1, 0, 0, '2024-10-12 23:28:37', 'NRlZwXzzJTaf', 'Ryann_Bergstrom@hotmail.com', 'FZflqR5Zm3oQjLV', 'Salvador61');
INSERT INTO customer (customer_info_id, id_customer, is_activated, is_deleted, is_verified, joined_date, link, personal_email, pwd, username) VALUES (10, 10, 1, 0, 0, '2024-10-12 23:28:37', 'DLi2eVzu7xjF', 'Amara_Ankunding@yahoo.com', 'YiZZk6PckgD8RBF', 'Doris.Parker54');
INSERT INTO customer (customer_info_id, id_customer, is_activated, is_deleted, is_verified, joined_date, link, personal_email, pwd, username) VALUES (11, 11, 1, 0, 0, '2024-10-12 23:28:37', '3AuHHiDtmbOr', 'Mittie.Fahey72@gmail.com', 'VCPChKd0dR3aJ4p', 'Immanuel.Funk');
INSERT INTO customer (customer_info_id, id_customer, is_activated, is_deleted, is_verified, joined_date, link, personal_email, pwd, username) VALUES (12, 12, 1, 0, 0, '2024-10-12 23:28:37', '2O-73qok8Ytr', 'Johnathan92@hotmail.com', 'xQI_sxo_2Jt1uJU', 'Isobel.Jacobson-Rowe');
INSERT INTO customer (customer_info_id, id_customer, is_activated, is_deleted, is_verified, joined_date, link, personal_email, pwd, username) VALUES (13, 13, 1, 0, 0, '2024-10-12 23:28:37', 'JWQ-4UdFJLP2', 'Pat_Rempel84@yahoo.com', 'fXovKm2FwiL0q16', 'Maxine_Koelpin16');
INSERT INTO customer (customer_info_id, id_customer, is_activated, is_deleted, is_verified, joined_date, link, personal_email, pwd, username) VALUES (14, 14, 1, 0, 0, '2024-10-12 23:28:37', '8eDyl3-FE_m2', 'Dean_Barton61@gmail.com', '3XvPt2q7vLQrHYX', 'Hope36');
INSERT INTO customer (customer_info_id, id_customer, is_activated, is_deleted, is_verified, joined_date, link, personal_email, pwd, username) VALUES (15, 15, 1, 0, 0, '2024-10-12 23:28:37', 'eTATRth7Fi1_', 'Maryam.Koss@gmail.com', 'doeegNYnMihSuxf', 'Kendall_Bailey');
INSERT INTO customer (customer_info_id, id_customer, is_activated, is_deleted, is_verified, joined_date, link, personal_email, pwd, username) VALUES (16, 16, 1, 0, 0, '2024-10-12 23:28:37', 'aRs0QQOMMKQe', 'Charles_Marks6@gmail.com', 'x3rCCX4CHFXrgOZ', 'Hugh.Kerluke69');
INSERT INTO customer (customer_info_id, id_customer, is_activated, is_deleted, is_verified, joined_date, link, personal_email, pwd, username) VALUES (17, 17, 1, 0, 0, '2024-10-12 23:28:37', 'd7HEYUkr8WFY', 'Ona_Raynor@yahoo.com', 'cjxvOUiJUtRdPta', 'Pierre_OKon24');
INSERT INTO customer (customer_info_id, id_customer, is_activated, is_deleted, is_verified, joined_date, link, personal_email, pwd, username) VALUES (18, 18, 1, 0, 0, '2024-10-12 23:28:37', 'N6zzEcKdxFP3', 'Ottilie.Corkery@yahoo.com', '7sSCal9AG6YIPrp', 'Amelie.Bartoletti18');
INSERT INTO customer (customer_info_id, id_customer, is_activated, is_deleted, is_verified, joined_date, link, personal_email, pwd, username) VALUES (19, 19, 1, 0, 0, '2024-10-12 23:28:37', 'xaRAObP0ECZ_', 'Berenice_Maggio37@hotmail.com', 'oyKGSJum58ZsW4b', 'Thurman.Medhurst');
INSERT INTO customer (customer_info_id, id_customer, is_activated, is_deleted, is_verified, joined_date, link, personal_email, pwd, username) VALUES (20, 20, 1, 0, 0, '2024-10-12 23:28:37', 'C_OUFjHpB5R4', 'Benjamin_Strosin@gmail.com', '9YTnAIwfQ2JDQRW', 'Alec_Predovic');
INSERT INTO customer (customer_info_id, id_customer, is_activated, is_deleted, is_verified, joined_date, link, personal_email, pwd, username) VALUES (21, 21, 1, 0, 0, '2024-10-12 23:28:37', 'Tnye3wtH06iE', 'Audra79@gmail.com', 'XZh59uPKhvB8vgr', 'Filomena36');
INSERT INTO customer (customer_info_id, id_customer, is_activated, is_deleted, is_verified, joined_date, link, personal_email, pwd, username) VALUES (22, 22, 1, 0, 0, '2024-10-12 23:28:37', '7K-VUmYvGEWm', 'Kieran93@gmail.com', 'FqmXN5LDcflaLSy', 'Albina.Boyer32');
INSERT INTO customer (customer_info_id, id_customer, is_activated, is_deleted, is_verified, joined_date, link, personal_email, pwd, username) VALUES (23, 23, 1, 0, 0, '2024-10-12 23:28:37', '1ts0o_mGRP4P', 'Tyrell6@hotmail.com', 'kifkru8fw6KxcQd', 'Enoch57');
INSERT INTO customer (customer_info_id, id_customer, is_activated, is_deleted, is_verified, joined_date, link, personal_email, pwd, username) VALUES (24, 24, 1, 0, 0, '2024-10-12 23:28:37', 'wQOHK9fpy74Z', 'Rollin_Wilkinson9@gmail.com', 'aNZWxqmuOy0UpL3', 'Nathanial.Effertz');
INSERT INTO customer (customer_info_id, id_customer, is_activated, is_deleted, is_verified, joined_date, link, personal_email, pwd, username) VALUES (25, 25, 1, 0, 0, '2024-10-12 23:28:37', 'q7yXr-cTUsue', 'Jermaine_Schultz43@hotmail.com', 'ovFG_4i8mZt5hYF', 'Mozelle.Franecki34');
INSERT INTO customer (customer_info_id, id_customer, is_activated, is_deleted, is_verified, joined_date, link, personal_email, pwd, username) VALUES (26, 26, 1, 0, 0, '2024-10-12 23:28:37', '-iZQjU2rTKVi', 'Mabelle.Huel@gmail.com', '0XrnzOyJYxa_MBS', 'Triston6');
INSERT INTO customer (customer_info_id, id_customer, is_activated, is_deleted, is_verified, joined_date, link, personal_email, pwd, username) VALUES (27, 27, 1, 0, 0, '2024-10-12 23:28:37', 'wvhJLAkf9Xmd', 'Julie.Connelly@yahoo.com', '46heOXCE8ot0EKw', 'Rodrigo.Wiegand32');
INSERT INTO customer (customer_info_id, id_customer, is_activated, is_deleted, is_verified, joined_date, link, personal_email, pwd, username) VALUES (28, 28, 1, 0, 0, '2024-10-12 23:28:37', '3AwXZLXCle0k', 'Hilton67@hotmail.com', '1y7ayvGcv_QYaQ3', 'Trever_Dach');
INSERT INTO customer (customer_info_id, id_customer, is_activated, is_deleted, is_verified, joined_date, link, personal_email, pwd, username) VALUES (29, 29, 1, 0, 0, '2024-10-12 23:28:37', 'Nsdx76bZb8kr', 'Johan_Hamill28@gmail.com', 'T1fptw7sjudeuKj', 'Kristina_Schowalter10');
INSERT INTO customer (customer_info_id, id_customer, is_activated, is_deleted, is_verified, joined_date, link, personal_email, pwd, username) VALUES (30, 30, 1, 0, 0, '2024-10-12 23:28:37', 'ISvaHL37jGqQ', 'Lorna.Okuneva77@gmail.com', 'sEndjXJPu08JbM_', 'Edna.Frami50');
INSERT INTO customer (customer_info_id, id_customer, is_activated, is_deleted, is_verified, joined_date, link, personal_email, pwd, username) VALUES (31, 31, 1, 0, 0, '2024-10-12 23:28:37', 'mZMZdZou8Y-X', 'Makenna_VonRueden@yahoo.com', 'W5487TUzt3vfhsL', 'Skye_Mueller');
INSERT INTO customer (customer_info_id, id_customer, is_activated, is_deleted, is_verified, joined_date, link, personal_email, pwd, username) VALUES (32, 32, 1, 0, 0, '2024-10-12 23:28:37', 'JIcuhjOSvmLQ', 'Maurice87@yahoo.com', '603I6wnnMBwiPUJ', 'Pink.Ruecker');
INSERT INTO customer (customer_info_id, id_customer, is_activated, is_deleted, is_verified, joined_date, link, personal_email, pwd, username) VALUES (33, 33, 1, 0, 0, '2024-10-12 23:28:37', 'GhtxUUkA12Jz', 'Sonny3@yahoo.com', '2LHtWJDY0XFnrxy', 'Rusty_Bins67');
INSERT INTO customer (customer_info_id, id_customer, is_activated, is_deleted, is_verified, joined_date, link, personal_email, pwd, username) VALUES (34, 34, 1, 0, 0, '2024-10-12 23:28:37', 'Bd7LOkL69kFI', 'Ubaldo_Reinger@gmail.com', '16tMrLy3ulaU7f6', 'Wilfrid.Jerde');
INSERT INTO customer (customer_info_id, id_customer, is_activated, is_deleted, is_verified, joined_date, link, personal_email, pwd, username) VALUES (35, 35, 1, 0, 0, '2024-10-12 23:28:37', 'BLuuEmhBW-i5', 'Scot.Beer95@gmail.com', 'ATD7zY92cxdFlgD', 'Leonora_Toy');
INSERT INTO customer (customer_info_id, id_customer, is_activated, is_deleted, is_verified, joined_date, link, personal_email, pwd, username) VALUES (36, 36, 1, 0, 0, '2024-10-12 23:28:37', 'uwxmShyCbErU', 'Nakia52@yahoo.com', '7CyuvKNY5y4v2ZD', 'Tatyana28');
INSERT INTO customer (customer_info_id, id_customer, is_activated, is_deleted, is_verified, joined_date, link, personal_email, pwd, username) VALUES (37, 37, 1, 0, 0, '2024-10-12 23:28:37', 'KmJA8TVHZj3i', 'Natalie.Kuhn@gmail.com', '0jNkHPKbz_VeMdO', 'Sigurd4');
INSERT INTO customer (customer_info_id, id_customer, is_activated, is_deleted, is_verified, joined_date, link, personal_email, pwd, username) VALUES (38, 38, 1, 0, 0, '2024-10-12 23:28:37', 'yEdcUO_6Wl72', 'Madilyn_Batz7@yahoo.com', 'nzaGLFoq4lPwuK9', 'Peyton62');
INSERT INTO customer (customer_info_id, id_customer, is_activated, is_deleted, is_verified, joined_date, link, personal_email, pwd, username) VALUES (39, 39, 1, 0, 0, '2024-10-12 23:28:37', '8ko7ceHBTFvB', 'Beth18@gmail.com', 'aU7LTQA3UTezjrf', 'Mandy_Hettinger');
INSERT INTO customer (customer_info_id, id_customer, is_activated, is_deleted, is_verified, joined_date, link, personal_email, pwd, username) VALUES (40, 40, 1, 0, 0, '2024-10-12 23:28:37', 'sbwpqRUdccsM', 'Chanel.Jerde@yahoo.com', 'mmQjB3Oe3y25KxP', 'Ressie.Renner');
INSERT INTO customer (customer_info_id, id_customer, is_activated, is_deleted, is_verified, joined_date, link, personal_email, pwd, username) VALUES (41, 41, 1, 0, 0, '2024-10-12 23:28:37', 'f9T0PVx39xv-', 'Amely71@yahoo.com', 'Wuz7RIE7i12kXe7', 'Trent.Hermiston55');
INSERT INTO customer (customer_info_id, id_customer, is_activated, is_deleted, is_verified, joined_date, link, personal_email, pwd, username) VALUES (42, 42, 1, 0, 0, '2024-10-12 23:28:37', '1wcb3CryujgT', 'jebiv36331@foraro.com', '$2a$10$7IBaR/3jKlabrfLafFcUveYbJkWyWoHwxY73BtQQl07W7miHNTPqC', 'jebiv36331@foraro.com');
INSERT INTO customer (customer_info_id, id_customer, is_activated, is_deleted, is_verified, joined_date, link, personal_email, pwd, username) VALUES (43, 43, 1, 0, 0, '2024-10-12 23:28:37', 'PM_PVLicROUd', 'jack1@gmail.com', '$2a$10$mLLJU33OrZYVNGcgPlTIceEbWr.4m4L0oKgbBx2xxY3GpqdhvTq7e', 'jack1@gmail.com');
INSERT INTO customer (customer_info_id, id_customer, is_activated, is_deleted, is_verified, joined_date, link, personal_email, pwd, username) VALUES (44, 44, 1, 0, 0, '2024-10-12 23:28:37', 'SgOz6HOfXiFi', 'support@cegepmv.ca', '$2a$10$PVZ5uBGcmoCp46xf06fAEu7g/me3pfNKLQz7WU1/0pUSVEfrof5tW', 'support@cegepmv.ca');
INSERT INTO customer (customer_info_id, id_customer, is_activated, is_deleted, is_verified, joined_date, link, personal_email, pwd, username) VALUES (45, 45, 1, 0, 0, '2024-10-12 23:28:37', '3jrIy21rDPU9', 'a@gmail.com', '$2a$10$xxeT13CbX9syx3g2y3VxHuIvMLSqPFKVSroUhHzqg2HlrSpt9JX.a', 'a@gmail.com');
INSERT INTO customer (customer_info_id, id_customer, is_activated, is_deleted, is_verified, joined_date, link, personal_email, pwd, username) VALUES (46, 46, 1, 0, 0, '2024-10-12 23:28:37', 'Ur2jKu2H0T3p', 'power@gmail.com', '$2a$10$nHy7hMx.Mez8TM2lEq/Kj..iXcY0JpoU17owlT7rHmq1XIzEN/yua', 'Power');

INSERT INTO ad (id_ad, ad_type_id, customer_id, added_date, is_deleted, is_sold, price, shape, visibility, title, description, address, link, reference) VALUES (1, 13, 36, "2024-08-05 16:41:11.286", 0, 0, 111, 1, 2, "Elegant Frozen Fish", "The Apollotech B340 is an affordable wireless mouse with reliable connectivity, 12 months battery life and modern design", "140 Weber Fords", "Wl8eT2B7H6ZG", "IAazdkhmw7CgYxPrQ9wZKqgs");
INSERT INTO ad (id_ad, ad_type_id, customer_id, added_date, is_deleted, is_sold, price, shape, visibility, title, description, address, link, reference) VALUES (2, 1, 33, "2024-08-05 16:41:11.287", 0, 0, 664, 3, 1, "Incredible Concrete Sausages", "Andy shoes are designed to keeping in mind durability as well as trends, the most stylish range of shoes & sandals", "6747 Marcelina Mills", "ChKzSpgaK--D", "iszPGI0QigaYBKR9jIxijVMp");
INSERT INTO ad (id_ad, ad_type_id, customer_id, added_date, is_deleted, is_sold, price, shape, visibility, title, description, address, link, reference) VALUES (3, 15, 2, "2024-08-05 16:41:11.288", 0, 0, 199, 3, 0, "Playdate Console", "This fun little handheld console comes with 24 games built-in, and a crank!", "42608 Franklin Avenue", "TEjMwBfGt9Ui", "y_9pqi15Nd-rdbLmojSsT6h8");
INSERT INTO ad (id_ad, ad_type_id, customer_id, added_date, is_deleted, is_sold, price, shape, visibility, title, description, address, link, reference) VALUES (4, 3, 26, "2024-08-05 16:41:11.288", 0, 0, 422, 4, 0, "Sleek Bronze Chicken", "New ABC 13 9370, 13.3, 5th Gen CoreA5-8250U, 8GB RAM, 256GB SSD, power UHD Graphics, OS 10 Home, OS Office A & J 2016", "7329 Darrel Ridge", "TccstWjIBrWF", "EmI64b-87eRmT6dDVV6lv1A5");
INSERT INTO ad (id_ad, ad_type_id, customer_id, added_date, is_deleted, is_sold, price, shape, visibility, title, description, address, link, reference) VALUES (5, 7, 23, "2024-08-05 16:41:11.289", 0, 0, 277, 1, 2, "Oriental Bronze Salad", "The Nagasaki Lander is the trademarked name of several series of Nagasaki sport bikes, that started with the 1984 ABC800J", "29270 Hunter Lakes", "y-wj4ia486Fz", "4aybzkVbE8XQxEfMARhnGBFK");
INSERT INTO ad (id_ad, ad_type_id, customer_id, added_date, is_deleted, is_sold, price, shape, visibility, title, description, address, link, reference) VALUES (6, 2, 41, "2024-08-05 16:41:11.289", 0, 0, 839, 4, 1, "Ergonomic Wooden Mouse", "New range of formal shirts are designed keeping you in mind. With fits and styling that will make you stand apart", "449 Woodside Road", "y60eSQXdH5fH", "4s3DgUy76ciuM-xTwT6UTzWt");
INSERT INTO ad (id_ad, ad_type_id, customer_id, added_date, is_deleted, is_sold, price, shape, visibility, title, description, address, link, reference) VALUES (7, 6, 36, "2024-08-05 16:41:11.290", 0, 0, 805, 1, 1, "Small Metal Fish", "The Nagasaki Lander is the trademarked name of several series of Nagasaki sport bikes, that started with the 1984 ABC800J", "528 Ezekiel Spring", "90YrBeh0FNMp", "46RSyga-9cynP-85LhURZCNw");
INSERT INTO ad (id_ad, ad_type_id, customer_id, added_date, is_deleted, is_sold, price, shape, visibility, title, description, address, link, reference) VALUES (8, 11, 10, "2024-08-05 16:41:11.290", 0, 0, 473, 0, 2, "Incredible Plastic Table", "Andy shoes are designed to keeping in mind durability as well as trends, the most stylish range of shoes & sandals", "7354 S East Street", "l7qiDeUV1lV4", "e3POtN4IAAojOaPVsltxlYM5");
INSERT INTO ad (id_ad, ad_type_id, customer_id, added_date, is_deleted, is_sold, price, shape, visibility, title, description, address, link, reference) VALUES (9, 8, 9, "2024-08-05 16:41:11.291", 0, 0, 211, 2, 2, "Bespoke Concrete Table", "The Apollotech B340 is an affordable wireless mouse with reliable connectivity, 12 months battery life and modern design", "522 Dessie Unions", "eG_8Bg8aSnPP", "sQvAlHFJ67xAZKvZodhlNUm7");
INSERT INTO ad (id_ad, ad_type_id, customer_id, added_date, is_deleted, is_sold, price, shape, visibility, title, description, address, link, reference) VALUES (10, 12, 17, "2024-08-05 16:41:11.291", 0, 0, 908, 2, 1, "Awesome Soft Hat", "The automobile layout consists of a front-engine design, with transaxle-type transmissions mounted at the rear of the engine and four wheel drive", "7734 E Maple Street", "alKLiCSNXd7I", "3KGUbqOCBsSvPIMC_KhIimYs");
INSERT INTO ad (id_ad, ad_type_id, customer_id, added_date, is_deleted, is_sold, price, shape, visibility, title, description, address, link, reference) VALUES (11, 11, 11, "2024-08-05 16:41:11.292", 0, 0, 953, 4, 1, "Modern Fresh Shoes", "Boston's most advanced compression wear technology increases muscle oxygenation, stabilizes active muscles", "4323 Schumm Stream", "cAAcXSJJ5Uk4", "nKE59-ALslqi9ggtFyBCd7yA");
INSERT INTO ad (id_ad, ad_type_id, customer_id, added_date, is_deleted, is_sold, price, shape, visibility, title, description, address, link, reference) VALUES (12, 14, 37, "2024-08-05 16:41:11.292", 0, 0, 516, 3, 1, "Intelligent Steel Cheese", "The beautiful range of Apple Naturalé that has an exciting mix of natural ingredients. With the Goodness of 100% Natural Ingredients", "9360 Yost Harbor", "mhFuZa4MSN8a", "0SvKmTuM8grkWNOZC6592XWv");
INSERT INTO ad (id_ad, ad_type_id, customer_id, added_date, is_deleted, is_sold, price, shape, visibility, title, description, address, link, reference) VALUES (13, 9, 24, "2024-08-05 16:41:11.293", 0, 0, 631, 2, 0, "Incredible Frozen Car", "Boston's most advanced compression wear technology increases muscle oxygenation, stabilizes active muscles", "50998 Lincoln Street", "4ifpml8rVSzh", "vJEej6pYlKzCVan824EfPOL7");
INSERT INTO ad (id_ad, ad_type_id, customer_id, added_date, is_deleted, is_sold, price, shape, visibility, title, description, address, link, reference) VALUES (14, 13, 28, "2024-08-05 16:41:11.293", 0, 0, 695, 2, 2, "Electronic Bronze Pants", "Ergonomic executive chair upholstered in bonded black leather and PVC padded seat and back for all-day comfort and support", "78466 Glennie Grove", "xTiaJIvtzox2", "zfTqFoWl16THXVEGo5W2Tihs");
INSERT INTO ad (id_ad, ad_type_id, customer_id, added_date, is_deleted, is_sold, price, shape, visibility, title, description, address, link, reference) VALUES (15, 6, 35, "2024-08-05 16:41:11.293", 0, 0, 98, 3, 0, "Awesome Soft Cheese", "New ABC 13 9370, 13.3, 5th Gen CoreA5-8250U, 8GB RAM, 256GB SSD, power UHD Graphics, OS 10 Home, OS Office A & J 2016", "6595 Schoen Shores", "Mi9ceUiVwbjB", "zlk9Vq9gOBieFXC9Q6Elnzus");
INSERT INTO ad (id_ad, ad_type_id, customer_id, added_date, is_deleted, is_sold, price, shape, visibility, title, description, address, link, reference) VALUES (16, 4, 33, "2024-08-05 16:41:11.294", 0, 0, 211, 2, 1, "Elegant Fresh Bike", "The Nagasaki Lander is the trademarked name of several series of Nagasaki sport bikes, that started with the 1984 ABC800J", "711 Honeysuckle Close", "VI2e4a-cD03n", "fpPl0S5Bh7zU47SBlfNmo3_a");
INSERT INTO ad (id_ad, ad_type_id, customer_id, added_date, is_deleted, is_sold, price, shape, visibility, title, description, address, link, reference) VALUES (17, 13, 38, "2024-08-05 16:41:11.294", 0, 0, 815, 1, 1, "Bespoke Metal Shoes", "The Apollotech B340 is an affordable wireless mouse with reliable connectivity, 12 months battery life and modern design", "30584 Poplar Close", "FfNltLgKK9R3", "Fq_zoaLIKlZVEzZL6jXcOksd");
INSERT INTO ad (id_ad, ad_type_id, customer_id, added_date, is_deleted, is_sold, price, shape, visibility, title, description, address, link, reference) VALUES (18, 3, 34, "2024-08-05 16:41:11.295", 0, 0, 347, 2, 1, "Handmade Plastic Bike", "Andy shoes are designed to keeping in mind durability as well as trends, the most stylish range of shoes & sandals", "5049 N Main Avenue", "Ytf-oBW3J3jG", "HLNz4DZFiqglIlYfOMI-sFos");
INSERT INTO ad (id_ad, ad_type_id, customer_id, added_date, is_deleted, is_sold, price, shape, visibility, title, description, address, link, reference) VALUES (19, 4, 37, "2024-08-05 16:41:11.295", 0, 0, 40, 3, 0, "Zooble Animatez Figurine", "Enjoy putting this silly and goofy little figurine on your table!", "708 Katelynn Radial", "61EPNXT7PPjB", "ihmyW8mKNi-SuYYStGeZkQgq");
INSERT INTO ad (id_ad, ad_type_id, customer_id, added_date, is_deleted, is_sold, price, shape, visibility, title, description, address, link, reference) VALUES (20, 5, 17, "2024-08-05 16:41:11.295", 0, 0, 98, 3, 1, "Rustic Wooden Shirt", "The Nagasaki Lander is the trademarked name of several series of Nagasaki sport bikes, that started with the 1984 ABC800J", "2776 Abbott Ports", "EbQsqe5_uS5M", "flqdkXHYaezdhurN4slOfPXb");
INSERT INTO ad (id_ad, ad_type_id, customer_id, added_date, is_deleted, is_sold, price, shape, visibility, title, description, address, link, reference) VALUES (21, 3, 19, "2024-08-05 16:41:11.295", 0, 0, 7, 2, 0, "Oriental Cotton Fish", "The beautiful range of Apple Naturalé that has an exciting mix of natural ingredients. With the Goodness of 100% Natural Ingredients", "904 Lincoln Road", "NsAP_9jjr_sF", "Gf4NQWtWHj8Rh-wQPv-Xnap3");
INSERT INTO ad (id_ad, ad_type_id, customer_id, added_date, is_deleted, is_sold, price, shape, visibility, title, description, address, link, reference) VALUES (22, 12, 3, "2024-08-05 16:41:11.295", 0, 0, 767, 0, 1, "Tasty Concrete Ball", "The Football Is Good For Training And Recreational Purposes", "4606 Kaylin Lakes", "GYJcQlwBLCuT", "ZOWGo98GWjU3PBdZfkiklLLC");
INSERT INTO ad (id_ad, ad_type_id, customer_id, added_date, is_deleted, is_sold, price, shape, visibility, title, description, address, link, reference) VALUES (23, 3, 31, "2024-08-05 16:41:11.295", 0, 0, 313, 1, 1, "Awesome Bronze Cheese", "New range of formal shirts are designed keeping you in mind. With fits and styling that will make you stand apart", "4456 W 6th Street", "f_k8__7N3c1h", "VJ7mNhLfa7WdfV3vmLMeu2F9");
INSERT INTO ad (id_ad, ad_type_id, customer_id, added_date, is_deleted, is_sold, price, shape, visibility, title, description, address, link, reference) VALUES (24, 1, 36, "2024-08-05 16:41:11.295", 0, 0, 287, 3, 1, "Tasty Fresh Gloves", "Carbonite web goalkeeper gloves are ergonomically designed to give easy fit", "7726 Grace Cliffs", "k2NYwc5451EN", "0_vExwHAE085gkxIXYWD5Euz");
INSERT INTO ad (id_ad, ad_type_id, customer_id, added_date, is_deleted, is_sold, price, shape, visibility, title, description, address, link, reference) VALUES (25, 2, 22, "2024-08-05 16:41:11.296", 0, 0, 238, 1, 0, "Yootooz Mangle Plush", "This old plush has been discontinued, so we made it extra expensive due to its rarity. Mangle's gender is Yes, by the way!", "5009 Jamal Crest", "Mct5-wn54xTB", "3lWsvx0K0PykhNaWyLijyvTG");
INSERT INTO ad (id_ad, ad_type_id, customer_id, added_date, is_deleted, is_sold, price, shape, visibility, title, description, address, link, reference) VALUES (26, 8, 21, "2024-08-05 16:41:11.296", 0, 0, 315, 4, 1, "Incredible Metal Keyboard", "New ABC 13 9370, 13.3, 5th Gen CoreA5-8250U, 8GB RAM, 256GB SSD, power UHD Graphics, OS 10 Home, OS Office A & J 2016", "37588 Juwan Meadow", "jtQOIyQl2dd7", "62DKv6K0RtdxRc4Lsn7HcLLz");
INSERT INTO ad (id_ad, ad_type_id, customer_id, added_date, is_deleted, is_sold, price, shape, visibility, title, description, address, link, reference) VALUES (27, 14, 25, "2024-08-05 16:41:11.296", 0, 0, 769, 3, 1, "Unbranded Concrete Pants", "The slim & simple Maple Gaming Keyboard from Dev Byte comes with a sleek body and 7- Color RGB LED Back-lighting for smart functionality", "2478 Corwin Plaza", "pcDExQffrD0o", "xgnejQg991wTsCZEyq35cQ98");
INSERT INTO ad (id_ad, ad_type_id, customer_id, added_date, is_deleted, is_sold, price, shape, visibility, title, description, address, link, reference) VALUES (28, 13, 33, "2024-08-05 16:41:11.296", 0, 0, 787, 3, 1, "Modern Bronze Pants", "The Football Is Good For Training And Recreational Purposes", "4029 N Cedar Street", "ETvaOJrpWTh4", "XTbb47x94AN2LTj3usfBMrLe");
INSERT INTO ad (id_ad, ad_type_id, customer_id, added_date, is_deleted, is_sold, price, shape, visibility, title, description, address, link, reference) VALUES (29, 4, 32, "2024-08-05 16:41:11.296", 0, 0, 527, 4, 2, "Modern Cotton Fish", "Ergonomic executive chair upholstered in bonded black leather and PVC padded seat and back for all-day comfort and support", "1533 Adrienne View", "C_rChG_Y8wvw", "N1349y948rSRbBrLrqO246jx");
INSERT INTO ad (id_ad, ad_type_id, customer_id, added_date, is_deleted, is_sold, price, shape, visibility, title, description, address, link, reference) VALUES (30, 10, 12, "2024-08-05 16:41:11.296", 0, 0, 594, 0, 1, "Luxurious Metal Pants", "Carbonite web goalkeeper gloves are ergonomically designed to give easy fit", "17687 Stanley Plain", "hBFDfHu_YEB7", "jhFphsOI9aRcYLY12qREgK7A");
INSERT INTO ad (id_ad, ad_type_id, customer_id, added_date, is_deleted, is_sold, price, shape, visibility, title, description, address, link, reference) VALUES (31, 2, 28, "2024-08-05 16:41:11.296", 0, 0, 927, 1, 0, "Overpriced Station", "This console does not need to exist, but we made it anyway! Play Concord!", "59721 Audra Rapid", "MZ8m5YrNK_mM", "ZckGQoHZ8EJNl4FUd3r4a8wE");
INSERT INTO ad (id_ad, ad_type_id, customer_id, added_date, is_deleted, is_sold, price, shape, visibility, title, description, address, link, reference) VALUES (32, 8, 5, "2024-08-05 16:41:11.297", 0, 0, 58, 5, 2, "Elegant Frozen Cheese", "The automobile layout consists of a front-engine design, with transaxle-type transmissions mounted at the rear of the engine and four wheel drive", "73298 N 2nd Street", "hngST4cMPUd-", "4PnJGjQd3tNkK9Tx2pKIC8o0");
INSERT INTO ad (id_ad, ad_type_id, customer_id, added_date, is_deleted, is_sold, price, shape, visibility, title, description, address, link, reference) VALUES (33, 3, 21, "2024-08-05 16:41:11.297", 0, 0, 206, 1, 1, "Recycled Soft Shirt", "The Nagasaki Lander is the trademarked name of several series of Nagasaki sport bikes, that started with the 1984 ABC800J", "1774 Marcia Hill", "sMYv33yHuYlb", "8uVcOET7pKh2vxExbgIusN8H");
INSERT INTO ad (id_ad, ad_type_id, customer_id, added_date, is_deleted, is_sold, price, shape, visibility, title, description, address, link, reference) VALUES (34, 2, 12, "2024-08-05 16:41:11.297", 0, 0, 687, 1, 1, "Fantastic Wooden Sausages", "New range of formal shirts are designed keeping you in mind. With fits and styling that will make you stand apart", "42443 Mae Mission", "34ZanAfeqfXg", "6pUgoSpc9iwATL_w8M8Xyu9b");
INSERT INTO ad (id_ad, ad_type_id, customer_id, added_date, is_deleted, is_sold, price, shape, visibility, title, description, address, link, reference) VALUES (35, 7, 29, "2024-08-05 16:41:11.297", 0, 0, 103, 3, 1, "Handcrafted Metal Car", "The slim & simple Maple Gaming Keyboard from Dev Byte comes with a sleek body and 7- Color RGB LED Back-lighting for smart functionality", "39278 Keyon Cliffs", "KHZOnzxlAJVw", "66_aYv8tfq8qzzDTwbZI_vmf");
INSERT INTO ad (id_ad, ad_type_id, customer_id, added_date, is_deleted, is_sold, price, shape, visibility, title, description, address, link, reference) VALUES (36, 9, 36, "2024-08-05 16:41:11.297", 0, 0, 871, 3, 1, "Luxurious Wooden Salad", "The Apollotech B340 is an affordable wireless mouse with reliable connectivity, 12 months battery life and modern design", "640 Dannie Ville", "sqQizS5tnk8n", "EMDu1QjJCSvK3fCX61FdGwUo");
INSERT INTO ad (id_ad, ad_type_id, customer_id, added_date, is_deleted, is_sold, price, shape, visibility, title, description, address, link, reference) VALUES (37, 9, 40, "2024-08-05 16:41:11.298", 0, 0, 932, 1, 1, "Generic Metal Pizza", "The automobile layout consists of a front-engine design, with transaxle-type transmissions mounted at the rear of the engine and four wheel drive", "36660 Pacocha Mission", "RtADLckPXDqb", "4U-4Hho4LK5G4TqPJIqWUoXW");
INSERT INTO ad (id_ad, ad_type_id, customer_id, added_date, is_deleted, is_sold, price, shape, visibility, title, description, address, link, reference) VALUES (38, 14, 41, "2024-08-05 16:41:11.298", 0, 0, 985, 2, 1, "Luxurious Soft Bacon", "The beautiful range of Apple Naturalé that has an exciting mix of natural ingredients. With the Goodness of 100% Natural Ingredients", "541 Thad Lakes", "urWouloMmGcL", "DCAUIhn6v4vLLvDBXo0LKsyy");
INSERT INTO ad (id_ad, ad_type_id, customer_id, added_date, is_deleted, is_sold, price, shape, visibility, title, description, address, link, reference) VALUES (39, 7, 29, "2024-08-05 16:41:11.298", 0, 0, 749, 1, 1, "Practical Frozen Bike", "New range of formal shirts are designed keeping you in mind. With fits and styling that will make you stand apart", "4036 Hermiston Street", "7VMo7uCPQ4zC", "OC19m3abzB9EBMFeNJsn49D3");
INSERT INTO ad (id_ad, ad_type_id, customer_id, added_date, is_deleted, is_sold, price, shape, visibility, title, description, address, link, reference) VALUES (40, 7, 37, "2024-08-05 16:41:11.298", 0, 0, 142, 5, 0, "Walkman", "The beautiful range of Apple Naturalé that has an exciting mix of natural ingredients. With the Goodness of 100% Natural Ingredients", "841 S State Street", "poiP7CDB0trx", "Cwsy3zv07Ci7zVvK75eNAa7d");
INSERT INTO ad (id_ad, ad_type_id, customer_id, added_date, is_deleted, is_sold, price, shape, visibility, title, description, address, link, reference) VALUES (41, 11, 22, "2024-08-05 16:41:11.298", 0, 0, 1949, 5, 0, "iPhone", "They're so rich they broke grammar rules.", "96023 Murray Garden", "1Jy3PpcfOMvv", "h4ASYQ_B7VtP-dzz0WmSGIJT");
INSERT INTO ad (id_ad, ad_type_id, customer_id, added_date, is_deleted, is_sold, price, shape, visibility, title, description, address, link, reference) VALUES (42, 15, 39, "2024-08-05 16:41:11.298", 0, 0, 788, 4, 2, "Electronic Metal Bike", "The Football Is Good For Training And Recreational Purposes", "19646 Franklin Street", "srKs-QKSqL3F", "zXIdBs9AaRWXrWKtIgEqjtdj");
INSERT INTO ad (id_ad, ad_type_id, customer_id, added_date, is_deleted, is_sold, price, shape, visibility, title, description, address, link, reference) VALUES (43, 4, 25, "2024-08-05 16:41:11.298", 0, 0, 845, 4, 0, "Bespoke Fresh Ball", "The Football Is Good For Training And Recreational Purposes", "93938 Chestnut Street", "x9CgAUwsrP__", "J5j9QSI9wBNXSnvPHHruRVAo");
INSERT INTO ad (id_ad, ad_type_id, customer_id, added_date, is_deleted, is_sold, price, shape, visibility, title, description, address, link, reference) VALUES (44, 10, 38, "2024-08-05 16:41:11.298", 0, 0, 810, 3, 0, "Handcrafted Fresh Bike", "Get yer own custom made bike that looks silly!", "57233 The Beeches", "fheeKOiniYTo", "KU9h_KIRfj86pqD3SekuGfuS");
INSERT INTO ad (id_ad, ad_type_id, customer_id, added_date, is_deleted, is_sold, price, shape, visibility, title, description, address, link, reference) VALUES (45, 9, 28, "2024-08-05 16:41:11.298", 0, 0, 932, 0, 1, "Handcrafted Steel Soap", "The Nagasaki Lander is the trademarked name of several series of Nagasaki sport bikes, that started with the 1984 ABC800J", "13334 Hauck Extension", "F6Ttd0Ivw9B7", "-QiOvUma4EqZbtujARRFXJRW");
INSERT INTO ad (id_ad, ad_type_id, customer_id, added_date, is_deleted, is_sold, price, shape, visibility, title, description, address, link, reference) VALUES (46, 14, 34, "2024-08-05 16:41:11.298", 0, 0, 702, 3, 0, "Intelligent Fresh Chair", "The Apollotech B340 is an affordable wireless mouse with reliable connectivity, 12 months battery life and modern design", "22858 Karlie Mill", "UHqV8iByEuO3", "HMSU_Ralj2FjjwCbZeCmGpUO");
INSERT INTO ad (id_ad, ad_type_id, customer_id, added_date, is_deleted, is_sold, price, shape, visibility, title, description, address, link, reference) VALUES (47, 11, 2, "2024-08-05 16:41:11.299", 0, 0, 759, 0, 2, "Modern Frozen Chips", "The Apollotech B340 is an affordable wireless mouse with reliable connectivity, 12 months battery life and modern design", "9471 Burnice Motorway", "aCPEWQ4HkcKW", "HMYoN4kCxLZzy6Cu_UNtUGO1");
INSERT INTO ad (id_ad, ad_type_id, customer_id, added_date, is_deleted, is_sold, price, shape, visibility, title, description, address, link, reference) VALUES (48, 4, 24, "2024-08-05 16:41:11.299", 0, 0, 100, 4, 1, "Luxurious Cotton Hat", "Ergonomic executive chair upholstered in bonded black leather and PVC padded seat and back for all-day comfort and support", "7545 May Trace", "8va1SjRBBB4S", "V0E7T9zKyKiYXou_64_UynsI");
INSERT INTO ad (id_ad, ad_type_id, customer_id, added_date, is_deleted, is_sold, price, shape, visibility, title, description, address, link, reference) VALUES (49, 2, 30, "2024-08-05 16:41:11.299", 0, 0, 214, 2, 2, "Handmade Plastic Mouse", "Boston's most advanced compression wear technology increases muscle oxygenation, stabilizes active muscles", "5045 Abshire Tunnel", "n3UU3joG16lz", "LHBgrd65dG8ytduiRXVfHsl_");
INSERT INTO ad (id_ad, ad_type_id, customer_id, added_date, is_deleted, is_sold, price, shape, visibility, title, description, address, link, reference) VALUES (50, 12, 16, "2024-08-05 16:41:11.299", 0, 0, 591, 5, 1, "Gorgeous Rubber Cheese", "Ergonomic executive chair upholstered in bonded black leather and PVC padded seat and back for all-day comfort and support", "9155 Angelica Circle", "GRCwMy-iaxEO", "Y13zMwBi6QkMXtHWWrEAbtjA");
INSERT INTO ad (id_ad, ad_type_id, customer_id, added_date, is_deleted, is_sold, price, shape, visibility, title, description, address, link, reference) VALUES (51, 3, 11, "2024-08-05 16:41:11.299", 0, 0, 69, 2, 0, "Bluey kitchen playset", "Cook some yummy food with Nana!", "2007 Depot Street", "QKrqSt7mRxpm", "FBzH23BxURYsuLo7o2MnXINX");
INSERT INTO ad (id_ad, ad_type_id, customer_id, added_date, is_deleted, is_sold, price, shape, visibility, title, description, address, link, reference) VALUES (52, 1, 9, "2024-08-05 16:41:11.299", 0, 0, 153, 3, 1, "Small Metal Salad", "The slim & simple Maple Gaming Keyboard from Dev Byte comes with a sleek body and 7- Color RGB LED Back-lighting for smart functionality", "3537 Bashirian Trace", "Kqt_jcppJa-k", "97iOj1H9Dfm538V8cb2ujX7g");
INSERT INTO ad (id_ad, ad_type_id, customer_id, added_date, is_deleted, is_sold, price, shape, visibility, title, description, address, link, reference) VALUES (53, 11, 6, "2024-08-05 16:41:11.299", 0, 0, 483, 1, 1, "Rustic Bronze Towels", "The automobile layout consists of a front-engine design, with transaxle-type transmissions mounted at the rear of the engine and four wheel drive", "31403 Maple Road", "sGRIGspK33n0", "ZHbjTZS6WtrjBEqNW-e8AkI2");
INSERT INTO ad (id_ad, ad_type_id, customer_id, added_date, is_deleted, is_sold, price, shape, visibility, title, description, address, link, reference) VALUES (54, 15, 13, "2024-08-05 16:41:11.299", 0, 0, 951, 1, 1, "Modern Frozen Tuna", "Carbonite web goalkeeper gloves are ergonomically designed to give easy fit", "69005 Hall Street", "Jt7JI7IvdJAR", "BBP3YK-OO5Ig6NtDIHsGzVWl");
INSERT INTO ad (id_ad, ad_type_id, customer_id, added_date, is_deleted, is_sold, price, shape, visibility, title, description, address, link, reference) VALUES (55, 1, 39, "2024-08-05 16:41:11.299", 0, 0, 12, 2, 0, "Tasty Plastic Car", "Car car car car car car car car car car car car car car car car car car car car car car car car car car car car car car car car car car car car car car car car car", "3297 Brody Mews", "Yzpl7F8pKb0s", "1ABU3T3eZMly_gUBsfy15tOX");
INSERT INTO ad (id_ad, ad_type_id, customer_id, added_date, is_deleted, is_sold, price, shape, visibility, title, description, address, link, reference) VALUES (56, 3, 28, "2024-08-05 16:41:11.299", 0, 0, 60, 1, 2, "Intelligent Wooden Computer", "The Football Is Good For Training And Recreational Purposes", "78550 Manor Close", "qRpzjIY5NbfY", "3Zo_SAB9nDC4YP8Y6rA5F-Ib");
INSERT INTO ad (id_ad, ad_type_id, customer_id, added_date, is_deleted, is_sold, price, shape, visibility, title, description, address, link, reference) VALUES (57, 12, 7, "2024-08-05 16:41:11.300", 0, 0, 36, 3, 0, "Bowling tickets", "Get THREE whole bowling tickets for the price of 2! Limited time offer.", "53818 Nightingale Close", "kTYVfxFDEldP", "mo4s7Er8APK25WhK9vUrlWAq");
INSERT INTO ad (id_ad, ad_type_id, customer_id, added_date, is_deleted, is_sold, price, shape, visibility, title, description, address, link, reference) VALUES (58, 9, 36, "2024-08-05 16:41:11.300", 0, 0, 296, 4, 2, "Modern Plastic Keyboard", "New ABC 13 9370, 13.3, 5th Gen CoreA5-8250U, 8GB RAM, 256GB SSD, power UHD Graphics, OS 10 Home, OS Office A & J 2016", "77292 Mayer Point", "2xUqCxTsdJeQ", "5BJYDpLYPmQAityp0rJSjiLU");
INSERT INTO ad (id_ad, ad_type_id, customer_id, added_date, is_deleted, is_sold, price, shape, visibility, title, description, address, link, reference) VALUES (59, 3, 34, "2024-08-05 16:41:11.300", 0, 0, 736, 1, 2, "Practical Granite Gloves", "The beautiful range of Apple Naturalé that has an exciting mix of natural ingredients. With the Goodness of 100% Natural Ingredients", "30861 Cromwell Road", "_hkiCVuSKS28", "Cb9K1BJ4wGzGYlytHdLsffxT");
INSERT INTO ad (id_ad, ad_type_id, customer_id, added_date, is_deleted, is_sold, price, shape, visibility, title, description, address, link, reference) VALUES (60, 2, 2, "2024-08-05 16:41:11.300", 0, 0, 706, 4, 1, "Bespoke Metal Fish", "The slim & simple Maple Gaming Keyboard from Dev Byte comes with a sleek body and 7- Color RGB LED Back-lighting for smart functionality", "336 Lou Lock", "Lmu5qqMz2Jjx", "gmJEb3fYj3pOqkFYwgGkwEY7");
INSERT INTO ad (id_ad, ad_type_id, customer_id, added_date, is_deleted, is_sold, price, shape, visibility, title, description, address, link, reference) VALUES (61, 14, 25, "2024-08-05 16:41:11.300", 0, 0, 858, 5, 1, "Generic Rubber Bacon", "The Apollotech B340 is an affordable wireless mouse with reliable connectivity, 12 months battery life and modern design", "6170 Clark Street", "gJLiMPacM4uY", "rgt95xnXuKhohyrsarFHG4CQ");
INSERT INTO ad (id_ad, ad_type_id, customer_id, added_date, is_deleted, is_sold, price, shape, visibility, title, description, address, link, reference) VALUES (62, 1, 13, "2024-08-05 16:41:11.300", 0, 0, 479, 1, 1, "Luxurious Fresh Soap", "The slim & simple Maple Gaming Keyboard from Dev Byte comes with a sleek body and 7- Color RGB LED Back-lighting for smart functionality", "8223 Devonshire Road", "lrow4B-Q-BbZ", "rSCP7okrt66CitoTbdSBsmNQ");
INSERT INTO ad (id_ad, ad_type_id, customer_id, added_date, is_deleted, is_sold, price, shape, visibility, title, description, address, link, reference) VALUES (63, 1, 21, "2024-08-05 16:41:11.300", 0, 0, 180, 5, 1, "Recycled Concrete Table", "The Football Is Good For Training And Recreational Purposes", "96025 Willow Grove", "UopCRw_uTezL", "ymptA0lL1h9-opOXrXo1gixC");
INSERT INTO ad (id_ad, ad_type_id, customer_id, added_date, is_deleted, is_sold, price, shape, visibility, title, description, address, link, reference) VALUES (64, 7, 7, "2024-08-05 16:41:11.300", 0, 0, 60, 2, 0, "10k Vbucks", "We love vbucks", "33159 Bins Spring", "GlRHcH7VZVLB", "woADJxwteGHfm4gSzAii3Ava");
INSERT INTO ad (id_ad, ad_type_id, customer_id, added_date, is_deleted, is_sold, price, shape, visibility, title, description, address, link, reference) VALUES (65, 15, 18, "2024-08-05 16:41:11.300", 0, 0, 779, 2, 1, "Licensed Soft Chicken", "Andy shoes are designed to keeping in mind durability as well as trends, the most stylish range of shoes & sandals", "6498 E 12th Street", "iJEOVBHVQpow", "Qa2nBHllrs4uILuHCZVoT2Pf");
INSERT INTO ad (id_ad, ad_type_id, customer_id, added_date, is_deleted, is_sold, price, shape, visibility, title, description, address, link, reference) VALUES (66, 15, 30, "2024-08-05 16:41:11.300", 0, 0, 99, 1, 0, "Nintendo Alarmo", "Ruin Nintendo properties by waking up to them!", "21527 Quarry Road", "-aapem6mcyZw", "VQhklZBUcgFgjP6kShxabsEk");
INSERT INTO ad (id_ad, ad_type_id, customer_id, added_date, is_deleted, is_sold, price, shape, visibility, title, description, address, link, reference) VALUES (67, 12, 39, "2024-08-05 16:41:11.301", 0, 0, 22, 1, 0, "Bunny Maloney Season 1 (Full) (English dub)", "This long lost comedy cartoon has FINALLY been recovered! Purchase this DVD collection and witness an enitre season of unhinged madness that should not have aired on children's TV!", "764 Hirthe Lakes", "8s-y7bfSvIsT", "8Ms4gEWfog8Qy2RG0LA75dtv");
INSERT INTO ad (id_ad, ad_type_id, customer_id, added_date, is_deleted, is_sold, price, shape, visibility, title, description, address, link, reference) VALUES (68, 9, 10, "2024-08-05 16:41:11.300", 0, 0, 433, 2, 1, "Intelligent Granite Cheese", "The slim & simple Maple Gaming Keyboard from Dev Byte comes with a sleek body and 7- Color RGB LED Back-lighting for smart functionality", "935 W Broadway", "zy2se5kE1b8R", "HNGskBwuIqgMgO6ayk5wCvWi");
INSERT INTO ad (id_ad, ad_type_id, customer_id, added_date, is_deleted, is_sold, price, shape, visibility, title, description, address, link, reference) VALUES (69, 10, 5, "2024-08-05 16:41:11.301", 0, 0, 962, 4, 1, "Refined Bronze Sausages", "Boston's most advanced compression wear technology increases muscle oxygenation, stabilizes active muscles", "1865 Jenkins Brooks", "6-TiMK0HIvdV", "7K63ortg7M_yE71B2LKPWleA");
INSERT INTO ad (id_ad, ad_type_id, customer_id, added_date, is_deleted, is_sold, price, shape, visibility, title, description, address, link, reference) VALUES (70, 10, 10, "2024-08-05 16:41:11.301", 0, 0, 342, 2, 1, "Handcrafted Frozen Shirt", "Boston's most advanced compression wear technology increases muscle oxygenation, stabilizes active muscles", "2105 Elm Road", "SYJpT73ef8_3", "0CRgDmGefUGj6FTQgV_6U6Jc");
INSERT INTO ad (id_ad, ad_type_id, customer_id, added_date, is_deleted, is_sold, price, shape, visibility, title, description, address, link, reference) VALUES (71, 10, 17, "2024-08-05 16:42:11.300", 0, 0, 47, 2, 0, "Red Hat", "The slim & simple Maple Gaming Keyboard from Dev Byte comes with a sleek body and 7- Color RGB LED Back-lighting for smart functionality", "385 Glover Cove", "HoyBvkaugMwF", "ITBemYpJ7zijWEbfWuHc3DC3");
INSERT INTO ad (id_ad, ad_type_id, customer_id, added_date, is_deleted, is_sold, price, shape, visibility, title, description, address, link, reference) VALUES (72, 3, 2, "2024-08-05 16:41:11.301", 0, 0, 518, 5, 2, "Handmade Metal Bacon", "The beautiful range of Apple Naturalé that has an exciting mix of natural ingredients. With the Goodness of 100% Natural Ingredients", "770 Abbott Mills", "FsvzVE8EFOt7", "c2bQ4GnijYpYFu4mcHpG0Ijo");
INSERT INTO ad (id_ad, ad_type_id, customer_id, added_date, is_deleted, is_sold, price, shape, visibility, title, description, address, link, reference) VALUES (73, 9, 8, "2024-08-05 16:41:11.301", 0, 0, 752, 3, 1, "Licensed Frozen Ball", "The Apollotech B340 is an affordable wireless mouse with reliable connectivity, 12 months battery life and modern design", "7167 The Mount", "nEQTj9ZYRG9_", "-m5RBetli8dKDQdg7S9Gk9Ur");
INSERT INTO ad (id_ad, ad_type_id, customer_id, added_date, is_deleted, is_sold, price, shape, visibility, title, description, address, link, reference) VALUES (74, 6, 28, "2024-08-05 16:41:11.301", 0, 0, 626, 2, 1, "Handmade Metal Ball", "Boston's most advanced compression wear technology increases muscle oxygenation, stabilizes active muscles", "14319 Juwan Parkway", "QHi8E5LamZqF", "-L3bLj3Yaa0oUnsXMOAumPnK");
INSERT INTO ad (id_ad, ad_type_id, customer_id, added_date, is_deleted, is_sold, price, shape, visibility, title, description, address, link, reference) VALUES (75, 2, 34, "2024-08-05 16:41:11.301", 0, 0, 332, 4, 1, "Refined Soft Ball", "The Apollotech B340 is an affordable wireless mouse with reliable connectivity, 12 months battery life and modern design", "614 Kaylee Overpass", "Ag81CskauPj8", "JnSCWW1R-1iJlV32Ml8FCZr0");
INSERT INTO ad (id_ad, ad_type_id, customer_id, added_date, is_deleted, is_sold, price, shape, visibility, title, description, address, link, reference) VALUES (76, 3, 16, "2024-08-05 16:41:11.301", 0, 0, 649, 4, 2, "Generic Rubber Chicken", "The automobile layout consists of a front-engine design, with transaxle-type transmissions mounted at the rear of the engine and four wheel drive", "67010 Bruen Stream", "Ii27XpTTdEUX", "Lc6inQAPMrHduqp7WSb3Sa-a");
INSERT INTO ad (id_ad, ad_type_id, customer_id, added_date, is_deleted, is_sold, price, shape, visibility, title, description, address, link, reference) VALUES (77, 4, 27, "2024-08-05 16:41:11.301", 0, 0, 598, 5, 1, "Elegant Plastic Mouse", "Carbonite web goalkeeper gloves are ergonomically designed to give easy fit", "5795 Bergstrom Plains", "pFfsDGt7SjeA", "FUUt3mZKkcrILZaQQyo0lpNJ");
INSERT INTO ad (id_ad, ad_type_id, customer_id, added_date, is_deleted, is_sold, price, shape, visibility, title, description, address, link, reference) VALUES (78, 14, 6, "2024-08-05 16:41:11.301", 0, 0, 290, 3, 1, "Rustic Wooden Shirt", "Ergonomic executive chair upholstered in bonded black leather and PVC padded seat and back for all-day comfort and support", "32684 W 5th Street", "OCTTkjs2ikwL", "8DfrqDn3Ym7T4i1behWmwXOq");
INSERT INTO ad (id_ad, ad_type_id, customer_id, added_date, is_deleted, is_sold, price, shape, visibility, title, description, address, link, reference) VALUES (79, 12, 34, "2024-08-05 16:41:11.300", 0, 0, 162, 3, 0, "Keytar!!", "Andy shoes are designed to keeping in mind durability as well as trends, the most stylish range of shoes & sandals", "252 Bins Island", "in9X4eJvPa7o", "m8EgkMjmejFM7aSnbah8rEoX");
INSERT INTO ad (id_ad, ad_type_id, customer_id, added_date, is_deleted, is_sold, price, shape, visibility, title, description, address, link, reference) VALUES (80, 4, 22, "2024-08-05 16:41:11.302", 0, 0, 860, 3, 1, "Small Fresh Bacon", "The automobile layout consists of a front-engine design, with transaxle-type transmissions mounted at the rear of the engine and four wheel drive", "855 Reinger Valley", "BfYHYoMLDmGs", "fIZRVofd5y-jy7qld_ciHk-L");
INSERT INTO ad (id_ad, ad_type_id, customer_id, added_date, is_deleted, is_sold, price, shape, visibility, title, description, address, link, reference) VALUES (81, 2, 13, "2024-08-05 16:41:11.302", 0, 0, 285, 0, 0, "Wii U", "Nobody bought this, but man I love it so much.", "740 Smitham Parkway", "7VZXN-Ym-YWa", "dnlte8DCH51xixd0JCEn5p0E");
INSERT INTO ad (id_ad, ad_type_id, customer_id, added_date, is_deleted, is_sold, price, shape, visibility, title, description, address, link, reference) VALUES (82, 8, 3, "2024-08-05 16:41:11.302", 0, 0, 306, 3, 1, "Luxurious Bronze Chips", "The slim & simple Maple Gaming Keyboard from Dev Byte comes with a sleek body and 7- Color RGB LED Back-lighting for smart functionality", "148 Lesch Fords", "CMqNKFGk090k", "XfuA0fhb50ffh51ctF1V2ZAt");
INSERT INTO ad (id_ad, ad_type_id, customer_id, added_date, is_deleted, is_sold, price, shape, visibility, title, description, address, link, reference) VALUES (83, 7, 22, "2024-08-05 16:41:11.302", 0, 0, 694, 3, 2, "Generic Wooden Ball", "Andy shoes are designed to keeping in mind durability as well as trends, the most stylish range of shoes & sandals", "929 Kendra Greens", "AIkSrfCsZHhf", "z29n_P1Vs9ZSu43Sl5a6Pzjo");
INSERT INTO ad (id_ad, ad_type_id, customer_id, added_date, is_deleted, is_sold, price, shape, visibility, title, description, address, link, reference) VALUES (84, 10, 40, "2024-08-05 16:41:11.302", 0, 0, 213, 1, 0, "Pokémon Cards", "The slim & simple Maple Gaming Keyboard from Dev Byte comes with a sleek body and 7- Color RGB LED Back-lighting for smart functionality", "9994 Bryana Manors", "6jAidRif2F6e", "RAicMEWbvgSLMIduqqTJAiHP");
INSERT INTO ad (id_ad, ad_type_id, customer_id, added_date, is_deleted, is_sold, price, shape, visibility, title, description, address, link, reference) VALUES (85, 4, 37, "2024-08-05 16:41:11.302", 0, 0, 663, 2, 1, "Sleek Steel Keyboard", "The automobile layout consists of a front-engine design, with transaxle-type transmissions mounted at the rear of the engine and four wheel drive", "938 Billie Forges", "u1HproAt92y1", "Heyr4ybEV8X0IqUHdQ9l74Ib");
INSERT INTO ad (id_ad, ad_type_id, customer_id, added_date, is_deleted, is_sold, price, shape, visibility, title, description, address, link, reference) VALUES (86, 4, 15, "2024-08-05 16:41:11.302", 0, 0, 137, 0, 2, "Small Steel Shirt", "The Nagasaki Lander is the trademarked name of several series of Nagasaki sport bikes, that started with the 1984 ABC800J", "105 Velda Lakes", "K2lF7oyvP_f6", "mQh5OmQJZVaA93h4NI9cYO-T");
INSERT INTO ad (id_ad, ad_type_id, customer_id, added_date, is_deleted, is_sold, price, shape, visibility, title, description, address, link, reference) VALUES (87, 1, 4, "2024-08-05 16:41:11.302", 0, 0, 491, 2, 1, "Tasty Plastic Keyboard", "The beautiful range of Apple Naturalé that has an exciting mix of natural ingredients. With the Goodness of 100% Natural Ingredients", "49972 Reinger River", "L-DATJAoUGG1", "mdkLET7lBCnqpryHlig-neuc");
INSERT INTO ad (id_ad, ad_type_id, customer_id, added_date, is_deleted, is_sold, price, shape, visibility, title, description, address, link, reference) VALUES (88, 7, 23, "2024-08-05 16:41:11.302", 0, 0, 616, 1, 1, "Incredible Rubber Soap", "Ergonomic executive chair upholstered in bonded black leather and PVC padded seat and back for all-day comfort and support", "12846 Wilton Crest", "La9yGya8_ARa", "yqKhG_1srhobLff5VStcWN_Z");
INSERT INTO ad (id_ad, ad_type_id, customer_id, added_date, is_deleted, is_sold, price, shape, visibility, title, description, address, link, reference) VALUES (89, 3, 4, "2024-08-05 16:41:11.302", 0, 0, 866, 1, 1, "Recycled Granite Soap", "New ABC 13 9370, 13.3, 5th Gen CoreA5-8250U, 8GB RAM, 256GB SSD, power UHD Graphics, OS 10 Home, OS Office A & J 2016", "518 Metz Cliffs", "GT8F_HXQHnMk", "HW5o-Onz1LF4rMZUod5Jm4Gn");
INSERT INTO ad (id_ad, ad_type_id, customer_id, added_date, is_deleted, is_sold, price, shape, visibility, title, description, address, link, reference) VALUES (90, 12, 19, "2024-08-05 16:41:11.302", 0, 0, 517, 1, 1, "Bespoke Soft Car", "The Nagasaki Lander is the trademarked name of several series of Nagasaki sport bikes, that started with the 1984 ABC800J", "4382 Third Avenue", "aHZEb5xT6N3u", "AfllU8zmjs4cHM49oce4fLPi");
INSERT INTO ad (id_ad, ad_type_id, customer_id, added_date, is_deleted, is_sold, price, shape, visibility, title, description, address, link, reference) VALUES (91, 7, 8, "2024-08-05 16:41:11.303", 0, 0, 762, 3, 1, "Awesome Concrete Salad", "The Football Is Good For Training And Recreational Purposes", "290 Kaela Lodge", "mmgn_yXaSBld", "gNMD1_ZsPOSfXFOvQUVnjrYd");
INSERT INTO ad (id_ad, ad_type_id, customer_id, added_date, is_deleted, is_sold, price, shape, visibility, title, description, address, link, reference) VALUES (92, 10, 26, "2024-08-05 16:41:11.303", 0, 0, 340, 4, 0, "Luxurious Bronze Cheese", "New ABC 13 9370, 13.3, 5th Gen CoreA5-8250U, 8GB RAM, 256GB SSD, power UHD Graphics, OS 10 Home, OS Office A & J 2016", "227 O'Conner Ramp", "aJRmBVbAngui", "wY9dxUDwhjT8IcGwIomcXdIm");
INSERT INTO ad (id_ad, ad_type_id, customer_id, added_date, is_deleted, is_sold, price, shape, visibility, title, description, address, link, reference) VALUES (93, 15, 2, "2024-08-05 16:41:11.303", 0, 0, 185, 3, 0, "Drone", "a drone!", "2651 N Locust Street", "uH9ykRlOlzTa", "BsJMSsAAGUu82Ig7-7J4qte4");
INSERT INTO ad (id_ad, ad_type_id, customer_id, added_date, is_deleted, is_sold, price, shape, visibility, title, description, address, link, reference) VALUES (94, 15, 35, "2024-08-05 16:41:11.303", 0, 0, 895, 0, 1, "Licensed Soft Gloves", "Carbonite web goalkeeper gloves are ergonomically designed to give easy fit", "63348 Maudie Road", "l_UOkNdXWcFs", "TjevxsiQEXqohqwVc-GqCU0Y");
INSERT INTO ad (id_ad, ad_type_id, customer_id, added_date, is_deleted, is_sold, price, shape, visibility, title, description, address, link, reference) VALUES (95, 6, 18, "2024-08-05 16:41:11.303", 0, 0, 965, 5, 1, "Ergonomic Wooden Pants", "The beautiful range of Apple Naturalé that has an exciting mix of natural ingredients. With the Goodness of 100% Natural Ingredients", "7595 Annie Underpass", "K3lzt3oJs9uC", "rMD5H_QuUAkJhQEqT35hGRIZ");
INSERT INTO ad (id_ad, ad_type_id, customer_id, added_date, is_deleted, is_sold, price, shape, visibility, title, description, address, link, reference) VALUES (96, 13, 13, "2024-08-05 16:41:11.303", 0, 0, 750, 0, 2, "Gorgeous Steel Pants", "New ABC 13 9370, 13.3, 5th Gen CoreA5-8250U, 8GB RAM, 256GB SSD, power UHD Graphics, OS 10 Home, OS Office A & J 2016", "46313 Leannon Coves", "UlfmshQMvhUA", "fmIGOZFWcYyx8ksGEfVnzGbM");
INSERT INTO ad (id_ad, ad_type_id, customer_id, added_date, is_deleted, is_sold, price, shape, visibility, title, description, address, link, reference) VALUES (97, 2, 13, "2024-08-05 16:41:11.303", 0, 0, 883, 2, 2, "Refined Plastic Pizza", "Andy shoes are designed to keeping in mind durability as well as trends, the most stylish range of shoes & sandals", "159 S Lincoln Street", "_5nQHxt4NUGE", "CLWz4SNAjxpMRahyD3i7pwYa");
INSERT INTO ad (id_ad, ad_type_id, customer_id, added_date, is_deleted, is_sold, price, shape, visibility, title, description, address, link, reference) VALUES (98, 13, 32, "2024-08-05 16:41:11.303", 0, 0, 810, 1, 1, "Gorgeous Granite Bacon", "Ergonomic executive chair upholstered in bonded black leather and PVC padded seat and back for all-day comfort and support", "49674 Jayden Rapid", "V-2F4-D84vnl", "rhH3wLacPn1bNOcusJIhQS9Y");
INSERT INTO ad (id_ad, ad_type_id, customer_id, added_date, is_deleted, is_sold, price, shape, visibility, title, description, address, link, reference) VALUES (99, 7, 14, "2024-08-05 16:41:11.304", 0, 0, 731, 0, 1, "Elegant Cotton Shoes", "Carbonite web goalkeeper gloves are ergonomically designed to give easy fit", "57984 E 14th Street", "2ZzOyi_4S5ot", "saptET-duA5B84alEB5fXaFj");
INSERT INTO ad (id_ad, ad_type_id, customer_id, added_date, is_deleted, is_sold, price, shape, visibility, title, description, address, link, reference) VALUES (100, 14, 14, "2024-08-05 16:41:11.304", 0, 0, 330, 1, 2, "Recycled Metal Computer", "The beautiful range of Apple Naturalé that has an exciting mix of natural ingredients. With the Goodness of 100% Natural Ingredients", "376 Reginald Parkway", "0t9lFP5XZ7Jp", "k_yezPkZeqH3h8FFZjagUtBM");
INSERT INTO ad (id_ad, ad_type_id, customer_id, added_date, is_deleted, is_sold, price, shape, visibility, title, description, address, link, reference) VALUES (101, 9, 43, "2024-10-11 22:26:20.533", 0, 0, 123231, 2, 0, "fdsafasd", "adsfadsfasdf", "asdfasdf", "bo1vw2O57UgB", "lJlB3MsKIJiwzAD_IQZ6TyJU");
INSERT INTO ad (id_ad, ad_type_id, customer_id, added_date, is_deleted, is_sold, price, shape, visibility, title, description, address, link, reference) VALUES (102, 10, 44, "2023-10-12 00:31:25.446", 0, 0, 64, 2, 0, "La cafetière de Philipe", "La cafetière de Philipe en bon état.", "7000 Rue Marie-Victorin, Montréal, CA", "MXWn57IslyqG", "1tP6fUq3cCmhxuVlZvf1hCZH");

INSERT INTO ad_image (ad_id, id_ad_image, path, spot) VALUES (1, 1, 'opensell.png', 0);
INSERT INTO ad_image (ad_id, id_ad_image, path, spot) VALUES (2, 2, 'opensell.png', 0);
INSERT INTO ad_image (ad_id, id_ad_image, path, spot) VALUES (3, 3, 'playdate1.jpg', 0);
INSERT INTO ad_image (ad_id, id_ad_image, path, spot) VALUES (3, 4, 'playdate0.jpg', 1);
INSERT INTO ad_image (ad_id, id_ad_image, path, spot) VALUES (3, 5, 'playdate2.jpg', 2);
INSERT INTO ad_image (ad_id, id_ad_image, path, spot) VALUES (3, 6, 'playdate3.gif', 3);
INSERT INTO ad_image (ad_id, id_ad_image, path, spot) VALUES (4, 7, 'bronzeChicken1.jpg', 0);
INSERT INTO ad_image (ad_id, id_ad_image, path, spot) VALUES (4, 8, 'bronzeChicken2.jpg', 1);
INSERT INTO ad_image (ad_id, id_ad_image, path, spot) VALUES (4, 9, 'bronzeChicken3.jpg', 2);
INSERT INTO ad_image (ad_id, id_ad_image, path, spot) VALUES (5, 10, 'opensell.png', 0);
INSERT INTO ad_image (ad_id, id_ad_image, path, spot) VALUES (6, 11, 'opensell.png', 0);
INSERT INTO ad_image (ad_id, id_ad_image, path, spot) VALUES (7, 12, 'opensell.png', 0);
INSERT INTO ad_image (ad_id, id_ad_image, path, spot) VALUES (8, 13, 'opensell.png', 0);
INSERT INTO ad_image (ad_id, id_ad_image, path, spot) VALUES (9, 14, 'opensell.png', 0);
INSERT INTO ad_image (ad_id, id_ad_image, path, spot) VALUES (10, 15, 'opensell.png', 0);
INSERT INTO ad_image (ad_id, id_ad_image, path, spot) VALUES (11, 16, 'opensell.png', 0);
INSERT INTO ad_image (ad_id, id_ad_image, path, spot) VALUES (12, 17, 'opensell.png', 0);
INSERT INTO ad_image (ad_id, id_ad_image, path, spot) VALUES (13, 18, 'carSnow1.jpg', 0);
INSERT INTO ad_image (ad_id, id_ad_image, path, spot) VALUES (13, 19, 'carSnow2.jpg', 1);
INSERT INTO ad_image (ad_id, id_ad_image, path, spot) VALUES (14, 20, 'opensell.png', 0);
INSERT INTO ad_image (ad_id, id_ad_image, path, spot) VALUES (15, 21, 'cheese1.jpg', 0);
INSERT INTO ad_image (ad_id, id_ad_image, path, spot) VALUES (15, 22, 'cheese2.jpg', 1);
INSERT INTO ad_image (ad_id, id_ad_image, path, spot) VALUES (16, 23, 'opensell.png', 0);
INSERT INTO ad_image (ad_id, id_ad_image, path, spot) VALUES (17, 24, 'opensell.png', 0);
INSERT INTO ad_image (ad_id, id_ad_image, path, spot) VALUES (18, 25, 'opensell.png', 0);
INSERT INTO ad_image (ad_id, id_ad_image, path, spot) VALUES (19, 26, 'zoobleFig0.webp', 0);
INSERT INTO ad_image (ad_id, id_ad_image, path, spot) VALUES (19, 27, 'zoobleFig1.webp', 1);
INSERT INTO ad_image (ad_id, id_ad_image, path, spot) VALUES (19, 28, 'zoobleFig2.webp', 2);
INSERT INTO ad_image (ad_id, id_ad_image, path, spot) VALUES (20, 29, 'opensell.png', 0);
INSERT INTO ad_image (ad_id, id_ad_image, path, spot) VALUES (21, 30, 'fish1.jpg', 0);
INSERT INTO ad_image (ad_id, id_ad_image, path, spot) VALUES (21, 31, 'fish2.gif', 1);
INSERT INTO ad_image (ad_id, id_ad_image, path, spot) VALUES (22, 32, 'opensell.png', 0);
INSERT INTO ad_image (ad_id, id_ad_image, path, spot) VALUES (23, 33, 'opensell.png', 0);
INSERT INTO ad_image (ad_id, id_ad_image, path, spot) VALUES (24, 34, 'opensell.png', 0);
INSERT INTO ad_image (ad_id, id_ad_image, path, spot) VALUES (25, 35, 'mangle1.png', 0);
INSERT INTO ad_image (ad_id, id_ad_image, path, spot) VALUES (25, 36, 'mangle2.jpg', 1);
INSERT INTO ad_image (ad_id, id_ad_image, path, spot) VALUES (25, 37, 'mangle3.png', 2);
INSERT INTO ad_image (ad_id, id_ad_image, path, spot) VALUES (26, 38, 'opensell.png', 0);
INSERT INTO ad_image (ad_id, id_ad_image, path, spot) VALUES (27, 39, 'opensell.png', 0);
INSERT INTO ad_image (ad_id, id_ad_image, path, spot) VALUES (28, 40, 'opensell.png', 0);
INSERT INTO ad_image (ad_id, id_ad_image, path, spot) VALUES (29, 41, 'opensell.png', 0);
INSERT INTO ad_image (ad_id, id_ad_image, path, spot) VALUES (30, 42, 'opensell.png', 0);
INSERT INTO ad_image (ad_id, id_ad_image, path, spot) VALUES (31, 43, 'playstation1.jpg', 0);
INSERT INTO ad_image (ad_id, id_ad_image, path, spot) VALUES (32, 44, 'opensell.png', 0);
INSERT INTO ad_image (ad_id, id_ad_image, path, spot) VALUES (33, 45, 'opensell.png', 0);
INSERT INTO ad_image (ad_id, id_ad_image, path, spot) VALUES (34, 46, 'opensell.png', 0);
INSERT INTO ad_image (ad_id, id_ad_image, path, spot) VALUES (35, 47, 'opensell.png', 0);
INSERT INTO ad_image (ad_id, id_ad_image, path, spot) VALUES (36, 48, 'opensell.png', 0);
INSERT INTO ad_image (ad_id, id_ad_image, path, spot) VALUES (37, 49, 'opensell.png', 0);
INSERT INTO ad_image (ad_id, id_ad_image, path, spot) VALUES (38, 50, 'opensell.png', 0);
INSERT INTO ad_image (ad_id, id_ad_image, path, spot) VALUES (39, 51, 'opensell.png', 0);
INSERT INTO ad_image (ad_id, id_ad_image, path, spot) VALUES (40, 52, 'walkman3.jpg', 0);
INSERT INTO ad_image (ad_id, id_ad_image, path, spot) VALUES (40, 53, 'walkman2.jpg', 1);
INSERT INTO ad_image (ad_id, id_ad_image, path, spot) VALUES (40, 54, 'walkman1.jpg', 2);
INSERT INTO ad_image (ad_id, id_ad_image, path, spot) VALUES (41, 55, 'iphone2.jpg', 0);
INSERT INTO ad_image (ad_id, id_ad_image, path, spot) VALUES (41, 56, 'iphone1.jpg', 1);
INSERT INTO ad_image (ad_id, id_ad_image, path, spot) VALUES (41, 57, 'iphone3.jpg', 2);
INSERT INTO ad_image (ad_id, id_ad_image, path, spot) VALUES (42, 58, 'opensell.png', 0);
INSERT INTO ad_image (ad_id, id_ad_image, path, spot) VALUES (43, 59, 'ball1.jpg', 0);
INSERT INTO ad_image (ad_id, id_ad_image, path, spot) VALUES (43, 60, 'ball2.jpg', 1);
INSERT INTO ad_image (ad_id, id_ad_image, path, spot) VALUES (44, 61, 'bike3.jpg', 0);
INSERT INTO ad_image (ad_id, id_ad_image, path, spot) VALUES (44, 62, 'bike1.jpg', 1);
INSERT INTO ad_image (ad_id, id_ad_image, path, spot) VALUES (44, 63, 'bike4.jpg', 2);
INSERT INTO ad_image (ad_id, id_ad_image, path, spot) VALUES (44, 64, 'bike2.jpg', 3);
INSERT INTO ad_image (ad_id, id_ad_image, path, spot) VALUES (45, 65, 'opensell.png', 0);
INSERT INTO ad_image (ad_id, id_ad_image, path, spot) VALUES (46, 66, 'chair1.jpg', 0);
INSERT INTO ad_image (ad_id, id_ad_image, path, spot) VALUES (46, 67, 'chair2.jpg', 1);
INSERT INTO ad_image (ad_id, id_ad_image, path, spot) VALUES (46, 68, 'chair3.jpg', 2);
INSERT INTO ad_image (ad_id, id_ad_image, path, spot) VALUES (47, 69, 'opensell.png', 0);
INSERT INTO ad_image (ad_id, id_ad_image, path, spot) VALUES (48, 70, 'opensell.png', 0);
INSERT INTO ad_image (ad_id, id_ad_image, path, spot) VALUES (49, 71, 'opensell.png', 0);
INSERT INTO ad_image (ad_id, id_ad_image, path, spot) VALUES (50, 72, 'opensell.png', 0);
INSERT INTO ad_image (ad_id, id_ad_image, path, spot) VALUES (51, 73, 'blueyplayset1.jpg', 0);
INSERT INTO ad_image (ad_id, id_ad_image, path, spot) VALUES (51, 74, 'blueyplayset2.jpg', 1);
INSERT INTO ad_image (ad_id, id_ad_image, path, spot) VALUES (51, 75, 'blueyplayset3.jpg', 2);
INSERT INTO ad_image (ad_id, id_ad_image, path, spot) VALUES (52, 76, 'opensell.png', 0);
INSERT INTO ad_image (ad_id, id_ad_image, path, spot) VALUES (53, 77, 'opensell.png', 0);
INSERT INTO ad_image (ad_id, id_ad_image, path, spot) VALUES (54, 78, 'opensell.png', 0);
INSERT INTO ad_image (ad_id, id_ad_image, path, spot) VALUES (55, 79, 'car1.jpg', 0);
INSERT INTO ad_image (ad_id, id_ad_image, path, spot) VALUES (55, 80, 'car2.jpg', 1);
INSERT INTO ad_image (ad_id, id_ad_image, path, spot) VALUES (56, 81, 'opensell.png', 0);
INSERT INTO ad_image (ad_id, id_ad_image, path, spot) VALUES (57, 82, 'bowl.jpg', 0);
INSERT INTO ad_image (ad_id, id_ad_image, path, spot) VALUES (57, 83, 'bowl.png', 1);
INSERT INTO ad_image (ad_id, id_ad_image, path, spot) VALUES (58, 84, 'opensell.png', 0);
INSERT INTO ad_image (ad_id, id_ad_image, path, spot) VALUES (59, 85, 'opensell.png', 0);
INSERT INTO ad_image (ad_id, id_ad_image, path, spot) VALUES (60, 86, 'opensell.png', 0);
INSERT INTO ad_image (ad_id, id_ad_image, path, spot) VALUES (61, 87, 'opensell.png', 0);
INSERT INTO ad_image (ad_id, id_ad_image, path, spot) VALUES (62, 88, 'opensell.png', 0);
INSERT INTO ad_image (ad_id, id_ad_image, path, spot) VALUES (63, 89, 'opensell.png', 0);
INSERT INTO ad_image (ad_id, id_ad_image, path, spot) VALUES (64, 90, 'vbucks.jpg', 0);
INSERT INTO ad_image (ad_id, id_ad_image, path, spot) VALUES (64, 91, 'vbucks1.jpg', 1);
INSERT INTO ad_image (ad_id, id_ad_image, path, spot) VALUES (65, 92, 'opensell.png', 0);
INSERT INTO ad_image (ad_id, id_ad_image, path, spot) VALUES (66, 93, 'alarmo0.jpg', 0);
INSERT INTO ad_image (ad_id, id_ad_image, path, spot) VALUES (66, 94, 'alarmo.jpg', 1);
INSERT INTO ad_image (ad_id, id_ad_image, path, spot) VALUES (66, 95, 'alarmo1.jpg', 2);
INSERT INTO ad_image (ad_id, id_ad_image, path, spot) VALUES (67, 96, 'bunny1.jpg', 0);
INSERT INTO ad_image (ad_id, id_ad_image, path, spot) VALUES (67, 97, 'bunny.jpg', 1);
INSERT INTO ad_image (ad_id, id_ad_image, path, spot) VALUES (67, 98, 'bunny2.jpg', 2);
INSERT INTO ad_image (ad_id, id_ad_image, path, spot) VALUES (67, 99, 'bunny3.png', 3);
INSERT INTO ad_image (ad_id, id_ad_image, path, spot) VALUES (68, 100, 'opensell.png', 0);
INSERT INTO ad_image (ad_id, id_ad_image, path, spot) VALUES (69, 101, 'opensell.png', 0);
INSERT INTO ad_image (ad_id, id_ad_image, path, spot) VALUES (70, 102, 'opensell.png', 0);
INSERT INTO ad_image (ad_id, id_ad_image, path, spot) VALUES (71, 103, 'redhat.jpg', 0);
INSERT INTO ad_image (ad_id, id_ad_image, path, spot) VALUES (71, 104, 'redhat2.jpg', 1);
INSERT INTO ad_image (ad_id, id_ad_image, path, spot) VALUES (72, 105, 'opensell.png', 0);
INSERT INTO ad_image (ad_id, id_ad_image, path, spot) VALUES (73, 106, 'opensell.png', 0);
INSERT INTO ad_image (ad_id, id_ad_image, path, spot) VALUES (74, 107, 'opensell.png', 0);
INSERT INTO ad_image (ad_id, id_ad_image, path, spot) VALUES (75, 108, 'opensell.png', 0);
INSERT INTO ad_image (ad_id, id_ad_image, path, spot) VALUES (76, 109, 'opensell.png', 0);
INSERT INTO ad_image (ad_id, id_ad_image, path, spot) VALUES (77, 110, 'opensell.png', 0);
INSERT INTO ad_image (ad_id, id_ad_image, path, spot) VALUES (78, 111, 'opensell.png', 0);
INSERT INTO ad_image (ad_id, id_ad_image, path, spot) VALUES (79, 112, 'keytar.jpg', 0);
INSERT INTO ad_image (ad_id, id_ad_image, path, spot) VALUES (79, 113, 'keytar1.jpg', 1);
INSERT INTO ad_image (ad_id, id_ad_image, path, spot) VALUES (79, 114, 'keytar2.png', 2);
INSERT INTO ad_image (ad_id, id_ad_image, path, spot) VALUES (80, 115, 'opensell.png', 0);
INSERT INTO ad_image (ad_id, id_ad_image, path, spot) VALUES (81, 116, 'wiiu1.jpg', 0);
INSERT INTO ad_image (ad_id, id_ad_image, path, spot) VALUES (81, 117, 'wiiu2.jpg', 1);
INSERT INTO ad_image (ad_id, id_ad_image, path, spot) VALUES (81, 118, 'wiiu3.jpg', 2);
INSERT INTO ad_image (ad_id, id_ad_image, path, spot) VALUES (82, 119, 'opensell.png', 0);
INSERT INTO ad_image (ad_id, id_ad_image, path, spot) VALUES (83, 120, 'opensell.png', 0);
INSERT INTO ad_image (ad_id, id_ad_image, path, spot) VALUES (84, 121, 'pokemon.jpg', 0);
INSERT INTO ad_image (ad_id, id_ad_image, path, spot) VALUES (84, 122, 'pokemon2.jpg', 1);
INSERT INTO ad_image (ad_id, id_ad_image, path, spot) VALUES (85, 123, 'opensell.png', 0);
INSERT INTO ad_image (ad_id, id_ad_image, path, spot) VALUES (86, 124, 'opensell.png', 0);
INSERT INTO ad_image (ad_id, id_ad_image, path, spot) VALUES (87, 125, 'opensell.png', 0);
INSERT INTO ad_image (ad_id, id_ad_image, path, spot) VALUES (88, 126, 'opensell.png', 0);
INSERT INTO ad_image (ad_id, id_ad_image, path, spot) VALUES (89, 127, 'opensell.png', 0);
INSERT INTO ad_image (ad_id, id_ad_image, path, spot) VALUES (90, 128, 'opensell.png', 0);
INSERT INTO ad_image (ad_id, id_ad_image, path, spot) VALUES (91, 129, 'opensell.png', 0);
INSERT INTO ad_image (ad_id, id_ad_image, path, spot) VALUES (92, 130, 'opensell.png', 0);
INSERT INTO ad_image (ad_id, id_ad_image, path, spot) VALUES (93, 131, 'drone0.jpg', 0);
INSERT INTO ad_image (ad_id, id_ad_image, path, spot) VALUES (93, 132, 'drone.png', 1);
INSERT INTO ad_image (ad_id, id_ad_image, path, spot) VALUES (94, 133, 'opensell.png', 0);
INSERT INTO ad_image (ad_id, id_ad_image, path, spot) VALUES (95, 134, 'opensell.png', 0);
INSERT INTO ad_image (ad_id, id_ad_image, path, spot) VALUES (96, 135, 'opensell.png', 0);
INSERT INTO ad_image (ad_id, id_ad_image, path, spot) VALUES (97, 136, 'opensell.png', 0);
INSERT INTO ad_image (ad_id, id_ad_image, path, spot) VALUES (98, 137, 'opensell.png', 0);
INSERT INTO ad_image (ad_id, id_ad_image, path, spot) VALUES (99, 138, 'opensell.png', 0);
INSERT INTO ad_image (ad_id, id_ad_image, path, spot) VALUES (100, 139, 'opensell.png', 0);
INSERT INTO ad_image (ad_id, id_ad_image, path, spot) VALUES (101, 140, 'opensell.png', 0);
INSERT INTO ad_image (ad_id, id_ad_image, path, spot) VALUES (102, 141, 'JtsByCDVRbmmlPwsgihMxhUTRMGepo.jpg', 0);
INSERT INTO ad_image (ad_id, id_ad_image, path, spot) VALUES (102, 142, 'aUILgeripLwvnKkeEIBAUIkQPkKexp.jpg', 1);

INSERT INTO ad_tag (id_ad_tag, name) VALUES (1, "surface");
INSERT INTO ad_tag (id_ad_tag, name) VALUES (2, "phooey");
INSERT INTO ad_tag (id_ad_tag, name) VALUES (3, "limit");
INSERT INTO ad_tag (id_ad_tag, name) VALUES (4, "cancel");
INSERT INTO ad_tag (id_ad_tag, name) VALUES (5, "yippee");
INSERT INTO ad_tag (id_ad_tag, name) VALUES (6, "whose");
INSERT INTO ad_tag (id_ad_tag, name) VALUES (7, "hall");
INSERT INTO ad_tag (id_ad_tag, name) VALUES (8, "bubbly");
INSERT INTO ad_tag (id_ad_tag, name) VALUES (9, "whoever");
INSERT INTO ad_tag (id_ad_tag, name) VALUES (10, "incidentally");
INSERT INTO ad_tag (id_ad_tag, name) VALUES (11, "considering");
INSERT INTO ad_tag (id_ad_tag, name) VALUES (12, "how");
INSERT INTO ad_tag (id_ad_tag, name) VALUES (13, "president");
INSERT INTO ad_tag (id_ad_tag, name) VALUES (14, "eek");
INSERT INTO ad_tag (id_ad_tag, name) VALUES (15, "fictionalize");
INSERT INTO ad_tag (id_ad_tag, name) VALUES (16, "lapse");
INSERT INTO ad_tag (id_ad_tag, name) VALUES (17, "however");
INSERT INTO ad_tag (id_ad_tag, name) VALUES (18, "waveform");
INSERT INTO ad_tag (id_ad_tag, name) VALUES (19, "below");
INSERT INTO ad_tag (id_ad_tag, name) VALUES (20, "vicious");
INSERT INTO ad_tag (id_ad_tag, name) VALUES (21, "hike");
INSERT INTO ad_tag (id_ad_tag, name) VALUES (22, "grand");
INSERT INTO ad_tag (id_ad_tag, name) VALUES (23, "during");
INSERT INTO ad_tag (id_ad_tag, name) VALUES (24, "rappel");
INSERT INTO ad_tag (id_ad_tag, name) VALUES (25, "uh-huh");
INSERT INTO ad_tag (id_ad_tag, name) VALUES (26, "whenever");
INSERT INTO ad_tag (id_ad_tag, name) VALUES (27, "afore");
INSERT INTO ad_tag (id_ad_tag, name) VALUES (28, "um");
INSERT INTO ad_tag (id_ad_tag, name) VALUES (29, "out");
INSERT INTO ad_tag (id_ad_tag, name) VALUES (30, "derrick");
INSERT INTO ad_tag (id_ad_tag, name) VALUES (31, "prior");
INSERT INTO ad_tag (id_ad_tag, name) VALUES (32, "lump");
INSERT INTO ad_tag (id_ad_tag, name) VALUES (33, "oof");
INSERT INTO ad_tag (id_ad_tag, name) VALUES (34, "besides");
INSERT INTO ad_tag (id_ad_tag, name) VALUES (35, "firsthand");
INSERT INTO ad_tag (id_ad_tag, name) VALUES (36, "zowie");
INSERT INTO ad_tag (id_ad_tag, name) VALUES (37, "relieved");
INSERT INTO ad_tag (id_ad_tag, name) VALUES (38, "parry");
INSERT INTO ad_tag (id_ad_tag, name) VALUES (39, "limber");
INSERT INTO ad_tag (id_ad_tag, name) VALUES (40, "knottily");
INSERT INTO ad_tag (id_ad_tag, name) VALUES (41, "why");
INSERT INTO ad_tag (id_ad_tag, name) VALUES (42, "optimistic");
INSERT INTO ad_tag (id_ad_tag, name) VALUES (43, "or");
INSERT INTO ad_tag (id_ad_tag, name) VALUES (44, "drat");
INSERT INTO ad_tag (id_ad_tag, name) VALUES (45, "dilute");
INSERT INTO ad_tag (id_ad_tag, name) VALUES (46, "gosh");
INSERT INTO ad_tag (id_ad_tag, name) VALUES (47, "ha");
INSERT INTO ad_tag (id_ad_tag, name) VALUES (48, "clarification");
INSERT INTO ad_tag (id_ad_tag, name) VALUES (49, "wide-eyed");
INSERT INTO ad_tag (id_ad_tag, name) VALUES (50, "but");
INSERT INTO ad_tag (id_ad_tag, name) VALUES (51, "wherever");
INSERT INTO ad_tag (id_ad_tag, name) VALUES (52, "sniff");
INSERT INTO ad_tag (id_ad_tag, name) VALUES (53, "pfft");
INSERT INTO ad_tag (id_ad_tag, name) VALUES (54, "pish");
INSERT INTO ad_tag (id_ad_tag, name) VALUES (55, "closely");
INSERT INTO ad_tag (id_ad_tag, name) VALUES (56, "decisive");
INSERT INTO ad_tag (id_ad_tag, name) VALUES (57, "for");
INSERT INTO ad_tag (id_ad_tag, name) VALUES (58, "circa");
INSERT INTO ad_tag (id_ad_tag, name) VALUES (59, "toffee");
INSERT INTO ad_tag (id_ad_tag, name) VALUES (60, "beside");
INSERT INTO ad_tag (id_ad_tag, name) VALUES (61, "as");
INSERT INTO ad_tag (id_ad_tag, name) VALUES (62, "aha");
INSERT INTO ad_tag (id_ad_tag, name) VALUES (63, "longitude");
INSERT INTO ad_tag (id_ad_tag, name) VALUES (64, "fine");
INSERT INTO ad_tag (id_ad_tag, name) VALUES (65, "rescue");
INSERT INTO ad_tag (id_ad_tag, name) VALUES (66, "than");
INSERT INTO ad_tag (id_ad_tag, name) VALUES (67, "ugh");
INSERT INTO ad_tag (id_ad_tag, name) VALUES (68, "playfully");
INSERT INTO ad_tag (id_ad_tag, name) VALUES (69, "radio");
INSERT INTO ad_tag (id_ad_tag, name) VALUES (70, "helplessly");
INSERT INTO ad_tag (id_ad_tag, name) VALUES (71, "kindly");
INSERT INTO ad_tag (id_ad_tag, name) VALUES (72, "stylus");
INSERT INTO ad_tag (id_ad_tag, name) VALUES (73, "brr");
INSERT INTO ad_tag (id_ad_tag, name) VALUES (74, "clump");
INSERT INTO ad_tag (id_ad_tag, name) VALUES (75, "next");
INSERT INTO ad_tag (id_ad_tag, name) VALUES (76, "meanwhile");
INSERT INTO ad_tag (id_ad_tag, name) VALUES (77, "exactly");
INSERT INTO ad_tag (id_ad_tag, name) VALUES (78, "warmly");
INSERT INTO ad_tag (id_ad_tag, name) VALUES (79, "almanac");
INSERT INTO ad_tag (id_ad_tag, name) VALUES (80, "bagel");
INSERT INTO ad_tag (id_ad_tag, name) VALUES (81, "babyish");
INSERT INTO ad_tag (id_ad_tag, name) VALUES (82, "bob");
INSERT INTO ad_tag (id_ad_tag, name) VALUES (83, "because");
INSERT INTO ad_tag (id_ad_tag, name) VALUES (84, "voter");
INSERT INTO ad_tag (id_ad_tag, name) VALUES (85, "yum");
INSERT INTO ad_tag (id_ad_tag, name) VALUES (86, "hm");
INSERT INTO ad_tag (id_ad_tag, name) VALUES (87, "vacantly");
INSERT INTO ad_tag (id_ad_tag, name) VALUES (88, "coyote");
INSERT INTO ad_tag (id_ad_tag, name) VALUES (89, "grouchy");
INSERT INTO ad_tag (id_ad_tag, name) VALUES (90, "direct");
INSERT INTO ad_tag (id_ad_tag, name) VALUES (91, "annually");
INSERT INTO ad_tag (id_ad_tag, name) VALUES (92, "wet");
INSERT INTO ad_tag (id_ad_tag, name) VALUES (93, "reckless");
INSERT INTO ad_tag (id_ad_tag, name) VALUES (94, "sedately");
INSERT INTO ad_tag (id_ad_tag, name) VALUES (95, "tail");
INSERT INTO ad_tag (id_ad_tag, name) VALUES (96, "oh");
INSERT INTO ad_tag (id_ad_tag, name) VALUES (97, "prestigious");
INSERT INTO ad_tag (id_ad_tag, name) VALUES (98, "droopy");
INSERT INTO ad_tag (id_ad_tag, name) VALUES (99, "yuck");
INSERT INTO ad_tag (id_ad_tag, name) VALUES (100, "yowza");
INSERT INTO ad_tag (id_ad_tag, name) VALUES (101, "profitable");
INSERT INTO ad_tag (id_ad_tag, name) VALUES (102, "along");
INSERT INTO ad_tag (id_ad_tag, name) VALUES (103, "merrily");
INSERT INTO ad_tag (id_ad_tag, name) VALUES (104, "scrutinise");
INSERT INTO ad_tag (id_ad_tag, name) VALUES (105, "delve");
INSERT INTO ad_tag (id_ad_tag, name) VALUES (106, "eve");
INSERT INTO ad_tag (id_ad_tag, name) VALUES (107, "notwithstanding");
INSERT INTO ad_tag (id_ad_tag, name) VALUES (108, "morph");
INSERT INTO ad_tag (id_ad_tag, name) VALUES (109, "odd");
INSERT INTO ad_tag (id_ad_tag, name) VALUES (110, "among");
INSERT INTO ad_tag (id_ad_tag, name) VALUES (111, "under");
INSERT INTO ad_tag (id_ad_tag, name) VALUES (112, "kosher");
INSERT INTO ad_tag (id_ad_tag, name) VALUES (113, "yearningly");
INSERT INTO ad_tag (id_ad_tag, name) VALUES (114, "quiver");
INSERT INTO ad_tag (id_ad_tag, name) VALUES (115, "astride");
INSERT INTO ad_tag (id_ad_tag, name) VALUES (116, "anti");
INSERT INTO ad_tag (id_ad_tag, name) VALUES (117, "supportive");
INSERT INTO ad_tag (id_ad_tag, name) VALUES (118, "seriously");
INSERT INTO ad_tag (id_ad_tag, name) VALUES (119, "aw");
INSERT INTO ad_tag (id_ad_tag, name) VALUES (120, "grizzled");
INSERT INTO ad_tag (id_ad_tag, name) VALUES (121, "knot");
INSERT INTO ad_tag (id_ad_tag, name) VALUES (122, "adventurously");
INSERT INTO ad_tag (id_ad_tag, name) VALUES (123, "ah");
INSERT INTO ad_tag (id_ad_tag, name) VALUES (124, "elimination");
INSERT INTO ad_tag (id_ad_tag, name) VALUES (125, "onto");
INSERT INTO ad_tag (id_ad_tag, name) VALUES (126, "er");
INSERT INTO ad_tag (id_ad_tag, name) VALUES (127, "uneven");
INSERT INTO ad_tag (id_ad_tag, name) VALUES (128, "winner");
INSERT INTO ad_tag (id_ad_tag, name) VALUES (129, "little");
INSERT INTO ad_tag (id_ad_tag, name) VALUES (130, "gadzooks");
INSERT INTO ad_tag (id_ad_tag, name) VALUES (131, "fatally");
INSERT INTO ad_tag (id_ad_tag, name) VALUES (132, "owlishly");
INSERT INTO ad_tag (id_ad_tag, name) VALUES (133, "binge");
INSERT INTO ad_tag (id_ad_tag, name) VALUES (134, "meager");
INSERT INTO ad_tag (id_ad_tag, name) VALUES (135, "fooey");
INSERT INTO ad_tag (id_ad_tag, name) VALUES (136, "bellyache");
INSERT INTO ad_tag (id_ad_tag, name) VALUES (137, "garlic");
INSERT INTO ad_tag (id_ad_tag, name) VALUES (138, "despite");
INSERT INTO ad_tag (id_ad_tag, name) VALUES (139, "toward");
INSERT INTO ad_tag (id_ad_tag, name) VALUES (140, "once");
INSERT INTO ad_tag (id_ad_tag, name) VALUES (141, "identical");
INSERT INTO ad_tag (id_ad_tag, name) VALUES (142, "since");
INSERT INTO ad_tag (id_ad_tag, name) VALUES (143, "hub");
INSERT INTO ad_tag (id_ad_tag, name) VALUES (144, "blah");
INSERT INTO ad_tag (id_ad_tag, name) VALUES (145, "sturdy");
INSERT INTO ad_tag (id_ad_tag, name) VALUES (146, "endear");
INSERT INTO ad_tag (id_ad_tag, name) VALUES (147, "power");
INSERT INTO ad_tag (id_ad_tag, name) VALUES (148, "and");
INSERT INTO ad_tag (id_ad_tag, name) VALUES (149, "daring");
INSERT INTO ad_tag (id_ad_tag, name) VALUES (150, "regarding");
INSERT INTO ad_tag (id_ad_tag, name) VALUES (151, "before");
INSERT INTO ad_tag (id_ad_tag, name) VALUES (152, "butt");
INSERT INTO ad_tag (id_ad_tag, name) VALUES (153, "chorus");
INSERT INTO ad_tag (id_ad_tag, name) VALUES (154, "airspace");
INSERT INTO ad_tag (id_ad_tag, name) VALUES (155, "outside");
INSERT INTO ad_tag (id_ad_tag, name) VALUES (156, "ouch");
INSERT INTO ad_tag (id_ad_tag, name) VALUES (157, "around");
INSERT INTO ad_tag (id_ad_tag, name) VALUES (158, "of");
INSERT INTO ad_tag (id_ad_tag, name) VALUES (159, "sneaky");
INSERT INTO ad_tag (id_ad_tag, name) VALUES (160, "attempt");
INSERT INTO ad_tag (id_ad_tag, name) VALUES (161, "spectate");
INSERT INTO ad_tag (id_ad_tag, name) VALUES (162, "powerfully");
INSERT INTO ad_tag (id_ad_tag, name) VALUES (163, "deceivingly");
INSERT INTO ad_tag (id_ad_tag, name) VALUES (164, "needily");
INSERT INTO ad_tag (id_ad_tag, name) VALUES (165, "interesting");
INSERT INTO ad_tag (id_ad_tag, name) VALUES (166, "boo");
INSERT INTO ad_tag (id_ad_tag, name) VALUES (167, "enlightened");
INSERT INTO ad_tag (id_ad_tag, name) VALUES (168, "snack");
INSERT INTO ad_tag (id_ad_tag, name) VALUES (169, "ew");
INSERT INTO ad_tag (id_ad_tag, name) VALUES (170, "format");
INSERT INTO ad_tag (id_ad_tag, name) VALUES (171, "misspend");
INSERT INTO ad_tag (id_ad_tag, name) VALUES (172, "hence");
INSERT INTO ad_tag (id_ad_tag, name) VALUES (173, "radiant");
INSERT INTO ad_tag (id_ad_tag, name) VALUES (174, "nearly");
INSERT INTO ad_tag (id_ad_tag, name) VALUES (175, "conscious");
INSERT INTO ad_tag (id_ad_tag, name) VALUES (176, "bog");
INSERT INTO ad_tag (id_ad_tag, name) VALUES (177, "past");
INSERT INTO ad_tag (id_ad_tag, name) VALUES (178, "over");
INSERT INTO ad_tag (id_ad_tag, name) VALUES (179, "yieldingly");
INSERT INTO ad_tag (id_ad_tag, name) VALUES (180, "unfolded");
INSERT INTO ad_tag (id_ad_tag, name) VALUES (181, "thorough");
INSERT INTO ad_tag (id_ad_tag, name) VALUES (182, "utilized");
INSERT INTO ad_tag (id_ad_tag, name) VALUES (183, "fervently");
INSERT INTO ad_tag (id_ad_tag, name) VALUES (184, "deport");
INSERT INTO ad_tag (id_ad_tag, name) VALUES (185, "boohoo");
INSERT INTO ad_tag (id_ad_tag, name) VALUES (186, "ack");
INSERT INTO ad_tag (id_ad_tag, name) VALUES (187, "muffle");
INSERT INTO ad_tag (id_ad_tag, name) VALUES (188, "humanise");
INSERT INTO ad_tag (id_ad_tag, name) VALUES (189, "stereotype");
INSERT INTO ad_tag (id_ad_tag, name) VALUES (190, "in");
INSERT INTO ad_tag (id_ad_tag, name) VALUES (191, "buffer");
INSERT INTO ad_tag (id_ad_tag, name) VALUES (192, "aim");
INSERT INTO ad_tag (id_ad_tag, name) VALUES (193, "dash");
INSERT INTO ad_tag (id_ad_tag, name) VALUES (194, "chubby");
INSERT INTO ad_tag (id_ad_tag, name) VALUES (195, "behind");
INSERT INTO ad_tag (id_ad_tag, name) VALUES (196, "gynaecology");
INSERT INTO ad_tag (id_ad_tag, name) VALUES (197, "concerning");
INSERT INTO ad_tag (id_ad_tag, name) VALUES (198, "plastic");
INSERT INTO ad_tag (id_ad_tag, name) VALUES (199, "bias");
INSERT INTO ad_tag (id_ad_tag, name) VALUES (200, "dig");
INSERT INTO ad_tag (id_ad_tag, name) VALUES (201, "portion");
INSERT INTO ad_tag (id_ad_tag, name) VALUES (202, "queasily");
INSERT INTO ad_tag (id_ad_tag, name) VALUES (203, "lode");
INSERT INTO ad_tag (id_ad_tag, name) VALUES (204, "amused");
INSERT INTO ad_tag (id_ad_tag, name) VALUES (205, "thrifty");
INSERT INTO ad_tag (id_ad_tag, name) VALUES (206, "grandparent");
INSERT INTO ad_tag (id_ad_tag, name) VALUES (207, "geez");
INSERT INTO ad_tag (id_ad_tag, name) VALUES (208, "yawningly");
INSERT INTO ad_tag (id_ad_tag, name) VALUES (209, "red");
INSERT INTO ad_tag (id_ad_tag, name) VALUES (210, "impression");
INSERT INTO ad_tag (id_ad_tag, name) VALUES (211, "ick");
INSERT INTO ad_tag (id_ad_tag, name) VALUES (212, "spring");
INSERT INTO ad_tag (id_ad_tag, name) VALUES (213, "east");
INSERT INTO ad_tag (id_ad_tag, name) VALUES (214, "ostracise");
INSERT INTO ad_tag (id_ad_tag, name) VALUES (215, "cozy");
INSERT INTO ad_tag (id_ad_tag, name) VALUES (216, "phew");
INSERT INTO ad_tag (id_ad_tag, name) VALUES (217, "woot");
INSERT INTO ad_tag (id_ad_tag, name) VALUES (218, "lawful");
INSERT INTO ad_tag (id_ad_tag, name) VALUES (219, "shrilly");
INSERT INTO ad_tag (id_ad_tag, name) VALUES (220, "copper");
INSERT INTO ad_tag (id_ad_tag, name) VALUES (221, "rankle");
INSERT INTO ad_tag (id_ad_tag, name) VALUES (222, "dibble");
INSERT INTO ad_tag (id_ad_tag, name) VALUES (223, "obediently");
INSERT INTO ad_tag (id_ad_tag, name) VALUES (224, "writhe");
INSERT INTO ad_tag (id_ad_tag, name) VALUES (225, "following");
INSERT INTO ad_tag (id_ad_tag, name) VALUES (226, "eventually");
INSERT INTO ad_tag (id_ad_tag, name) VALUES (227, "constrain");
INSERT INTO ad_tag (id_ad_tag, name) VALUES (228, "joyous");
INSERT INTO ad_tag (id_ad_tag, name) VALUES (229, "apropos");
INSERT INTO ad_tag (id_ad_tag, name) VALUES (230, "safeguard");
INSERT INTO ad_tag (id_ad_tag, name) VALUES (231, "lest");
INSERT INTO ad_tag (id_ad_tag, name) VALUES (232, "loyally");
INSERT INTO ad_tag (id_ad_tag, name) VALUES (233, "pique");
INSERT INTO ad_tag (id_ad_tag, name) VALUES (234, "violet");
INSERT INTO ad_tag (id_ad_tag, name) VALUES (235, "google");
INSERT INTO ad_tag (id_ad_tag, name) VALUES (236, "happy-go-lucky");
INSERT INTO ad_tag (id_ad_tag, name) VALUES (237, "violently");
INSERT INTO ad_tag (id_ad_tag, name) VALUES (238, "jog");
INSERT INTO ad_tag (id_ad_tag, name) VALUES (239, "worth");
INSERT INTO ad_tag (id_ad_tag, name) VALUES (240, "athwart");
INSERT INTO ad_tag (id_ad_tag, name) VALUES (241, "doubtfully");
INSERT INTO ad_tag (id_ad_tag, name) VALUES (242, "qua");
INSERT INTO ad_tag (id_ad_tag, name) VALUES (243, "academic");
INSERT INTO ad_tag (id_ad_tag, name) VALUES (244, "ferociously");
INSERT INTO ad_tag (id_ad_tag, name) VALUES (245, "which");
INSERT INTO ad_tag (id_ad_tag, name) VALUES (246, "cheery");
INSERT INTO ad_tag (id_ad_tag, name) VALUES (247, "sugar");
INSERT INTO ad_tag (id_ad_tag, name) VALUES (248, "outrageous");
INSERT INTO ad_tag (id_ad_tag, name) VALUES (249, "locate");
INSERT INTO ad_tag (id_ad_tag, name) VALUES (250, "disability");
INSERT INTO ad_tag (id_ad_tag, name) VALUES (251, "cauterise");
INSERT INTO ad_tag (id_ad_tag, name) VALUES (252, "without");
INSERT INTO ad_tag (id_ad_tag, name) VALUES (253, "absolute");
INSERT INTO ad_tag (id_ad_tag, name) VALUES (254, "arrogantly");
INSERT INTO ad_tag (id_ad_tag, name) VALUES (255, "bah");
INSERT INTO ad_tag (id_ad_tag, name) VALUES (256, "undercharge");
INSERT INTO ad_tag (id_ad_tag, name) VALUES (257, "psst");
INSERT INTO ad_tag (id_ad_tag, name) VALUES (258, "guilty");
INSERT INTO ad_tag (id_ad_tag, name) VALUES (259, "staple");
INSERT INTO ad_tag (id_ad_tag, name) VALUES (260, "clench");
INSERT INTO ad_tag (id_ad_tag, name) VALUES (261, "grassland");
INSERT INTO ad_tag (id_ad_tag, name) VALUES (262, "kookily");
INSERT INTO ad_tag (id_ad_tag, name) VALUES (263, "different");
INSERT INTO ad_tag (id_ad_tag, name) VALUES (264, "frankly");
INSERT INTO ad_tag (id_ad_tag, name) VALUES (265, "if");
INSERT INTO ad_tag (id_ad_tag, name) VALUES (266, "vainly");
INSERT INTO ad_tag (id_ad_tag, name) VALUES (267, "legal");
INSERT INTO ad_tag (id_ad_tag, name) VALUES (268, "unlucky");
INSERT INTO ad_tag (id_ad_tag, name) VALUES (269, "gorgeous");
INSERT INTO ad_tag (id_ad_tag, name) VALUES (270, "storm");
INSERT INTO ad_tag (id_ad_tag, name) VALUES (271, "outrigger");
INSERT INTO ad_tag (id_ad_tag, name) VALUES (272, "gleeful");
INSERT INTO ad_tag (id_ad_tag, name) VALUES (273, "thankfully");
INSERT INTO ad_tag (id_ad_tag, name) VALUES (274, "cricket");
INSERT INTO ad_tag (id_ad_tag, name) VALUES (275, "gazelle");
INSERT INTO ad_tag (id_ad_tag, name) VALUES (276, "silly");
INSERT INTO ad_tag (id_ad_tag, name) VALUES (277, "unlike");
INSERT INTO ad_tag (id_ad_tag, name) VALUES (278, "barring");
INSERT INTO ad_tag (id_ad_tag, name) VALUES (279, "station");
INSERT INTO ad_tag (id_ad_tag, name) VALUES (280, "ship");
INSERT INTO ad_tag (id_ad_tag, name) VALUES (281, "mortar");
INSERT INTO ad_tag (id_ad_tag, name) VALUES (282, "successfully");
INSERT INTO ad_tag (id_ad_tag, name) VALUES (283, "dimly");
INSERT INTO ad_tag (id_ad_tag, name) VALUES (284, "sans");
INSERT INTO ad_tag (id_ad_tag, name) VALUES (285, "crooked");
INSERT INTO ad_tag (id_ad_tag, name) VALUES (286, "whereas");
INSERT INTO ad_tag (id_ad_tag, name) VALUES (287, "with");
INSERT INTO ad_tag (id_ad_tag, name) VALUES (288, "leaker");
INSERT INTO ad_tag (id_ad_tag, name) VALUES (289, "usefully");
INSERT INTO ad_tag (id_ad_tag, name) VALUES (290, "tipple");
INSERT INTO ad_tag (id_ad_tag, name) VALUES (291, "restate");
INSERT INTO ad_tag (id_ad_tag, name) VALUES (292, "furthermore");
INSERT INTO ad_tag (id_ad_tag, name) VALUES (293, "tough-guy");
INSERT INTO ad_tag (id_ad_tag, name) VALUES (294, "funny");
INSERT INTO ad_tag (id_ad_tag, name) VALUES (295, "outlying");
INSERT INTO ad_tag (id_ad_tag, name) VALUES (296, "famously");
INSERT INTO ad_tag (id_ad_tag, name) VALUES (297, "hoot");
INSERT INTO ad_tag (id_ad_tag, name) VALUES (298, "mechanically");
INSERT INTO ad_tag (id_ad_tag, name) VALUES (299, "dizzy");
INSERT INTO ad_tag (id_ad_tag, name) VALUES (300, "anenst");
INSERT INTO ad_tag (id_ad_tag, name) VALUES (301, "colorless");
INSERT INTO ad_tag (id_ad_tag, name) VALUES (302, "tremendously");
INSERT INTO ad_tag (id_ad_tag, name) VALUES (303, "acquire");
INSERT INTO ad_tag (id_ad_tag, name) VALUES (304, "lucky");
INSERT INTO ad_tag (id_ad_tag, name) VALUES (305, "jackfruit");
INSERT INTO ad_tag (id_ad_tag, name) VALUES (306, "on");
INSERT INTO ad_tag (id_ad_tag, name) VALUES (307, "clever");
INSERT INTO ad_tag (id_ad_tag, name) VALUES (308, "down");
INSERT INTO ad_tag (id_ad_tag, name) VALUES (309, "whoa");
INSERT INTO ad_tag (id_ad_tag, name) VALUES (310, "dearest");
INSERT INTO ad_tag (id_ad_tag, name) VALUES (311, "frightened");
INSERT INTO ad_tag (id_ad_tag, name) VALUES (312, "crop");
INSERT INTO ad_tag (id_ad_tag, name) VALUES (313, "atheist");
INSERT INTO ad_tag (id_ad_tag, name) VALUES (314, "better");
INSERT INTO ad_tag (id_ad_tag, name) VALUES (315, "parallel");
INSERT INTO ad_tag (id_ad_tag, name) VALUES (316, "duh");
INSERT INTO ad_tag (id_ad_tag, name) VALUES (317, "slimy");
INSERT INTO ad_tag (id_ad_tag, name) VALUES (318, "yet");
INSERT INTO ad_tag (id_ad_tag, name) VALUES (319, "sweaty");
INSERT INTO ad_tag (id_ad_tag, name) VALUES (320, "who");
INSERT INTO ad_tag (id_ad_tag, name) VALUES (321, "climate");
INSERT INTO ad_tag (id_ad_tag, name) VALUES (322, "campaign");
INSERT INTO ad_tag (id_ad_tag, name) VALUES (323, "until");
INSERT INTO ad_tag (id_ad_tag, name) VALUES (324, "terminal");
INSERT INTO ad_tag (id_ad_tag, name) VALUES (325, "extraneous");
INSERT INTO ad_tag (id_ad_tag, name) VALUES (326, "snare");
INSERT INTO ad_tag (id_ad_tag, name) VALUES (327, "exclude");
INSERT INTO ad_tag (id_ad_tag, name) VALUES (328, "empty");
INSERT INTO ad_tag (id_ad_tag, name) VALUES (329, "hunting");
INSERT INTO ad_tag (id_ad_tag, name) VALUES (330, "railing");
INSERT INTO ad_tag (id_ad_tag, name) VALUES (331, "skinny");
INSERT INTO ad_tag (id_ad_tag, name) VALUES (332, "governor");
INSERT INTO ad_tag (id_ad_tag, name) VALUES (333, "company");
INSERT INTO ad_tag (id_ad_tag, name) VALUES (334, "contraindicate");
INSERT INTO ad_tag (id_ad_tag, name) VALUES (335, "triumphantly");
INSERT INTO ad_tag (id_ad_tag, name) VALUES (336, "opposite");
INSERT INTO ad_tag (id_ad_tag, name) VALUES (337, "upbeat");
INSERT INTO ad_tag (id_ad_tag, name) VALUES (338, "excluding");
INSERT INTO ad_tag (id_ad_tag, name) VALUES (339, "turbulent");
INSERT INTO ad_tag (id_ad_tag, name) VALUES (340, "while");
INSERT INTO ad_tag (id_ad_tag, name) VALUES (341, "whether");
INSERT INTO ad_tag (id_ad_tag, name) VALUES (342, "surprisingly");
INSERT INTO ad_tag (id_ad_tag, name) VALUES (343, "failing");
INSERT INTO ad_tag (id_ad_tag, name) VALUES (344, "wisdom");
INSERT INTO ad_tag (id_ad_tag, name) VALUES (345, "kiddingly");
INSERT INTO ad_tag (id_ad_tag, name) VALUES (346, "vector");
INSERT INTO ad_tag (id_ad_tag, name) VALUES (347, "the");
INSERT INTO ad_tag (id_ad_tag, name) VALUES (348, "utterly");
INSERT INTO ad_tag (id_ad_tag, name) VALUES (349, "necessary");
INSERT INTO ad_tag (id_ad_tag, name) VALUES (350, "doting");
INSERT INTO ad_tag (id_ad_tag, name) VALUES (351, "off");
INSERT INTO ad_tag (id_ad_tag, name) VALUES (352, "forestry");

INSERT INTO ad_ad_tag_rel(ad_id, ad_tag_id) VALUES (1, 1);
INSERT INTO ad_ad_tag_rel(ad_id, ad_tag_id) VALUES (1, 2);
INSERT INTO ad_ad_tag_rel(ad_id, ad_tag_id) VALUES (1, 3);
INSERT INTO ad_ad_tag_rel(ad_id, ad_tag_id) VALUES (2, 4);
INSERT INTO ad_ad_tag_rel(ad_id, ad_tag_id) VALUES (2, 5);
INSERT INTO ad_ad_tag_rel(ad_id, ad_tag_id) VALUES (2, 6);
INSERT INTO ad_ad_tag_rel(ad_id, ad_tag_id) VALUES (3, 7);
INSERT INTO ad_ad_tag_rel(ad_id, ad_tag_id) VALUES (3, 8);
INSERT INTO ad_ad_tag_rel(ad_id, ad_tag_id) VALUES (4, 9);
INSERT INTO ad_ad_tag_rel(ad_id, ad_tag_id) VALUES (4, 10);
INSERT INTO ad_ad_tag_rel(ad_id, ad_tag_id) VALUES (4, 11);
INSERT INTO ad_ad_tag_rel(ad_id, ad_tag_id) VALUES (4, 12);
INSERT INTO ad_ad_tag_rel(ad_id, ad_tag_id) VALUES (4, 13);
INSERT INTO ad_ad_tag_rel(ad_id, ad_tag_id) VALUES (4, 14);
INSERT INTO ad_ad_tag_rel(ad_id, ad_tag_id) VALUES (4, 15);
INSERT INTO ad_ad_tag_rel(ad_id, ad_tag_id) VALUES (5, 16);
INSERT INTO ad_ad_tag_rel(ad_id, ad_tag_id) VALUES (6, 17);
INSERT INTO ad_ad_tag_rel(ad_id, ad_tag_id) VALUES (6, 18);
INSERT INTO ad_ad_tag_rel(ad_id, ad_tag_id) VALUES (7, 19);
INSERT INTO ad_ad_tag_rel(ad_id, ad_tag_id) VALUES (7, 20);
INSERT INTO ad_ad_tag_rel(ad_id, ad_tag_id) VALUES (7, 21);
INSERT INTO ad_ad_tag_rel(ad_id, ad_tag_id) VALUES (8, 22);
INSERT INTO ad_ad_tag_rel(ad_id, ad_tag_id) VALUES (8, 23);
INSERT INTO ad_ad_tag_rel(ad_id, ad_tag_id) VALUES (8, 24);
INSERT INTO ad_ad_tag_rel(ad_id, ad_tag_id) VALUES (8, 25);
INSERT INTO ad_ad_tag_rel(ad_id, ad_tag_id) VALUES (9, 26);
INSERT INTO ad_ad_tag_rel(ad_id, ad_tag_id) VALUES (9, 27);
INSERT INTO ad_ad_tag_rel(ad_id, ad_tag_id) VALUES (9, 28);
INSERT INTO ad_ad_tag_rel(ad_id, ad_tag_id) VALUES (9, 29);
INSERT INTO ad_ad_tag_rel(ad_id, ad_tag_id) VALUES (9, 30);
INSERT INTO ad_ad_tag_rel(ad_id, ad_tag_id) VALUES (9, 31);
INSERT INTO ad_ad_tag_rel(ad_id, ad_tag_id) VALUES (10, 32);
INSERT INTO ad_ad_tag_rel(ad_id, ad_tag_id) VALUES (10, 33);
INSERT INTO ad_ad_tag_rel(ad_id, ad_tag_id) VALUES (10, 34);
INSERT INTO ad_ad_tag_rel(ad_id, ad_tag_id) VALUES (10, 35);
INSERT INTO ad_ad_tag_rel(ad_id, ad_tag_id) VALUES (10, 36);
INSERT INTO ad_ad_tag_rel(ad_id, ad_tag_id) VALUES (11, 37);
INSERT INTO ad_ad_tag_rel(ad_id, ad_tag_id) VALUES (12, 38);
INSERT INTO ad_ad_tag_rel(ad_id, ad_tag_id) VALUES (12, 39);
INSERT INTO ad_ad_tag_rel(ad_id, ad_tag_id) VALUES (12, 40);
INSERT INTO ad_ad_tag_rel(ad_id, ad_tag_id) VALUES (12, 41);
INSERT INTO ad_ad_tag_rel(ad_id, ad_tag_id) VALUES (12, 42);
INSERT INTO ad_ad_tag_rel(ad_id, ad_tag_id) VALUES (12, 43);
INSERT INTO ad_ad_tag_rel(ad_id, ad_tag_id) VALUES (12, 44);
INSERT INTO ad_ad_tag_rel(ad_id, ad_tag_id) VALUES (13, 45);
INSERT INTO ad_ad_tag_rel(ad_id, ad_tag_id) VALUES (13, 33);
INSERT INTO ad_ad_tag_rel(ad_id, ad_tag_id) VALUES (13, 46);
INSERT INTO ad_ad_tag_rel(ad_id, ad_tag_id) VALUES (13, 47);
INSERT INTO ad_ad_tag_rel(ad_id, ad_tag_id) VALUES (13, 48);
INSERT INTO ad_ad_tag_rel(ad_id, ad_tag_id) VALUES (13, 49);
INSERT INTO ad_ad_tag_rel(ad_id, ad_tag_id) VALUES (14, 50);
INSERT INTO ad_ad_tag_rel(ad_id, ad_tag_id) VALUES (14, 33);
INSERT INTO ad_ad_tag_rel(ad_id, ad_tag_id) VALUES (14, 51);
INSERT INTO ad_ad_tag_rel(ad_id, ad_tag_id) VALUES (14, 52);
INSERT INTO ad_ad_tag_rel(ad_id, ad_tag_id) VALUES (14, 53);
INSERT INTO ad_ad_tag_rel(ad_id, ad_tag_id) VALUES (14, 54);
INSERT INTO ad_ad_tag_rel(ad_id, ad_tag_id) VALUES (15, 55);
INSERT INTO ad_ad_tag_rel(ad_id, ad_tag_id) VALUES (15, 54);
INSERT INTO ad_ad_tag_rel(ad_id, ad_tag_id) VALUES (15, 56);
INSERT INTO ad_ad_tag_rel(ad_id, ad_tag_id) VALUES (15, 57);
INSERT INTO ad_ad_tag_rel(ad_id, ad_tag_id) VALUES (15, 58);
INSERT INTO ad_ad_tag_rel(ad_id, ad_tag_id) VALUES (15, 59);
INSERT INTO ad_ad_tag_rel(ad_id, ad_tag_id) VALUES (15, 60);
INSERT INTO ad_ad_tag_rel(ad_id, ad_tag_id) VALUES (16, 61);
INSERT INTO ad_ad_tag_rel(ad_id, ad_tag_id) VALUES (16, 62);
INSERT INTO ad_ad_tag_rel(ad_id, ad_tag_id) VALUES (16, 63);
INSERT INTO ad_ad_tag_rel(ad_id, ad_tag_id) VALUES (16, 64);
INSERT INTO ad_ad_tag_rel(ad_id, ad_tag_id) VALUES (17, 43);
INSERT INTO ad_ad_tag_rel(ad_id, ad_tag_id) VALUES (17, 65);
INSERT INTO ad_ad_tag_rel(ad_id, ad_tag_id) VALUES (18, 66);
INSERT INTO ad_ad_tag_rel(ad_id, ad_tag_id) VALUES (18, 67);
INSERT INTO ad_ad_tag_rel(ad_id, ad_tag_id) VALUES (18, 53);
INSERT INTO ad_ad_tag_rel(ad_id, ad_tag_id) VALUES (18, 68);
INSERT INTO ad_ad_tag_rel(ad_id, ad_tag_id) VALUES (19, 69);
INSERT INTO ad_ad_tag_rel(ad_id, ad_tag_id) VALUES (19, 70);
INSERT INTO ad_ad_tag_rel(ad_id, ad_tag_id) VALUES (19, 71);
INSERT INTO ad_ad_tag_rel(ad_id, ad_tag_id) VALUES (19, 72);
INSERT INTO ad_ad_tag_rel(ad_id, ad_tag_id) VALUES (19, 73);
INSERT INTO ad_ad_tag_rel(ad_id, ad_tag_id) VALUES (19, 74);
INSERT INTO ad_ad_tag_rel(ad_id, ad_tag_id) VALUES (19, 75);
INSERT INTO ad_ad_tag_rel(ad_id, ad_tag_id) VALUES (20, 76);
INSERT INTO ad_ad_tag_rel(ad_id, ad_tag_id) VALUES (20, 77);
INSERT INTO ad_ad_tag_rel(ad_id, ad_tag_id) VALUES (21, 78);
INSERT INTO ad_ad_tag_rel(ad_id, ad_tag_id) VALUES (22, 79);
INSERT INTO ad_ad_tag_rel(ad_id, ad_tag_id) VALUES (23, 80);
INSERT INTO ad_ad_tag_rel(ad_id, ad_tag_id) VALUES (23, 81);
INSERT INTO ad_ad_tag_rel(ad_id, ad_tag_id) VALUES (23, 82);
INSERT INTO ad_ad_tag_rel(ad_id, ad_tag_id) VALUES (23, 83);
INSERT INTO ad_ad_tag_rel(ad_id, ad_tag_id) VALUES (24, 84);
INSERT INTO ad_ad_tag_rel(ad_id, ad_tag_id) VALUES (25, 85);
INSERT INTO ad_ad_tag_rel(ad_id, ad_tag_id) VALUES (25, 86);
INSERT INTO ad_ad_tag_rel(ad_id, ad_tag_id) VALUES (25, 87);
INSERT INTO ad_ad_tag_rel(ad_id, ad_tag_id) VALUES (25, 88);
INSERT INTO ad_ad_tag_rel(ad_id, ad_tag_id) VALUES (26, 89);
INSERT INTO ad_ad_tag_rel(ad_id, ad_tag_id) VALUES (26, 90);
INSERT INTO ad_ad_tag_rel(ad_id, ad_tag_id) VALUES (26, 46);
INSERT INTO ad_ad_tag_rel(ad_id, ad_tag_id) VALUES (26, 91);
INSERT INTO ad_ad_tag_rel(ad_id, ad_tag_id) VALUES (26, 92);
INSERT INTO ad_ad_tag_rel(ad_id, ad_tag_id) VALUES (26, 93);
INSERT INTO ad_ad_tag_rel(ad_id, ad_tag_id) VALUES (27, 94);
INSERT INTO ad_ad_tag_rel(ad_id, ad_tag_id) VALUES (27, 95);
INSERT INTO ad_ad_tag_rel(ad_id, ad_tag_id) VALUES (28, 96);
INSERT INTO ad_ad_tag_rel(ad_id, ad_tag_id) VALUES (28, 97);
INSERT INTO ad_ad_tag_rel(ad_id, ad_tag_id) VALUES (29, 98);
INSERT INTO ad_ad_tag_rel(ad_id, ad_tag_id) VALUES (29, 99);
INSERT INTO ad_ad_tag_rel(ad_id, ad_tag_id) VALUES (29, 100);
INSERT INTO ad_ad_tag_rel(ad_id, ad_tag_id) VALUES (29, 101);
INSERT INTO ad_ad_tag_rel(ad_id, ad_tag_id) VALUES (29, 102);
INSERT INTO ad_ad_tag_rel(ad_id, ad_tag_id) VALUES (29, 103);
INSERT INTO ad_ad_tag_rel(ad_id, ad_tag_id) VALUES (30, 104);
INSERT INTO ad_ad_tag_rel(ad_id, ad_tag_id) VALUES (30, 105);
INSERT INTO ad_ad_tag_rel(ad_id, ad_tag_id) VALUES (30, 106);
INSERT INTO ad_ad_tag_rel(ad_id, ad_tag_id) VALUES (30, 107);
INSERT INTO ad_ad_tag_rel(ad_id, ad_tag_id) VALUES (30, 108);
INSERT INTO ad_ad_tag_rel(ad_id, ad_tag_id) VALUES (31, 109);
INSERT INTO ad_ad_tag_rel(ad_id, ad_tag_id) VALUES (31, 110);
INSERT INTO ad_ad_tag_rel(ad_id, ad_tag_id) VALUES (32, 111);
INSERT INTO ad_ad_tag_rel(ad_id, ad_tag_id) VALUES (32, 112);
INSERT INTO ad_ad_tag_rel(ad_id, ad_tag_id) VALUES (32, 113);
INSERT INTO ad_ad_tag_rel(ad_id, ad_tag_id) VALUES (32, 114);
INSERT INTO ad_ad_tag_rel(ad_id, ad_tag_id) VALUES (33, 115);
INSERT INTO ad_ad_tag_rel(ad_id, ad_tag_id) VALUES (34, 116);
INSERT INTO ad_ad_tag_rel(ad_id, ad_tag_id) VALUES (34, 117);
INSERT INTO ad_ad_tag_rel(ad_id, ad_tag_id) VALUES (34, 118);
INSERT INTO ad_ad_tag_rel(ad_id, ad_tag_id) VALUES (34, 119);
INSERT INTO ad_ad_tag_rel(ad_id, ad_tag_id) VALUES (34, 120);
INSERT INTO ad_ad_tag_rel(ad_id, ad_tag_id) VALUES (34, 121);
INSERT INTO ad_ad_tag_rel(ad_id, ad_tag_id) VALUES (34, 122);
INSERT INTO ad_ad_tag_rel(ad_id, ad_tag_id) VALUES (35, 123);
INSERT INTO ad_ad_tag_rel(ad_id, ad_tag_id) VALUES (36, 124);
INSERT INTO ad_ad_tag_rel(ad_id, ad_tag_id) VALUES (36, 125);
INSERT INTO ad_ad_tag_rel(ad_id, ad_tag_id) VALUES (36, 126);
INSERT INTO ad_ad_tag_rel(ad_id, ad_tag_id) VALUES (37, 127);
INSERT INTO ad_ad_tag_rel(ad_id, ad_tag_id) VALUES (37, 128);
INSERT INTO ad_ad_tag_rel(ad_id, ad_tag_id) VALUES (37, 129);
INSERT INTO ad_ad_tag_rel(ad_id, ad_tag_id) VALUES (37, 130);
INSERT INTO ad_ad_tag_rel(ad_id, ad_tag_id) VALUES (37, 131);
INSERT INTO ad_ad_tag_rel(ad_id, ad_tag_id) VALUES (37, 132);
INSERT INTO ad_ad_tag_rel(ad_id, ad_tag_id) VALUES (37, 133);
INSERT INTO ad_ad_tag_rel(ad_id, ad_tag_id) VALUES (37, 134);
INSERT INTO ad_ad_tag_rel(ad_id, ad_tag_id) VALUES (38, 135);
INSERT INTO ad_ad_tag_rel(ad_id, ad_tag_id) VALUES (39, 136);
INSERT INTO ad_ad_tag_rel(ad_id, ad_tag_id) VALUES (40, 137);
INSERT INTO ad_ad_tag_rel(ad_id, ad_tag_id) VALUES (40, 138);
INSERT INTO ad_ad_tag_rel(ad_id, ad_tag_id) VALUES (40, 139);
INSERT INTO ad_ad_tag_rel(ad_id, ad_tag_id) VALUES (41, 140);
INSERT INTO ad_ad_tag_rel(ad_id, ad_tag_id) VALUES (41, 53);
INSERT INTO ad_ad_tag_rel(ad_id, ad_tag_id) VALUES (42, 141);
INSERT INTO ad_ad_tag_rel(ad_id, ad_tag_id) VALUES (42, 142);
INSERT INTO ad_ad_tag_rel(ad_id, ad_tag_id) VALUES (42, 143);
INSERT INTO ad_ad_tag_rel(ad_id, ad_tag_id) VALUES (42, 144);
INSERT INTO ad_ad_tag_rel(ad_id, ad_tag_id) VALUES (42, 145);
INSERT INTO ad_ad_tag_rel(ad_id, ad_tag_id) VALUES (43, 146);
INSERT INTO ad_ad_tag_rel(ad_id, ad_tag_id) VALUES (44, 147);
INSERT INTO ad_ad_tag_rel(ad_id, ad_tag_id) VALUES (44, 33);
INSERT INTO ad_ad_tag_rel(ad_id, ad_tag_id) VALUES (44, 148);
INSERT INTO ad_ad_tag_rel(ad_id, ad_tag_id) VALUES (44, 107);
INSERT INTO ad_ad_tag_rel(ad_id, ad_tag_id) VALUES (44, 149);
INSERT INTO ad_ad_tag_rel(ad_id, ad_tag_id) VALUES (45, 150);
INSERT INTO ad_ad_tag_rel(ad_id, ad_tag_id) VALUES (45, 12);
INSERT INTO ad_ad_tag_rel(ad_id, ad_tag_id) VALUES (46, 151);
INSERT INTO ad_ad_tag_rel(ad_id, ad_tag_id) VALUES (47, 57);
INSERT INTO ad_ad_tag_rel(ad_id, ad_tag_id) VALUES (47, 152);
INSERT INTO ad_ad_tag_rel(ad_id, ad_tag_id) VALUES (48, 153);
INSERT INTO ad_ad_tag_rel(ad_id, ad_tag_id) VALUES (48, 154);
INSERT INTO ad_ad_tag_rel(ad_id, ad_tag_id) VALUES (49, 155);
INSERT INTO ad_ad_tag_rel(ad_id, ad_tag_id) VALUES (49, 156);
INSERT INTO ad_ad_tag_rel(ad_id, ad_tag_id) VALUES (50, 29);
INSERT INTO ad_ad_tag_rel(ad_id, ad_tag_id) VALUES (50, 157);
INSERT INTO ad_ad_tag_rel(ad_id, ad_tag_id) VALUES (50, 158);
INSERT INTO ad_ad_tag_rel(ad_id, ad_tag_id) VALUES (50, 159);
INSERT INTO ad_ad_tag_rel(ad_id, ad_tag_id) VALUES (50, 160);
INSERT INTO ad_ad_tag_rel(ad_id, ad_tag_id) VALUES (50, 161);
INSERT INTO ad_ad_tag_rel(ad_id, ad_tag_id) VALUES (51, 86);
INSERT INTO ad_ad_tag_rel(ad_id, ad_tag_id) VALUES (51, 162);
INSERT INTO ad_ad_tag_rel(ad_id, ad_tag_id) VALUES (51, 163);
INSERT INTO ad_ad_tag_rel(ad_id, ad_tag_id) VALUES (52, 164);
INSERT INTO ad_ad_tag_rel(ad_id, ad_tag_id) VALUES (52, 165);
INSERT INTO ad_ad_tag_rel(ad_id, ad_tag_id) VALUES (52, 166);
INSERT INTO ad_ad_tag_rel(ad_id, ad_tag_id) VALUES (52, 167);
INSERT INTO ad_ad_tag_rel(ad_id, ad_tag_id) VALUES (52, 168);
INSERT INTO ad_ad_tag_rel(ad_id, ad_tag_id) VALUES (52, 156);
INSERT INTO ad_ad_tag_rel(ad_id, ad_tag_id) VALUES (52, 169);
INSERT INTO ad_ad_tag_rel(ad_id, ad_tag_id) VALUES (53, 170);
INSERT INTO ad_ad_tag_rel(ad_id, ad_tag_id) VALUES (53, 171);
INSERT INTO ad_ad_tag_rel(ad_id, ad_tag_id) VALUES (53, 172);
INSERT INTO ad_ad_tag_rel(ad_id, ad_tag_id) VALUES (53, 173);
INSERT INTO ad_ad_tag_rel(ad_id, ad_tag_id) VALUES (53, 174);
INSERT INTO ad_ad_tag_rel(ad_id, ad_tag_id) VALUES (54, 175);
INSERT INTO ad_ad_tag_rel(ad_id, ad_tag_id) VALUES (54, 176);
INSERT INTO ad_ad_tag_rel(ad_id, ad_tag_id) VALUES (54, 177);
INSERT INTO ad_ad_tag_rel(ad_id, ad_tag_id) VALUES (55, 178);
INSERT INTO ad_ad_tag_rel(ad_id, ad_tag_id) VALUES (55, 179);
INSERT INTO ad_ad_tag_rel(ad_id, ad_tag_id) VALUES (55, 180);
INSERT INTO ad_ad_tag_rel(ad_id, ad_tag_id) VALUES (55, 163);
INSERT INTO ad_ad_tag_rel(ad_id, ad_tag_id) VALUES (56, 181);
INSERT INTO ad_ad_tag_rel(ad_id, ad_tag_id) VALUES (56, 86);
INSERT INTO ad_ad_tag_rel(ad_id, ad_tag_id) VALUES (56, 182);
INSERT INTO ad_ad_tag_rel(ad_id, ad_tag_id) VALUES (56, 183);
INSERT INTO ad_ad_tag_rel(ad_id, ad_tag_id) VALUES (56, 184);
INSERT INTO ad_ad_tag_rel(ad_id, ad_tag_id) VALUES (56, 76);
INSERT INTO ad_ad_tag_rel(ad_id, ad_tag_id) VALUES (57, 185);
INSERT INTO ad_ad_tag_rel(ad_id, ad_tag_id) VALUES (57, 186);
INSERT INTO ad_ad_tag_rel(ad_id, ad_tag_id) VALUES (57, 187);
INSERT INTO ad_ad_tag_rel(ad_id, ad_tag_id) VALUES (57, 188);
INSERT INTO ad_ad_tag_rel(ad_id, ad_tag_id) VALUES (57, 189);
INSERT INTO ad_ad_tag_rel(ad_id, ad_tag_id) VALUES (57, 190);
INSERT INTO ad_ad_tag_rel(ad_id, ad_tag_id) VALUES (58, 50);
INSERT INTO ad_ad_tag_rel(ad_id, ad_tag_id) VALUES (58, 191);
INSERT INTO ad_ad_tag_rel(ad_id, ad_tag_id) VALUES (58, 192);
INSERT INTO ad_ad_tag_rel(ad_id, ad_tag_id) VALUES (58, 193);
INSERT INTO ad_ad_tag_rel(ad_id, ad_tag_id) VALUES (58, 194);
INSERT INTO ad_ad_tag_rel(ad_id, ad_tag_id) VALUES (59, 195);
INSERT INTO ad_ad_tag_rel(ad_id, ad_tag_id) VALUES (59, 196);
INSERT INTO ad_ad_tag_rel(ad_id, ad_tag_id) VALUES (59, 197);
INSERT INTO ad_ad_tag_rel(ad_id, ad_tag_id) VALUES (59, 148);
INSERT INTO ad_ad_tag_rel(ad_id, ad_tag_id) VALUES (59, 198);
INSERT INTO ad_ad_tag_rel(ad_id, ad_tag_id) VALUES (59, 199);
INSERT INTO ad_ad_tag_rel(ad_id, ad_tag_id) VALUES (59, 200);
INSERT INTO ad_ad_tag_rel(ad_id, ad_tag_id) VALUES (60, 139);
INSERT INTO ad_ad_tag_rel(ad_id, ad_tag_id) VALUES (60, 86);
INSERT INTO ad_ad_tag_rel(ad_id, ad_tag_id) VALUES (60, 201);
INSERT INTO ad_ad_tag_rel(ad_id, ad_tag_id) VALUES (60, 66);
INSERT INTO ad_ad_tag_rel(ad_id, ad_tag_id) VALUES (61, 202);
INSERT INTO ad_ad_tag_rel(ad_id, ad_tag_id) VALUES (61, 119);
INSERT INTO ad_ad_tag_rel(ad_id, ad_tag_id) VALUES (61, 203);
INSERT INTO ad_ad_tag_rel(ad_id, ad_tag_id) VALUES (61, 204);
INSERT INTO ad_ad_tag_rel(ad_id, ad_tag_id) VALUES (61, 205);
INSERT INTO ad_ad_tag_rel(ad_id, ad_tag_id) VALUES (61, 206);
INSERT INTO ad_ad_tag_rel(ad_id, ad_tag_id) VALUES (62, 207);
INSERT INTO ad_ad_tag_rel(ad_id, ad_tag_id) VALUES (62, 44);
INSERT INTO ad_ad_tag_rel(ad_id, ad_tag_id) VALUES (63, 208);
INSERT INTO ad_ad_tag_rel(ad_id, ad_tag_id) VALUES (63, 209);
INSERT INTO ad_ad_tag_rel(ad_id, ad_tag_id) VALUES (63, 62);
INSERT INTO ad_ad_tag_rel(ad_id, ad_tag_id) VALUES (63, 210);
INSERT INTO ad_ad_tag_rel(ad_id, ad_tag_id) VALUES (63, 211);
INSERT INTO ad_ad_tag_rel(ad_id, ad_tag_id) VALUES (64, 212);
INSERT INTO ad_ad_tag_rel(ad_id, ad_tag_id) VALUES (65, 213);
INSERT INTO ad_ad_tag_rel(ad_id, ad_tag_id) VALUES (65, 214);
INSERT INTO ad_ad_tag_rel(ad_id, ad_tag_id) VALUES (65, 83);
INSERT INTO ad_ad_tag_rel(ad_id, ad_tag_id) VALUES (65, 215);
INSERT INTO ad_ad_tag_rel(ad_id, ad_tag_id) VALUES (65, 5);
INSERT INTO ad_ad_tag_rel(ad_id, ad_tag_id) VALUES (65, 216);
INSERT INTO ad_ad_tag_rel(ad_id, ad_tag_id) VALUES (65, 217);
INSERT INTO ad_ad_tag_rel(ad_id, ad_tag_id) VALUES (65, 36);
INSERT INTO ad_ad_tag_rel(ad_id, ad_tag_id) VALUES (65, 218);
INSERT INTO ad_ad_tag_rel(ad_id, ad_tag_id) VALUES (65, 96);
INSERT INTO ad_ad_tag_rel(ad_id, ad_tag_id) VALUES (66, 17);
INSERT INTO ad_ad_tag_rel(ad_id, ad_tag_id) VALUES (67, 219);
INSERT INTO ad_ad_tag_rel(ad_id, ad_tag_id) VALUES (67, 220);
INSERT INTO ad_ad_tag_rel(ad_id, ad_tag_id) VALUES (67, 130);
INSERT INTO ad_ad_tag_rel(ad_id, ad_tag_id) VALUES (67, 50);
INSERT INTO ad_ad_tag_rel(ad_id, ad_tag_id) VALUES (68, 221);
INSERT INTO ad_ad_tag_rel(ad_id, ad_tag_id) VALUES (68, 222);
INSERT INTO ad_ad_tag_rel(ad_id, ad_tag_id) VALUES (68, 96);
INSERT INTO ad_ad_tag_rel(ad_id, ad_tag_id) VALUES (68, 223);
INSERT INTO ad_ad_tag_rel(ad_id, ad_tag_id) VALUES (68, 224);
INSERT INTO ad_ad_tag_rel(ad_id, ad_tag_id) VALUES (68, 225);
INSERT INTO ad_ad_tag_rel(ad_id, ad_tag_id) VALUES (69, 226);
INSERT INTO ad_ad_tag_rel(ad_id, ad_tag_id) VALUES (69, 227);
INSERT INTO ad_ad_tag_rel(ad_id, ad_tag_id) VALUES (69, 228);
INSERT INTO ad_ad_tag_rel(ad_id, ad_tag_id) VALUES (69, 179);
INSERT INTO ad_ad_tag_rel(ad_id, ad_tag_id) VALUES (69, 229);
INSERT INTO ad_ad_tag_rel(ad_id, ad_tag_id) VALUES (70, 230);
INSERT INTO ad_ad_tag_rel(ad_id, ad_tag_id) VALUES (70, 231);
INSERT INTO ad_ad_tag_rel(ad_id, ad_tag_id) VALUES (70, 100);
INSERT INTO ad_ad_tag_rel(ad_id, ad_tag_id) VALUES (70, 232);
INSERT INTO ad_ad_tag_rel(ad_id, ad_tag_id) VALUES (70, 233);
INSERT INTO ad_ad_tag_rel(ad_id, ad_tag_id) VALUES (70, 102);
INSERT INTO ad_ad_tag_rel(ad_id, ad_tag_id) VALUES (70, 234);
INSERT INTO ad_ad_tag_rel(ad_id, ad_tag_id) VALUES (71, 235);
INSERT INTO ad_ad_tag_rel(ad_id, ad_tag_id) VALUES (72, 236);
INSERT INTO ad_ad_tag_rel(ad_id, ad_tag_id) VALUES (72, 237);
INSERT INTO ad_ad_tag_rel(ad_id, ad_tag_id) VALUES (72, 238);
INSERT INTO ad_ad_tag_rel(ad_id, ad_tag_id) VALUES (72, 239);
INSERT INTO ad_ad_tag_rel(ad_id, ad_tag_id) VALUES (72, 240);
INSERT INTO ad_ad_tag_rel(ad_id, ad_tag_id) VALUES (72, 241);
INSERT INTO ad_ad_tag_rel(ad_id, ad_tag_id) VALUES (72, 130);
INSERT INTO ad_ad_tag_rel(ad_id, ad_tag_id) VALUES (72, 148);
INSERT INTO ad_ad_tag_rel(ad_id, ad_tag_id) VALUES (72, 242);
INSERT INTO ad_ad_tag_rel(ad_id, ad_tag_id) VALUES (72, 243);
INSERT INTO ad_ad_tag_rel(ad_id, ad_tag_id) VALUES (73, 244);
INSERT INTO ad_ad_tag_rel(ad_id, ad_tag_id) VALUES (73, 245);
INSERT INTO ad_ad_tag_rel(ad_id, ad_tag_id) VALUES (73, 246);
INSERT INTO ad_ad_tag_rel(ad_id, ad_tag_id) VALUES (73, 211);
INSERT INTO ad_ad_tag_rel(ad_id, ad_tag_id) VALUES (74, 247);
INSERT INTO ad_ad_tag_rel(ad_id, ad_tag_id) VALUES (74, 248);
INSERT INTO ad_ad_tag_rel(ad_id, ad_tag_id) VALUES (74, 249);
INSERT INTO ad_ad_tag_rel(ad_id, ad_tag_id) VALUES (74, 9);
INSERT INTO ad_ad_tag_rel(ad_id, ad_tag_id) VALUES (74, 250);
INSERT INTO ad_ad_tag_rel(ad_id, ad_tag_id) VALUES (75, 251);
INSERT INTO ad_ad_tag_rel(ad_id, ad_tag_id) VALUES (75, 151);
INSERT INTO ad_ad_tag_rel(ad_id, ad_tag_id) VALUES (75, 252);
INSERT INTO ad_ad_tag_rel(ad_id, ad_tag_id) VALUES (75, 253);
INSERT INTO ad_ad_tag_rel(ad_id, ad_tag_id) VALUES (75, 254);
INSERT INTO ad_ad_tag_rel(ad_id, ad_tag_id) VALUES (76, 255);
INSERT INTO ad_ad_tag_rel(ad_id, ad_tag_id) VALUES (76, 256);
INSERT INTO ad_ad_tag_rel(ad_id, ad_tag_id) VALUES (76, 257);
INSERT INTO ad_ad_tag_rel(ad_id, ad_tag_id) VALUES (76, 258);
INSERT INTO ad_ad_tag_rel(ad_id, ad_tag_id) VALUES (76, 144);
INSERT INTO ad_ad_tag_rel(ad_id, ad_tag_id) VALUES (76, 33);
INSERT INTO ad_ad_tag_rel(ad_id, ad_tag_id) VALUES (76, 259);
INSERT INTO ad_ad_tag_rel(ad_id, ad_tag_id) VALUES (76, 260);
INSERT INTO ad_ad_tag_rel(ad_id, ad_tag_id) VALUES (77, 46);
INSERT INTO ad_ad_tag_rel(ad_id, ad_tag_id) VALUES (77, 261);
INSERT INTO ad_ad_tag_rel(ad_id, ad_tag_id) VALUES (77, 262);
INSERT INTO ad_ad_tag_rel(ad_id, ad_tag_id) VALUES (77, 263);
INSERT INTO ad_ad_tag_rel(ad_id, ad_tag_id) VALUES (77, 264);
INSERT INTO ad_ad_tag_rel(ad_id, ad_tag_id) VALUES (77, 216);
INSERT INTO ad_ad_tag_rel(ad_id, ad_tag_id) VALUES (77, 265);
INSERT INTO ad_ad_tag_rel(ad_id, ad_tag_id) VALUES (77, 62);
INSERT INTO ad_ad_tag_rel(ad_id, ad_tag_id) VALUES (78, 73);
INSERT INTO ad_ad_tag_rel(ad_id, ad_tag_id) VALUES (78, 41);
INSERT INTO ad_ad_tag_rel(ad_id, ad_tag_id) VALUES (78, 266);
INSERT INTO ad_ad_tag_rel(ad_id, ad_tag_id) VALUES (78, 51);
INSERT INTO ad_ad_tag_rel(ad_id, ad_tag_id) VALUES (78, 267);
INSERT INTO ad_ad_tag_rel(ad_id, ad_tag_id) VALUES (78, 268);
INSERT INTO ad_ad_tag_rel(ad_id, ad_tag_id) VALUES (78, 269);
INSERT INTO ad_ad_tag_rel(ad_id, ad_tag_id) VALUES (79, 270);
INSERT INTO ad_ad_tag_rel(ad_id, ad_tag_id) VALUES (79, 271);
INSERT INTO ad_ad_tag_rel(ad_id, ad_tag_id) VALUES (79, 66);
INSERT INTO ad_ad_tag_rel(ad_id, ad_tag_id) VALUES (79, 272);
INSERT INTO ad_ad_tag_rel(ad_id, ad_tag_id) VALUES (79, 273);
INSERT INTO ad_ad_tag_rel(ad_id, ad_tag_id) VALUES (79, 274);
INSERT INTO ad_ad_tag_rel(ad_id, ad_tag_id) VALUES (80, 36);
INSERT INTO ad_ad_tag_rel(ad_id, ad_tag_id) VALUES (80, 275);
INSERT INTO ad_ad_tag_rel(ad_id, ad_tag_id) VALUES (80, 276);
INSERT INTO ad_ad_tag_rel(ad_id, ad_tag_id) VALUES (80, 277);
INSERT INTO ad_ad_tag_rel(ad_id, ad_tag_id) VALUES (81, 278);
INSERT INTO ad_ad_tag_rel(ad_id, ad_tag_id) VALUES (81, 279);
INSERT INTO ad_ad_tag_rel(ad_id, ad_tag_id) VALUES (81, 280);
INSERT INTO ad_ad_tag_rel(ad_id, ad_tag_id) VALUES (81, 169);
INSERT INTO ad_ad_tag_rel(ad_id, ad_tag_id) VALUES (81, 281);
INSERT INTO ad_ad_tag_rel(ad_id, ad_tag_id) VALUES (82, 282);
INSERT INTO ad_ad_tag_rel(ad_id, ad_tag_id) VALUES (82, 283);
INSERT INTO ad_ad_tag_rel(ad_id, ad_tag_id) VALUES (82, 284);
INSERT INTO ad_ad_tag_rel(ad_id, ad_tag_id) VALUES (82, 285);
INSERT INTO ad_ad_tag_rel(ad_id, ad_tag_id) VALUES (82, 286);
INSERT INTO ad_ad_tag_rel(ad_id, ad_tag_id) VALUES (82, 287);
INSERT INTO ad_ad_tag_rel(ad_id, ad_tag_id) VALUES (83, 288);
INSERT INTO ad_ad_tag_rel(ad_id, ad_tag_id) VALUES (84, 46);
INSERT INTO ad_ad_tag_rel(ad_id, ad_tag_id) VALUES (85, 289);
INSERT INTO ad_ad_tag_rel(ad_id, ad_tag_id) VALUES (85, 290);
INSERT INTO ad_ad_tag_rel(ad_id, ad_tag_id) VALUES (86, 291);
INSERT INTO ad_ad_tag_rel(ad_id, ad_tag_id) VALUES (86, 292);
INSERT INTO ad_ad_tag_rel(ad_id, ad_tag_id) VALUES (86, 293);
INSERT INTO ad_ad_tag_rel(ad_id, ad_tag_id) VALUES (86, 294);
INSERT INTO ad_ad_tag_rel(ad_id, ad_tag_id) VALUES (86, 295);
INSERT INTO ad_ad_tag_rel(ad_id, ad_tag_id) VALUES (86, 296);
INSERT INTO ad_ad_tag_rel(ad_id, ad_tag_id) VALUES (86, 297);
INSERT INTO ad_ad_tag_rel(ad_id, ad_tag_id) VALUES (87, 99);
INSERT INTO ad_ad_tag_rel(ad_id, ad_tag_id) VALUES (87, 298);
INSERT INTO ad_ad_tag_rel(ad_id, ad_tag_id) VALUES (87, 299);
INSERT INTO ad_ad_tag_rel(ad_id, ad_tag_id) VALUES (87, 66);
INSERT INTO ad_ad_tag_rel(ad_id, ad_tag_id) VALUES (88, 300);
INSERT INTO ad_ad_tag_rel(ad_id, ad_tag_id) VALUES (88, 301);
INSERT INTO ad_ad_tag_rel(ad_id, ad_tag_id) VALUES (88, 302);
INSERT INTO ad_ad_tag_rel(ad_id, ad_tag_id) VALUES (89, 303);
INSERT INTO ad_ad_tag_rel(ad_id, ad_tag_id) VALUES (89, 304);
INSERT INTO ad_ad_tag_rel(ad_id, ad_tag_id) VALUES (89, 305);
INSERT INTO ad_ad_tag_rel(ad_id, ad_tag_id) VALUES (89, 306);
INSERT INTO ad_ad_tag_rel(ad_id, ad_tag_id) VALUES (89, 307);
INSERT INTO ad_ad_tag_rel(ad_id, ad_tag_id) VALUES (89, 308);
INSERT INTO ad_ad_tag_rel(ad_id, ad_tag_id) VALUES (89, 309);
INSERT INTO ad_ad_tag_rel(ad_id, ad_tag_id) VALUES (89, 310);
INSERT INTO ad_ad_tag_rel(ad_id, ad_tag_id) VALUES (89, 311);
INSERT INTO ad_ad_tag_rel(ad_id, ad_tag_id) VALUES (89, 193);
INSERT INTO ad_ad_tag_rel(ad_id, ad_tag_id) VALUES (90, 312);
INSERT INTO ad_ad_tag_rel(ad_id, ad_tag_id) VALUES (91, 313);
INSERT INTO ad_ad_tag_rel(ad_id, ad_tag_id) VALUES (91, 58);
INSERT INTO ad_ad_tag_rel(ad_id, ad_tag_id) VALUES (91, 314);
INSERT INTO ad_ad_tag_rel(ad_id, ad_tag_id) VALUES (91, 315);
INSERT INTO ad_ad_tag_rel(ad_id, ad_tag_id) VALUES (91, 316);
INSERT INTO ad_ad_tag_rel(ad_id, ad_tag_id) VALUES (91, 317);
INSERT INTO ad_ad_tag_rel(ad_id, ad_tag_id) VALUES (91, 318);
INSERT INTO ad_ad_tag_rel(ad_id, ad_tag_id) VALUES (91, 319);
INSERT INTO ad_ad_tag_rel(ad_id, ad_tag_id) VALUES (92, 320);
INSERT INTO ad_ad_tag_rel(ad_id, ad_tag_id) VALUES (92, 321);
INSERT INTO ad_ad_tag_rel(ad_id, ad_tag_id) VALUES (92, 322);
INSERT INTO ad_ad_tag_rel(ad_id, ad_tag_id) VALUES (93, 323);
INSERT INTO ad_ad_tag_rel(ad_id, ad_tag_id) VALUES (93, 151);
INSERT INTO ad_ad_tag_rel(ad_id, ad_tag_id) VALUES (93, 28);
INSERT INTO ad_ad_tag_rel(ad_id, ad_tag_id) VALUES (93, 195);
INSERT INTO ad_ad_tag_rel(ad_id, ad_tag_id) VALUES (94, 324);
INSERT INTO ad_ad_tag_rel(ad_id, ad_tag_id) VALUES (94, 325);
INSERT INTO ad_ad_tag_rel(ad_id, ad_tag_id) VALUES (95, 2);
INSERT INTO ad_ad_tag_rel(ad_id, ad_tag_id) VALUES (95, 326);
INSERT INTO ad_ad_tag_rel(ad_id, ad_tag_id) VALUES (95, 327);
INSERT INTO ad_ad_tag_rel(ad_id, ad_tag_id) VALUES (95, 328);
INSERT INTO ad_ad_tag_rel(ad_id, ad_tag_id) VALUES (95, 329);
INSERT INTO ad_ad_tag_rel(ad_id, ad_tag_id) VALUES (95, 330);
INSERT INTO ad_ad_tag_rel(ad_id, ad_tag_id) VALUES (96, 83);
INSERT INTO ad_ad_tag_rel(ad_id, ad_tag_id) VALUES (96, 331);
INSERT INTO ad_ad_tag_rel(ad_id, ad_tag_id) VALUES (96, 332);
INSERT INTO ad_ad_tag_rel(ad_id, ad_tag_id) VALUES (96, 333);
INSERT INTO ad_ad_tag_rel(ad_id, ad_tag_id) VALUES (96, 334);
INSERT INTO ad_ad_tag_rel(ad_id, ad_tag_id) VALUES (97, 335);
INSERT INTO ad_ad_tag_rel(ad_id, ad_tag_id) VALUES (97, 336);
INSERT INTO ad_ad_tag_rel(ad_id, ad_tag_id) VALUES (97, 337);
INSERT INTO ad_ad_tag_rel(ad_id, ad_tag_id) VALUES (97, 172);
INSERT INTO ad_ad_tag_rel(ad_id, ad_tag_id) VALUES (97, 338);
INSERT INTO ad_ad_tag_rel(ad_id, ad_tag_id) VALUES (97, 96);
INSERT INTO ad_ad_tag_rel(ad_id, ad_tag_id) VALUES (97, 55);
INSERT INTO ad_ad_tag_rel(ad_id, ad_tag_id) VALUES (97, 339);
INSERT INTO ad_ad_tag_rel(ad_id, ad_tag_id) VALUES (97, 44);
INSERT INTO ad_ad_tag_rel(ad_id, ad_tag_id) VALUES (97, 340);
INSERT INTO ad_ad_tag_rel(ad_id, ad_tag_id) VALUES (98, 341);
INSERT INTO ad_ad_tag_rel(ad_id, ad_tag_id) VALUES (98, 342);
INSERT INTO ad_ad_tag_rel(ad_id, ad_tag_id) VALUES (98, 343);
INSERT INTO ad_ad_tag_rel(ad_id, ad_tag_id) VALUES (98, 344);
INSERT INTO ad_ad_tag_rel(ad_id, ad_tag_id) VALUES (98, 91);
INSERT INTO ad_ad_tag_rel(ad_id, ad_tag_id) VALUES (98, 156);
INSERT INTO ad_ad_tag_rel(ad_id, ad_tag_id) VALUES (98, 345);
INSERT INTO ad_ad_tag_rel(ad_id, ad_tag_id) VALUES (98, 346);
INSERT INTO ad_ad_tag_rel(ad_id, ad_tag_id) VALUES (98, 347);
INSERT INTO ad_ad_tag_rel(ad_id, ad_tag_id) VALUES (98, 348);
INSERT INTO ad_ad_tag_rel(ad_id, ad_tag_id) VALUES (99, 349);
INSERT INTO ad_ad_tag_rel(ad_id, ad_tag_id) VALUES (99, 350);
INSERT INTO ad_ad_tag_rel(ad_id, ad_tag_id) VALUES (99, 351);
INSERT INTO ad_ad_tag_rel(ad_id, ad_tag_id) VALUES (99, 86);
INSERT INTO ad_ad_tag_rel(ad_id, ad_tag_id) VALUES (100, 352);
INSERT INTO ad_ad_tag_rel(ad_id, ad_tag_id) VALUES (100, 323);